# data last user frame
00 0 0 1
0A 0 0 1
35 0 0 1
01 0 0 1
02 0 0 1
03 0 0 1
DE 0 0 1
AD 0 0 1
BE 0 0 1
EF 0 0 1
00 0 0 1
01 0 0 1
08 0 0 1
00 0 0 1
01 0 0 1
00 0 0 1
00 0 0 1
00 0 0 1
00 0 0 1
00 0 0 1
00 0 0 1
00 0 0 1
00 0 0 1
00 0 0 1
00 0 0 1
00 0 0 1
00 0 0 1
00 0 0 1
00 0 0 1
00 0 0 1
00 0 0 1
00 0 0 1
00 0 0 1
00 0 0 1
00 0 0 1
00 0 0 1
00 0 0 1
00 0 0 1
00 0 0 1
00 0 0 1
00 0 0 1
00 0 0 1
00 0 0 1
00 0 0 1
00 0 0 1
00 0 0 1
00 0 0 1
00 0 0 1
00 0 0 1
00 0 0 1
00 0 0 1
00 0 0 1
00 0 0 1
00 0 0 1
00 0 0 1
00 0 0 1
00 0 0 1
00 0 0 1
00 0 0 1
00 1 1 1
01 0 0 2
0A 0 0 2
35 0 0 2
01 0 0 2
02 0 0 2
03 0 0 2
DE 0 0 2
AD 0 0 2
BE 0 0 2
EF 0 0 2
00 0 0 2
01 0 0 2
08 0 0 2
00 0 0 2
02 0 0 2
03 0 0 2
04 0 0 2
05 0 0 2
06 0 0 2
07 0 0 2
08 0 0 2
09 0 0 2
0A 0 0 2
0B 0 0 2
0C 0 0 2
0D 0 0 2
0E 0 0 2
0F 0 0 2
10 0 0 2
11 0 0 2
12 0 0 2
13 0 0 2
14 0 0 2
15 0 0 2
16 0 0 2
17 0 0 2
18 0 0 2
19 0 0 2
1A 0 0 2
1B 0 0 2
1C 0 0 2
1D 0 0 2
1E 0 0 2
1F 0 0 2
20 0 0 2
21 0 0 2
22 0 0 2
23 0 0 2
24 0 0 2
25 0 0 2
26 0 0 2
27 0 0 2
28 0 0 2
29 0 0 2
2A 0 0 2
2B 0 0 2
2C 0 0 2
2D 0 0 2
2E 0 0 2
00 1 0 2
00 0 0 3
0A 0 0 3
35 0 0 3
01 0 0 3
02 0 0 3
03 0 0 3
DE 0 0 3
AD 0 0 3
BE 0 0 3
EF 0 0 3
00 0 0 3
01 0 0 3
08 0 0 3
00 0 0 3
03 0 0 3
04 0 0 3
05 0 0 3
06 0 0 3
07 0 0 3
08 0 0 3
09 0 0 3
0A 0 0 3
0B 0 0 3
0C 0 0 3
0D 0 0 3
0E 0 0 3
0F 0 0 3
10 0 0 3
11 0 0 3
12 0 0 3
13 0 0 3
14 0 0 3
15 0 0 3
16 0 0 3
17 0 0 3
18 0 0 3
19 0 0 3
1A 0 0 3
1B 0 0 3
1C 0 0 3
1D 0 0 3
1E 0 0 3
1F 0 0 3
20 0 0 3
21 0 0 3
22 0 0 3
23 0 0 3
24 0 0 3
25 0 0 3
26 0 0 3
27 0 0 3
28 0 0 3
29 0 0 3
2A 0 0 3
2B 0 0 3
2C 0 0 3
2D 0 0 3
2E 0 0 3
2F 0 0 3
30 1 1 3
00 0 0 4
0A 0 0 4
35 0 0 4
01 0 0 4
02 0 0 4
03 0 0 4
DE 0 0 4
AD 0 0 4
BE 0 0 4
EF 0 0 4
00 0 0 4
01 0 0 4
08 0 0 4
00 0 0 4
04 1 0 4
00 0 0 5
0A 0 0 5
35 0 0 5
01 0 0 5
02 0 0 5
03 0 0 5
DE 0 0 5
AD 0 0 5
BE 0 0 5
EF 0 0 5
00 0 0 5
01 0 0 5
08 0 0 5
00 0 0 5
05 0 0 5
06 0 0 5
07 0 0 5
08 0 0 5
09 0 0 5
0A 0 0 5
0B 0 0 5
0C 0 0 5
0D 0 0 5
0E 0 0 5
0F 0 0 5
10 0 0 5
11 0 0 5
12 0 0 5
13 0 0 5
14 0 0 5
15 0 0 5
16 0 0 5
17 0 0 5
18 0 0 5
19 0 0 5
1A 0 0 5
1B 0 0 5
1C 0 0 5
1D 0 0 5
1E 0 0 5
1F 0 0 5
20 0 0 5
21 0 0 5
22 0 0 5
23 0 0 5
24 0 0 5
25 0 0 5
26 0 0 5
27 0 0 5
28 0 0 5
29 0 0 5
2A 0 0 5
2B 0 0 5
2C 0 0 5
2D 0 0 5
2E 0 0 5
2F 0 0 5
30 0 0 5
31 0 0 5
32 0 0 5
33 0 0 5
34 0 0 5
35 0 0 5
36 0 0 5
37 0 0 5
38 0 0 5
39 0 0 5
3A 0 0 5
3B 0 0 5
3C 0 0 5
3D 0 0 5
3E 0 0 5
3F 0 0 5
40 0 0 5
41 0 0 5
42 0 0 5
43 1 1 5
00 0 0 6
0A 0 0 6
35 0 0 6
01 0 0 6
02 0 0 6
03 0 0 6
DE 0 0 6
AD 0 0 6
BE 0 0 6
EF 0 0 6
00 0 0 6
01 0 0 6
08 0 0 6
00 0 0 6
06 0 0 6
07 0 0 6
08 0 0 6
09 0 0 6
0A 0 0 6
0B 0 0 6
0C 0 0 6
0D 0 0 6
0E 0 0 6
0F 0 0 6
10 0 0 6
11 0 0 6
12 0 0 6
13 0 0 6
14 0 0 6
15 0 0 6
16 0 0 6
17 0 0 6
18 0 0 6
19 0 0 6
1A 0 0 6
1B 0 0 6
1C 0 0 6
1D 0 0 6
1E 0 0 6
1F 0 0 6
20 0 0 6
21 0 0 6
22 0 0 6
23 0 0 6
24 0 0 6
25 0 0 6
26 0 0 6
27 0 0 6
28 0 0 6
29 0 0 6
2A 0 0 6
2B 0 0 6
2C 0 0 6
2D 0 0 6
2E 0 0 6
2F 0 0 6
30 0 0 6
31 0 0 6
32 0 0 6
33 0 0 6
34 0 0 6
35 0 0 6
36 0 0 6
37 0 0 6
38 0 0 6
39 0 0 6
3A 0 0 6
3B 0 0 6
3C 0 0 6
3D 0 0 6
3E 0 0 6
3F 0 0 6
40 0 0 6
41 0 0 6
42 0 0 6
43 0 0 6
44 0 0 6
45 1 0 6
00 0 0 7
0A 0 0 7
35 0 0 7
01 0 0 7
02 0 0 7
03 0 0 7
DE 0 0 7
AD 0 0 7
BE 0 0 7
EF 0 0 7
00 0 0 7
01 0 0 7
08 0 0 7
00 0 0 7
07 0 0 7
08 0 0 7
09 0 0 7
0A 0 0 7
0B 0 0 7
0C 0 0 7
0D 0 0 7
0E 0 0 7
0F 0 0 7
10 0 0 7
11 0 0 7
12 0 0 7
13 0 0 7
14 0 0 7
15 0 0 7
16 0 0 7
17 0 0 7
18 0 0 7
19 0 0 7
1A 0 0 7
1B 0 0 7
1C 0 0 7
1D 0 0 7
1E 0 0 7
1F 0 0 7
20 0 0 7
21 0 0 7
22 0 0 7
23 0 0 7
24 0 0 7
25 0 0 7
26 0 0 7
27 0 0 7
28 0 0 7
29 0 0 7
2A 0 0 7
2B 0 0 7
2C 0 0 7
2D 0 0 7
2E 0 0 7
2F 0 0 7
30 0 0 7
31 0 0 7
32 0 0 7
33 0 0 7
34 0 0 7
35 0 0 7
36 0 0 7
37 0 0 7
38 0 0 7
39 0 0 7
3A 0 0 7
3B 0 0 7
3C 0 0 7
3D 0 0 7
3E 0 0 7
3F 0 0 7
40 0 0 7
41 0 0 7
42 0 0 7
43 0 0 7
44 0 0 7
45 0 0 7
46 0 0 7
47 1 1 7
00 0 0 8
0A 0 0 8
35 0 0 8
01 0 0 8
02 0 0 8
03 0 0 8
DE 0 0 8
AD 0 0 8
BE 0 0 8
EF 0 0 8
00 0 0 8
01 0 0 8
08 0 0 8
00 0 0 8
08 0 0 8
09 0 0 8
0A 0 0 8
0B 0 0 8
0C 0 0 8
0D 0 0 8
0E 0 0 8
0F 0 0 8
10 0 0 8
11 0 0 8
12 0 0 8
13 0 0 8
14 0 0 8
15 0 0 8
16 0 0 8
17 0 0 8
18 0 0 8
19 0 0 8
1A 0 0 8
1B 0 0 8
1C 0 0 8
1D 0 0 8
1E 0 0 8
1F 0 0 8
20 0 0 8
21 0 0 8
22 0 0 8
23 0 0 8
24 0 0 8
25 0 0 8
26 0 0 8
27 0 0 8
28 0 0 8
29 0 0 8
2A 0 0 8
2B 0 0 8
2C 0 0 8
2D 0 0 8
2E 0 0 8
2F 0 0 8
30 0 0 8
31 0 0 8
32 0 0 8
33 0 0 8
34 0 0 8
35 0 0 8
36 0 0 8
37 0 0 8
38 0 0 8
39 0 0 8
3A 0 0 8
3B 0 0 8
3C 0 0 8
3D 0 0 8
3E 0 0 8
3F 0 0 8
40 0 0 8
41 0 0 8
42 0 0 8
43 0 0 8
44 0 0 8
45 0 0 8
46 0 0 8
47 0 0 8
48 0 0 8
49 0 0 8
4A 0 0 8
4B 0 0 8
4C 0 0 8
4D 0 0 8
4E 0 0 8
4F 0 0 8
50 0 0 8
51 0 0 8
52 0 0 8
53 0 0 8
54 0 0 8
55 0 0 8
56 0 0 8
57 0 0 8
58 0 0 8
59 0 0 8
5A 0 0 8
5B 0 0 8
5C 0 0 8
5D 0 0 8
5E 0 0 8
5F 0 0 8
60 0 0 8
61 0 0 8
62 0 0 8
63 0 0 8
64 0 0 8
65 0 0 8
66 0 0 8
67 0 0 8
68 0 0 8
69 0 0 8
6A 0 0 8
6B 0 0 8
27 0 0 8
91 0 0 8
A0 0 0 8
6D 0 0 8
00 0 0 8
01 0 0 8
02 0 0 8
03 0 0 8
04 0 0 8
05 0 0 8
06 0 0 8
07 0 0 8
08 0 0 8
09 0 0 8
0A 0 0 8
0B 0 0 8
0C 0 0 8
0D 0 0 8
0E 0 0 8
0F 0 0 8
10 0 0 8
11 0 0 8
12 0 0 8
13 0 0 8
14 0 0 8
15 0 0 8
16 0 0 8
17 0 0 8
18 0 0 8
19 0 0 8
1A 0 0 8
1B 0 0 8
1C 0 0 8
1D 0 0 8
1E 0 0 8
1F 0 0 8
20 0 0 8
21 0 0 8
22 0 0 8
23 0 0 8
24 0 0 8
25 0 0 8
26 0 0 8
27 0 0 8
28 0 0 8
29 0 0 8
2A 0 0 8
2B 0 0 8
2C 0 0 8
2D 0 0 8
2E 0 0 8
2F 0 0 8
30 0 0 8
31 0 0 8
32 0 0 8
33 0 0 8
34 0 0 8
35 0 0 8
36 0 0 8
37 0 0 8
38 0 0 8
39 0 0 8
3A 0 0 8
3B 0 0 8
3C 0 0 8
3D 0 0 8
3E 0 0 8
3F 0 0 8
40 0 0 8
41 0 0 8
42 0 0 8
43 0 0 8
44 0 0 8
45 0 0 8
46 0 0 8
47 0 0 8
48 0 0 8
49 0 0 8
4A 0 0 8
4B 0 0 8
4C 0 0 8
4D 0 0 8
4E 0 0 8
4F 0 0 8
50 0 0 8
51 0 0 8
52 0 0 8
53 0 0 8
54 0 0 8
55 0 0 8
56 0 0 8
57 0 0 8
58 0 0 8
59 0 0 8
5A 0 0 8
5B 0 0 8
5C 0 0 8
5D 0 0 8
5E 0 0 8
5F 0 0 8
60 0 0 8
61 0 0 8
62 0 0 8
63 0 0 8
64 0 0 8
65 0 0 8
66 0 0 8
67 0 0 8
68 0 0 8
69 0 0 8
6A 0 0 8
6B 0 0 8
6C 0 0 8
6D 0 0 8
6E 0 0 8
6F 0 0 8
70 0 0 8
71 0 0 8
72 0 0 8
73 0 0 8
74 0 0 8
75 0 0 8
76 0 0 8
77 0 0 8
78 0 0 8
79 0 0 8
7A 0 0 8
7B 0 0 8
7C 0 0 8
7D 0 0 8
7E 0 0 8
7F 0 0 8
80 0 0 8
81 0 0 8
82 0 0 8
83 0 0 8
84 0 0 8
85 0 0 8
86 0 0 8
87 0 0 8
88 0 0 8
89 0 0 8
8A 0 0 8
8B 0 0 8
8C 0 0 8
8D 0 0 8
8E 0 0 8
8F 0 0 8
90 0 0 8
91 0 0 8
92 0 0 8
93 0 0 8
94 0 0 8
95 0 0 8
96 0 0 8
97 0 0 8
98 0 0 8
99 0 0 8
9A 0 0 8
9B 0 0 8
9C 0 0 8
9D 0 0 8
9E 0 0 8
9F 0 0 8
A0 0 0 8
A1 0 0 8
A2 0 0 8
A3 0 0 8
A4 0 0 8
A5 0 0 8
A6 0 0 8
A7 0 0 8
A8 0 0 8
A9 0 0 8
AA 0 0 8
AB 0 0 8
AC 0 0 8
AD 0 0 8
AE 0 0 8
AF 0 0 8
B0 0 0 8
B1 0 0 8
B2 0 0 8
B3 0 0 8
B4 0 0 8
B5 0 0 8
B6 0 0 8
B7 0 0 8
B8 0 0 8
B9 0 0 8
BA 0 0 8
BB 0 0 8
BC 0 0 8
BD 0 0 8
BE 0 0 8
BF 0 0 8
C0 0 0 8
C1 0 0 8
C2 0 0 8
C3 0 0 8
C4 0 0 8
C5 0 0 8
C6 0 0 8
C7 0 0 8
C8 0 0 8
C9 0 0 8
CA 0 0 8
CB 0 0 8
CC 0 0 8
CD 0 0 8
CE 0 0 8
CF 0 0 8
D0 0 0 8
D1 0 0 8
D2 0 0 8
D3 0 0 8
D4 0 0 8
D5 0 0 8
D6 0 0 8
D7 0 0 8
D8 0 0 8
D9 0 0 8
DA 0 0 8
DB 0 0 8
DC 0 0 8
DD 0 0 8
DE 0 0 8
DF 0 0 8
E0 0 0 8
E1 0 0 8
E2 0 0 8
E3 0 0 8
E4 0 0 8
E5 0 0 8
E6 0 0 8
E7 0 0 8
E8 0 0 8
E9 0 0 8
EA 0 0 8
EB 0 0 8
EC 0 0 8
ED 0 0 8
EE 0 0 8
EF 0 0 8
F0 0 0 8
F1 0 0 8
F2 0 0 8
F3 0 0 8
F4 0 0 8
F5 0 0 8
F6 0 0 8
F7 0 0 8
F8 0 0 8
F9 0 0 8
FA 0 0 8
FB 0 0 8
FC 0 0 8
FD 0 0 8
FE 0 0 8
FF 0 0 8
00 0 0 8
01 0 0 8
02 0 0 8
03 0 0 8
04 0 0 8
05 0 0 8
06 0 0 8
07 0 0 8
08 0 0 8
09 0 0 8
0A 0 0 8
0B 0 0 8
0C 0 0 8
0D 0 0 8
0E 0 0 8
0F 0 0 8
10 0 0 8
11 0 0 8
12 0 0 8
13 0 0 8
14 0 0 8
15 0 0 8
16 0 0 8
17 0 0 8
18 0 0 8
19 0 0 8
1A 0 0 8
1B 0 0 8
1C 0 0 8
1D 0 0 8
1E 0 0 8
1F 0 0 8
20 0 0 8
21 0 0 8
22 0 0 8
23 0 0 8
24 0 0 8
25 0 0 8
26 0 0 8
27 0 0 8
28 0 0 8
29 0 0 8
2A 0 0 8
2B 0 0 8
2C 0 0 8
2D 0 0 8
2E 0 0 8
2F 0 0 8
30 0 0 8
31 0 0 8
32 0 0 8
33 0 0 8
34 0 0 8
35 0 0 8
36 0 0 8
37 0 0 8
38 0 0 8
39 0 0 8
3A 0 0 8
3B 0 0 8
3C 0 0 8
3D 0 0 8
3E 0 0 8
3F 0 0 8
40 0 0 8
41 0 0 8
42 0 0 8
43 0 0 8
44 0 0 8
45 0 0 8
46 0 0 8
47 0 0 8
48 0 0 8
49 0 0 8
4A 0 0 8
4B 0 0 8
4C 0 0 8
4D 0 0 8
4E 0 0 8
4F 0 0 8
50 0 0 8
51 0 0 8
52 0 0 8
53 0 0 8
54 0 0 8
55 0 0 8
56 0 0 8
57 0 0 8
58 0 0 8
59 0 0 8
5A 0 0 8
5B 0 0 8
5C 0 0 8
5D 0 0 8
5E 0 0 8
5F 0 0 8
60 0 0 8
61 0 0 8
62 0 0 8
63 0 0 8
64 0 0 8
65 0 0 8
66 0 0 8
67 0 0 8
68 0 0 8
69 0 0 8
6A 0 0 8
6B 0 0 8
6C 0 0 8
6D 0 0 8
6E 0 0 8
6F 0 0 8
70 0 0 8
71 0 0 8
72 0 0 8
73 0 0 8
74 0 0 8
75 0 0 8
76 0 0 8
77 0 0 8
78 0 0 8
79 0 0 8
7A 0 0 8
7B 0 0 8
7C 0 0 8
7D 0 0 8
7E 0 0 8
7F 0 0 8
80 0 0 8
81 0 0 8
82 0 0 8
83 0 0 8
84 0 0 8
85 0 0 8
86 0 0 8
87 0 0 8
88 0 0 8
89 0 0 8
8A 0 0 8
8B 0 0 8
8C 0 0 8
8D 0 0 8
8E 0 0 8
8F 0 0 8
90 0 0 8
91 0 0 8
92 0 0 8
93 0 0 8
94 0 0 8
95 0 0 8
96 0 0 8
97 0 0 8
98 0 0 8
99 0 0 8
9A 0 0 8
9B 0 0 8
9C 0 0 8
9D 0 0 8
9E 0 0 8
9F 0 0 8
A0 0 0 8
A1 0 0 8
A2 0 0 8
A3 0 0 8
A4 0 0 8
A5 0 0 8
A6 0 0 8
A7 0 0 8
A8 0 0 8
A9 0 0 8
AA 0 0 8
AB 0 0 8
AC 0 0 8
AD 0 0 8
AE 0 0 8
AF 0 0 8
B0 0 0 8
B1 0 0 8
B2 0 0 8
B3 0 0 8
B4 0 0 8
B5 0 0 8
B6 0 0 8
B7 0 0 8
B8 0 0 8
B9 0 0 8
BA 0 0 8
BB 0 0 8
BC 0 0 8
BD 0 0 8
BE 0 0 8
BF 0 0 8
C0 0 0 8
C1 0 0 8
C2 0 0 8
C3 0 0 8
C4 0 0 8
C5 0 0 8
C6 0 0 8
C7 0 0 8
C8 0 0 8
C9 0 0 8
CA 0 0 8
CB 0 0 8
CC 0 0 8
CD 0 0 8
CE 0 0 8
CF 0 0 8
D0 0 0 8
D1 0 0 8
D2 0 0 8
D3 0 0 8
D4 0 0 8
D5 0 0 8
D6 0 0 8
D7 0 0 8
D8 0 0 8
D9 0 0 8
DA 0 0 8
DB 0 0 8
DC 0 0 8
DD 0 0 8
DE 0 0 8
DF 0 0 8
E0 0 0 8
E1 0 0 8
E2 0 0 8
E3 0 0 8
E4 0 0 8
E5 0 0 8
E6 0 0 8
E7 0 0 8
E8 0 0 8
E9 0 0 8
EA 0 0 8
EB 0 0 8
EC 0 0 8
ED 0 0 8
EE 0 0 8
EF 0 0 8
F0 0 0 8
F1 0 0 8
F2 0 0 8
F3 0 0 8
F4 0 0 8
F5 0 0 8
F6 0 0 8
F7 0 0 8
F8 0 0 8
F9 0 0 8
FA 0 0 8
FB 0 0 8
FC 0 0 8
FD 0 0 8
FE 0 0 8
FF 0 0 8
00 0 0 8
01 0 0 8
02 0 0 8
03 0 0 8
04 0 0 8
05 0 0 8
06 0 0 8
07 0 0 8
08 0 0 8
09 0 0 8
0A 0 0 8
0B 0 0 8
0C 0 0 8
0D 0 0 8
0E 0 0 8
0F 0 0 8
10 0 0 8
11 0 0 8
12 0 0 8
13 0 0 8
14 0 0 8
15 0 0 8
16 0 0 8
17 0 0 8
18 0 0 8
19 0 0 8
1A 0 0 8
1B 0 0 8
1C 0 0 8
1D 0 0 8
1E 0 0 8
1F 0 0 8
20 0 0 8
21 0 0 8
22 0 0 8
23 0 0 8
24 0 0 8
25 0 0 8
26 0 0 8
27 0 0 8
28 0 0 8
29 0 0 8
2A 0 0 8
2B 0 0 8
2C 0 0 8
2D 0 0 8
2E 0 0 8
2F 0 0 8
30 0 0 8
31 0 0 8
32 0 0 8
33 0 0 8
34 0 0 8
35 0 0 8
36 0 0 8
37 0 0 8
38 0 0 8
39 0 0 8
3A 0 0 8
3B 0 0 8
3C 0 0 8
3D 0 0 8
3E 0 0 8
3F 0 0 8
40 0 0 8
41 0 0 8
42 0 0 8
43 0 0 8
44 0 0 8
45 0 0 8
46 0 0 8
47 0 0 8
48 0 0 8
49 0 0 8
4A 0 0 8
4B 0 0 8
4C 0 0 8
4D 0 0 8
4E 0 0 8
4F 0 0 8
50 0 0 8
51 0 0 8
52 0 0 8
53 0 0 8
54 0 0 8
55 0 0 8
56 0 0 8
57 0 0 8
58 0 0 8
59 0 0 8
5A 0 0 8
5B 0 0 8
5C 0 0 8
5D 0 0 8
5E 0 0 8
5F 0 0 8
60 0 0 8
61 0 0 8
62 0 0 8
63 0 0 8
64 0 0 8
65 0 0 8
66 0 0 8
67 0 0 8
68 0 0 8
69 0 0 8
6A 0 0 8
6B 0 0 8
6C 0 0 8
6D 0 0 8
6E 0 0 8
6F 0 0 8
70 0 0 8
71 0 0 8
72 0 0 8
73 0 0 8
74 0 0 8
75 0 0 8
76 0 0 8
77 0 0 8
78 0 0 8
79 0 0 8
7A 0 0 8
7B 0 0 8
7C 0 0 8
7D 0 0 8
7E 0 0 8
7F 0 0 8
80 0 0 8
81 0 0 8
82 0 0 8
83 0 0 8
84 0 0 8
85 0 0 8
86 0 0 8
87 0 0 8
88 0 0 8
89 0 0 8
8A 0 0 8
8B 0 0 8
8C 0 0 8
8D 0 0 8
8E 0 0 8
8F 0 0 8
90 0 0 8
91 0 0 8
92 0 0 8
93 0 0 8
94 0 0 8
95 0 0 8
96 0 0 8
97 0 0 8
98 0 0 8
99 0 0 8
9A 0 0 8
9B 0 0 8
9C 0 0 8
9D 0 0 8
9E 0 0 8
9F 0 0 8
A0 0 0 8
A1 0 0 8
A2 0 0 8
A3 0 0 8
A4 0 0 8
A5 0 0 8
A6 0 0 8
A7 0 0 8
A8 0 0 8
A9 0 0 8
AA 0 0 8
AB 0 0 8
AC 0 0 8
AD 0 0 8
AE 0 0 8
AF 0 0 8
B0 0 0 8
B1 0 0 8
B2 0 0 8
B3 0 0 8
B4 0 0 8
B5 0 0 8
B6 0 0 8
B7 0 0 8
B8 0 0 8
B9 0 0 8
BA 0 0 8
BB 0 0 8
BC 0 0 8
BD 0 0 8
BE 0 0 8
BF 0 0 8
C0 0 0 8
C1 0 0 8
C2 0 0 8
C3 0 0 8
C4 0 0 8
C5 0 0 8
C6 0 0 8
C7 0 0 8
C8 0 0 8
C9 0 0 8
CA 0 0 8
CB 0 0 8
CC 0 0 8
CD 0 0 8
CE 0 0 8
CF 0 0 8
D0 0 0 8
D1 0 0 8
D2 0 0 8
D3 0 0 8
D4 0 0 8
D5 0 0 8
D6 0 0 8
D7 0 0 8
D8 0 0 8
D9 0 0 8
DA 0 0 8
DB 0 0 8
DC 0 0 8
DD 0 0 8
DE 0 0 8
DF 0 0 8
E0 0 0 8
E1 0 0 8
E2 0 0 8
E3 0 0 8
E4 0 0 8
E5 0 0 8
E6 0 0 8
E7 0 0 8
E8 0 0 8
E9 0 0 8
EA 0 0 8
EB 0 0 8
EC 0 0 8
ED 0 0 8
EE 0 0 8
EF 0 0 8
F0 0 0 8
F1 0 0 8
F2 0 0 8
F3 0 0 8
F4 0 0 8
F5 0 0 8
F6 0 0 8
F7 0 0 8
F8 0 0 8
F9 0 0 8
FA 0 0 8
FB 0 0 8
FC 0 0 8
FD 0 0 8
FE 0 0 8
FF 0 0 8
00 0 0 8
01 0 0 8
02 0 0 8
03 0 0 8
04 0 0 8
05 0 0 8
06 0 0 8
07 0 0 8
08 0 0 8
09 0 0 8
0A 0 0 8
0B 0 0 8
0C 0 0 8
0D 0 0 8
0E 0 0 8
0F 0 0 8
10 0 0 8
11 0 0 8
12 0 0 8
13 0 0 8
14 0 0 8
15 0 0 8
16 0 0 8
17 0 0 8
18 0 0 8
19 0 0 8
1A 0 0 8
1B 0 0 8
1C 0 0 8
1D 0 0 8
1E 0 0 8
1F 0 0 8
20 0 0 8
21 0 0 8
22 0 0 8
23 0 0 8
24 0 0 8
25 0 0 8
26 0 0 8
27 0 0 8
28 0 0 8
29 0 0 8
2A 0 0 8
2B 0 0 8
2C 0 0 8
2D 0 0 8
2E 0 0 8
2F 0 0 8
30 0 0 8
31 0 0 8
32 0 0 8
33 0 0 8
34 0 0 8
35 0 0 8
36 0 0 8
37 0 0 8
38 0 0 8
39 0 0 8
3A 0 0 8
3B 0 0 8
3C 0 0 8
3D 0 0 8
3E 0 0 8
3F 0 0 8
40 0 0 8
41 0 0 8
42 0 0 8
43 0 0 8
44 0 0 8
45 0 0 8
46 0 0 8
47 0 0 8
48 0 0 8
49 0 0 8
4A 0 0 8
4B 0 0 8
4C 0 0 8
4D 0 0 8
4E 0 0 8
4F 0 0 8
50 0 0 8
51 0 0 8
52 0 0 8
53 0 0 8
54 0 0 8
55 0 0 8
56 0 0 8
57 0 0 8
58 0 0 8
59 0 0 8
5A 0 0 8
5B 0 0 8
5C 0 0 8
5D 0 0 8
5E 0 0 8
5F 0 0 8
60 0 0 8
61 0 0 8
62 0 0 8
63 0 0 8
64 0 0 8
65 0 0 8
66 0 0 8
67 0 0 8
68 0 0 8
69 0 0 8
6A 0 0 8
6B 0 0 8
6C 0 0 8
6D 0 0 8
6E 0 0 8
6F 0 0 8
70 0 0 8
71 0 0 8
72 0 0 8
73 0 0 8
74 0 0 8
75 0 0 8
76 0 0 8
77 0 0 8
78 0 0 8
79 0 0 8
7A 0 0 8
7B 0 0 8
7C 0 0 8
7D 0 0 8
7E 0 0 8
7F 0 0 8
80 0 0 8
81 0 0 8
82 0 0 8
83 0 0 8
84 0 0 8
85 0 0 8
86 0 0 8
87 0 0 8
88 0 0 8
89 0 0 8
8A 0 0 8
8B 0 0 8
8C 0 0 8
8D 0 0 8
8E 0 0 8
8F 0 0 8
90 0 0 8
91 0 0 8
92 0 0 8
93 0 0 8
94 0 0 8
95 0 0 8
96 0 0 8
97 0 0 8
98 0 0 8
99 0 0 8
9A 0 0 8
9B 0 0 8
9C 0 0 8
9D 0 0 8
9E 0 0 8
9F 0 0 8
A0 0 0 8
A1 0 0 8
A2 0 0 8
A3 0 0 8
A4 0 0 8
A5 0 0 8
A6 0 0 8
A7 0 0 8
A8 0 0 8
A9 0 0 8
AA 0 0 8
AB 0 0 8
AC 0 0 8
AD 0 0 8
AE 0 0 8
AF 0 0 8
B0 0 0 8
B1 0 0 8
B2 0 0 8
B3 0 0 8
B4 0 0 8
B5 0 0 8
B6 0 0 8
B7 0 0 8
B8 0 0 8
B9 0 0 8
BA 0 0 8
BB 0 0 8
BC 0 0 8
BD 0 0 8
BE 0 0 8
BF 0 0 8
C0 0 0 8
C1 0 0 8
C2 0 0 8
C3 0 0 8
C4 0 0 8
C5 0 0 8
C6 0 0 8
C7 0 0 8
C8 0 0 8
C9 0 0 8
CA 0 0 8
CB 0 0 8
CC 0 0 8
CD 0 0 8
CE 0 0 8
CF 0 0 8
D0 0 0 8
D1 0 0 8
D2 0 0 8
D3 0 0 8
D4 0 0 8
D5 0 0 8
D6 0 0 8
D7 0 0 8
D8 0 0 8
D9 0 0 8
DA 0 0 8
DB 0 0 8
DC 0 0 8
DD 0 0 8
DE 0 0 8
DF 0 0 8
E0 0 0 8
E1 0 0 8
E2 0 0 8
E3 0 0 8
E4 0 0 8
E5 0 0 8
E6 0 0 8
E7 0 0 8
E8 0 0 8
E9 0 0 8
EA 0 0 8
EB 0 0 8
EC 0 0 8
ED 0 0 8
EE 0 0 8
EF 0 0 8
F0 0 0 8
F1 0 0 8
F2 0 0 8
F3 0 0 8
F4 0 0 8
F5 0 0 8
F6 0 0 8
F7 0 0 8
F8 0 0 8
F9 0 0 8
FA 0 0 8
FB 0 0 8
FC 0 0 8
FD 0 0 8
FE 0 0 8
FF 0 0 8
00 0 0 8
01 0 0 8
02 0 0 8
03 0 0 8
04 0 0 8
05 0 0 8
06 0 0 8
07 0 0 8
08 0 0 8
09 0 0 8
0A 0 0 8
0B 0 0 8
0C 0 0 8
0D 0 0 8
0E 0 0 8
0F 0 0 8
10 0 0 8
11 0 0 8
12 0 0 8
13 0 0 8
14 0 0 8
15 0 0 8
16 0 0 8
17 0 0 8
18 0 0 8
19 0 0 8
1A 0 0 8
1B 0 0 8
1C 0 0 8
1D 0 0 8
1E 0 0 8
1F 0 0 8
20 0 0 8
21 0 0 8
22 0 0 8
23 0 0 8
24 0 0 8
25 0 0 8
26 0 0 8
27 0 0 8
28 0 0 8
29 0 0 8
2A 0 0 8
2B 0 0 8
2C 0 0 8
2D 0 0 8
2E 0 0 8
2F 0 0 8
30 0 0 8
31 0 0 8
32 0 0 8
33 0 0 8
34 0 0 8
35 0 0 8
36 0 0 8
37 0 0 8
38 0 0 8
39 0 0 8
3A 0 0 8
3B 0 0 8
3C 0 0 8
3D 0 0 8
3E 0 0 8
3F 0 0 8
40 0 0 8
41 0 0 8
42 0 0 8
43 0 0 8
44 0 0 8
45 0 0 8
46 0 0 8
47 0 0 8
48 0 0 8
49 0 0 8
4A 0 0 8
4B 0 0 8
4C 0 0 8
4D 0 0 8
4E 0 0 8
4F 0 0 8
50 0 0 8
51 0 0 8
52 0 0 8
53 0 0 8
54 0 0 8
55 0 0 8
56 0 0 8
57 0 0 8
58 0 0 8
59 0 0 8
5A 0 0 8
5B 0 0 8
5C 0 0 8
5D 0 0 8
5E 0 0 8
5F 0 0 8
60 0 0 8
61 0 0 8
62 0 0 8
63 0 0 8
64 0 0 8
65 0 0 8
66 0 0 8
67 0 0 8
68 0 0 8
69 0 0 8
6A 0 0 8
6B 0 0 8
6C 0 0 8
6D 0 0 8
6E 0 0 8
6F 0 0 8
70 0 0 8
71 0 0 8
72 0 0 8
73 0 0 8
74 0 0 8
75 0 0 8
76 0 0 8
77 0 0 8
78 0 0 8
79 0 0 8
7A 0 0 8
7B 0 0 8
7C 0 0 8
7D 0 0 8
7E 0 0 8
7F 0 0 8
80 0 0 8
81 0 0 8
82 0 0 8
83 0 0 8
84 0 0 8
85 0 0 8
86 0 0 8
87 0 0 8
88 0 0 8
89 0 0 8
8A 0 0 8
8B 0 0 8
8C 0 0 8
8D 0 0 8
8E 0 0 8
8F 0 0 8
90 0 0 8
91 0 0 8
92 0 0 8
93 0 0 8
94 0 0 8
95 0 0 8
96 0 0 8
97 0 0 8
98 0 0 8
99 0 0 8
9A 0 0 8
9B 0 0 8
9C 0 0 8
9D 0 0 8
9E 0 0 8
9F 0 0 8
A0 0 0 8
A1 0 0 8
A2 0 0 8
A3 0 0 8
A4 0 0 8
A5 0 0 8
A6 0 0 8
A7 0 0 8
A8 0 0 8
A9 0 0 8
AA 0 0 8
AB 0 0 8
AC 0 0 8
AD 0 0 8
AE 0 0 8
AF 0 0 8
B0 0 0 8
B1 0 0 8
B2 0 0 8
B3 0 0 8
B4 0 0 8
B5 0 0 8
B6 0 0 8
B7 0 0 8
B8 0 0 8
B9 0 0 8
BA 0 0 8
BB 0 0 8
BC 0 0 8
BD 0 0 8
BE 0 0 8
BF 0 0 8
C0 0 0 8
C1 0 0 8
C2 0 0 8
C3 0 0 8
C4 0 0 8
C5 0 0 8
C6 0 0 8
C7 0 0 8
C8 0 0 8
C9 0 0 8
CA 0 0 8
CB 0 0 8
CC 0 0 8
CD 0 0 8
CE 0 0 8
CF 0 0 8
D0 0 0 8
D1 0 0 8
D2 0 0 8
D3 0 0 8
D4 0 0 8
D5 0 0 8
D6 0 0 8
D7 0 0 8
D8 0 0 8
D9 0 0 8
DA 0 0 8
DB 0 0 8
DC 0 0 8
DD 0 0 8
DE 0 0 8
DF 0 0 8
E0 0 0 8
E1 0 0 8
E2 0 0 8
E3 0 0 8
E4 0 0 8
E5 0 0 8
E6 0 0 8
E7 0 0 8
E8 0 0 8
E9 0 0 8
EA 0 0 8
EB 0 0 8
EC 0 0 8
ED 0 0 8
EE 0 0 8
EF 0 0 8
F0 0 0 8
F1 0 0 8
F2 0 0 8
F3 0 0 8
F4 0 0 8
F5 0 0 8
F6 0 0 8
F7 0 0 8
F8 0 0 8
F9 0 0 8
FA 0 0 8
FB 0 0 8
FC 0 0 8
FD 0 0 8
FE 0 0 8
FF 0 0 8
00 0 0 8
01 0 0 8
02 0 0 8
03 0 0 8
04 0 0 8
05 0 0 8
06 0 0 8
07 0 0 8
08 0 0 8
09 0 0 8
0A 0 0 8
0B 0 0 8
0C 0 0 8
0D 0 0 8
0E 0 0 8
0F 0 0 8
10 0 0 8
11 0 0 8
12 0 0 8
13 0 0 8
14 0 0 8
15 0 0 8
16 0 0 8
17 0 0 8
18 0 0 8
19 0 0 8
1A 0 0 8
1B 0 0 8
1C 0 0 8
1D 0 0 8
1E 0 0 8
1F 0 0 8
20 0 0 8
21 0 0 8
22 0 0 8
23 0 0 8
24 0 0 8
25 0 0 8
26 0 0 8
27 0 0 8
28 0 0 8
29 0 0 8
2A 0 0 8
2B 0 0 8
2C 0 0 8
2D 0 0 8
2E 0 0 8
2F 0 0 8
30 0 0 8
31 0 0 8
32 0 0 8
33 0 0 8
34 0 0 8
35 0 0 8
36 0 0 8
37 0 0 8
38 0 0 8
39 0 0 8
3A 0 0 8
3B 0 0 8
3C 0 0 8
3D 0 0 8
3E 0 0 8
3F 0 0 8
40 0 0 8
41 0 0 8
42 0 0 8
43 0 0 8
44 0 0 8
45 0 0 8
46 0 0 8
47 0 0 8
48 0 0 8
49 0 0 8
4A 0 0 8
4B 0 0 8
4C 0 0 8
4D 0 0 8
4E 0 0 8
4F 0 0 8
50 0 0 8
51 0 0 8
52 0 0 8
53 0 0 8
54 0 0 8
55 0 0 8
56 0 0 8
57 0 0 8
58 0 0 8
59 0 0 8
5A 0 0 8
5B 0 0 8
5C 0 0 8
5D 0 0 8
5E 0 0 8
5F 0 0 8
60 0 0 8
61 0 0 8
62 0 0 8
63 0 0 8
64 0 0 8
65 0 0 8
66 0 0 8
67 0 0 8
68 0 0 8
69 0 0 8
6A 0 0 8
6B 0 0 8
6C 0 0 8
6D 0 0 8
6E 0 0 8
6F 0 0 8
70 0 0 8
71 0 0 8
72 0 0 8
73 0 0 8
74 0 0 8
75 0 0 8
76 0 0 8
77 0 0 8
78 0 0 8
79 0 0 8
7A 0 0 8
7B 0 0 8
7C 0 0 8
7D 0 0 8
7E 0 0 8
7F 0 0 8
80 0 0 8
81 0 0 8
82 0 0 8
83 0 0 8
84 0 0 8
85 0 0 8
86 0 0 8
87 0 0 8
88 0 0 8
89 0 0 8
8A 0 0 8
8B 0 0 8
8C 0 0 8
8D 0 0 8
8E 0 0 8
8F 0 0 8
90 0 0 8
91 0 0 8
92 0 0 8
93 0 0 8
94 0 0 8
95 0 0 8
96 1 0 8
00 0 0 9
0A 0 0 9
35 0 0 9
01 0 0 9
02 0 0 9
03 0 0 9
DE 0 0 9
AD 0 0 9
BE 0 0 9
EF 0 0 9
00 0 0 9
01 0 0 9
08 0 0 9
00 0 0 9
09 0 0 9
0A 0 0 9
0B 0 0 9
0C 0 0 9
0D 0 0 9
0E 0 0 9
0F 0 0 9
10 0 0 9
11 0 0 9
12 0 0 9
13 0 0 9
14 0 0 9
15 0 0 9
16 0 0 9
17 0 0 9
18 0 0 9
19 0 0 9
1A 0 0 9
1B 0 0 9
1C 0 0 9
1D 0 0 9
1E 0 0 9
1F 0 0 9
20 0 0 9
21 0 0 9
22 0 0 9
23 0 0 9
24 0 0 9
25 0 0 9
26 0 0 9
27 0 0 9
28 0 0 9
29 0 0 9
2A 0 0 9
2B 0 0 9
2C 0 0 9
2D 0 0 9
2E 0 0 9
2F 0 0 9
30 0 0 9
31 0 0 9
32 0 0 9
33 0 0 9
34 0 0 9
35 0 0 9
36 0 0 9
37 0 0 9
38 0 0 9
39 0 0 9
3A 0 0 9
3B 0 0 9
3C 0 0 9
3D 0 0 9
3E 0 0 9
3F 0 0 9
40 0 0 9
41 0 0 9
42 0 0 9
43 0 0 9
44 0 0 9
45 0 0 9
46 0 0 9
47 0 0 9
48 0 0 9
49 0 0 9
4A 0 0 9
4B 0 0 9
4C 0 0 9
4D 0 0 9
4E 0 0 9
4F 0 0 9
50 0 0 9
51 0 0 9
52 0 0 9
53 0 0 9
54 0 0 9
55 0 0 9
56 0 0 9
57 0 0 9
58 0 0 9
59 0 0 9
5A 0 0 9
5B 0 0 9
5C 0 0 9
5D 0 0 9
5E 0 0 9
5F 0 0 9
60 0 0 9
61 0 0 9
62 0 0 9
63 0 0 9
64 0 0 9
65 0 0 9
66 0 0 9
67 0 0 9
68 0 0 9
69 0 0 9
6A 0 0 9
6B 0 0 9
6C 0 0 9
6D 0 0 9
6E 0 0 9
6F 0 0 9
70 0 0 9
71 0 0 9
72 0 0 9
73 0 0 9
74 0 0 9
75 0 0 9
76 0 0 9
77 0 0 9
78 0 0 9
79 0 0 9
7A 0 0 9
7B 0 0 9
7C 0 0 9
7D 0 0 9
7E 0 0 9
7F 0 0 9
80 0 0 9
81 0 0 9
82 0 0 9
83 0 0 9
84 0 0 9
85 0 0 9
86 0 0 9
87 0 0 9
88 0 0 9
89 0 0 9
8A 0 0 9
8B 0 0 9
8C 0 0 9
8D 0 0 9
8E 0 0 9
8F 0 0 9
90 0 0 9
91 0 0 9
92 0 0 9
93 0 0 9
94 0 0 9
95 0 0 9
96 0 0 9
97 0 0 9
98 0 0 9
99 0 0 9
9A 0 0 9
9B 0 0 9
9C 0 0 9
9D 0 0 9
9E 0 0 9
9F 0 0 9
A0 0 0 9
A1 0 0 9
A2 0 0 9
A3 0 0 9
A4 0 0 9
A5 0 0 9
A6 0 0 9
A7 0 0 9
A8 0 0 9
A9 0 0 9
AA 0 0 9
AB 0 0 9
AC 0 0 9
AD 0 0 9
AE 0 0 9
AF 0 0 9
B0 0 0 9
B1 0 0 9
B2 0 0 9
B3 0 0 9
B4 0 0 9
B5 0 0 9
B6 0 0 9
B7 0 0 9
B8 0 0 9
B9 0 0 9
BA 0 0 9
BB 0 0 9
BC 0 0 9
BD 0 0 9
BE 0 0 9
BF 0 0 9
C0 0 0 9
C1 0 0 9
C2 0 0 9
C3 0 0 9
C4 0 0 9
C5 0 0 9
C6 0 0 9
C7 0 0 9
C8 0 0 9
C9 0 0 9
CA 0 0 9
CB 0 0 9
CC 0 0 9
CD 0 0 9
CE 0 0 9
CF 0 0 9
D0 0 0 9
D1 0 0 9
D2 0 0 9
D3 0 0 9
D4 0 0 9
D5 0 0 9
D6 0 0 9
D7 0 0 9
D8 0 0 9
D9 0 0 9
DA 0 0 9
DB 0 0 9
DC 0 0 9
DD 0 0 9
DE 0 0 9
DF 0 0 9
E0 0 0 9
E1 0 0 9
E2 0 0 9
E3 0 0 9
E4 0 0 9
E5 0 0 9
E6 0 0 9
E7 0 0 9
E8 0 0 9
E9 0 0 9
EA 0 0 9
EB 0 0 9
EC 0 0 9
ED 0 0 9
EE 0 0 9
EF 0 0 9
F0 0 0 9
F1 0 0 9
F2 0 0 9
F3 0 0 9
F4 0 0 9
F5 0 0 9
F6 0 0 9
F7 0 0 9
F8 0 0 9
F9 0 0 9
FA 0 0 9
00 0 0 9
01 0 0 9
02 0 0 9
03 0 0 9
04 0 0 9
05 0 0 9
06 0 0 9
07 0 0 9
08 0 0 9
09 0 0 9
0A 0 0 9
0B 0 0 9
0C 0 0 9
0D 0 0 9
0E 0 0 9
0F 0 0 9
10 0 0 9
11 0 0 9
12 0 0 9
13 0 0 9
14 0 0 9
15 0 0 9
16 0 0 9
17 0 0 9
18 0 0 9
19 0 0 9
1A 0 0 9
1B 0 0 9
1C 0 0 9
1D 0 0 9
1E 0 0 9
1F 0 0 9
20 0 0 9
21 0 0 9
22 0 0 9
23 0 0 9
24 0 0 9
25 0 0 9
26 0 0 9
27 0 0 9
28 0 0 9
29 0 0 9
2A 0 0 9
2B 0 0 9
2C 0 0 9
2D 0 0 9
2E 0 0 9
2F 0 0 9
30 0 0 9
31 0 0 9
32 0 0 9
33 0 0 9
34 0 0 9
35 0 0 9
36 0 0 9
37 0 0 9
38 0 0 9
39 0 0 9
3A 0 0 9
3B 0 0 9
3C 0 0 9
3D 0 0 9
3E 0 0 9
3F 0 0 9
40 0 0 9
41 0 0 9
42 0 0 9
43 0 0 9
44 0 0 9
45 0 0 9
46 0 0 9
47 0 0 9
48 0 0 9
49 0 0 9
4A 0 0 9
4B 0 0 9
4C 0 0 9
4D 0 0 9
4E 0 0 9
4F 0 0 9
50 0 0 9
51 0 0 9
52 0 0 9
53 0 0 9
54 0 0 9
55 0 0 9
56 0 0 9
57 0 0 9
58 0 0 9
59 0 0 9
5A 0 0 9
5B 0 0 9
5C 0 0 9
5D 0 0 9
5E 0 0 9
5F 0 0 9
60 0 0 9
61 0 0 9
62 0 0 9
63 0 0 9
64 0 0 9
65 0 0 9
66 0 0 9
67 0 0 9
68 0 0 9
69 0 0 9
6A 0 0 9
6B 0 0 9
6C 0 0 9
6D 0 0 9
6E 0 0 9
6F 0 0 9
70 0 0 9
71 0 0 9
72 0 0 9
73 0 0 9
74 0 0 9
75 0 0 9
76 0 0 9
77 0 0 9
78 0 0 9
79 0 0 9
7A 0 0 9
7B 0 0 9
7C 0 0 9
7D 0 0 9
7E 0 0 9
7F 0 0 9
80 0 0 9
81 0 0 9
82 0 0 9
83 0 0 9
84 0 0 9
85 0 0 9
86 0 0 9
87 0 0 9
88 0 0 9
89 0 0 9
8A 0 0 9
8B 0 0 9
8C 0 0 9
8D 0 0 9
8E 0 0 9
8F 0 0 9
90 0 0 9
91 0 0 9
92 0 0 9
93 0 0 9
94 0 0 9
95 0 0 9
96 0 0 9
97 0 0 9
98 0 0 9
99 0 0 9
9A 0 0 9
9B 0 0 9
9C 0 0 9
9D 0 0 9
9E 0 0 9
9F 0 0 9
A0 0 0 9
A1 0 0 9
A2 0 0 9
A3 0 0 9
A4 0 0 9
A5 0 0 9
A6 0 0 9
A7 0 0 9
A8 0 0 9
A9 0 0 9
AA 0 0 9
AB 0 0 9
AC 0 0 9
AD 0 0 9
AE 0 0 9
AF 0 0 9
B0 0 0 9
B1 0 0 9
B2 0 0 9
B3 0 0 9
B4 0 0 9
B5 0 0 9
B6 0 0 9
B7 0 0 9
B8 0 0 9
B9 0 0 9
BA 0 0 9
BB 0 0 9
BC 0 0 9
BD 0 0 9
BE 0 0 9
BF 0 0 9
C0 0 0 9
C1 0 0 9
C2 0 0 9
C3 0 0 9
C4 0 0 9
C5 0 0 9
C6 0 0 9
C7 0 0 9
C8 0 0 9
C9 0 0 9
CA 0 0 9
CB 0 0 9
CC 0 0 9
CD 0 0 9
CE 0 0 9
CF 0 0 9
D0 0 0 9
D1 0 0 9
D2 0 0 9
D3 0 0 9
D4 0 0 9
D5 0 0 9
D6 0 0 9
D7 0 0 9
D8 0 0 9
D9 0 0 9
DA 0 0 9
DB 0 0 9
DC 0 0 9
DD 0 0 9
DE 0 0 9
DF 0 0 9
E0 0 0 9
E1 0 0 9
E2 0 0 9
E3 0 0 9
E4 0 0 9
E5 0 0 9
E6 0 0 9
E7 0 0 9
E8 0 0 9
E9 0 0 9
EA 0 0 9
EB 0 0 9
EC 0 0 9
ED 0 0 9
EE 0 0 9
EF 0 0 9
F0 0 0 9
F1 0 0 9
F2 0 0 9
F3 0 0 9
F4 0 0 9
F5 0 0 9
F6 0 0 9
F7 0 0 9
F8 0 0 9
F9 0 0 9
FA 0 0 9
00 0 0 9
01 0 0 9
02 0 0 9
03 0 0 9
04 0 0 9
05 0 0 9
06 0 0 9
07 0 0 9
08 0 0 9
09 0 0 9
0A 0 0 9
0B 0 0 9
0C 0 0 9
0D 0 0 9
0E 0 0 9
0F 0 0 9
10 0 0 9
11 0 0 9
12 1 1 9
00 0 0 10
0A 0 0 10
35 0 0 10
01 0 0 10
02 0 0 10
03 0 0 10
DE 0 0 10
AD 0 0 10
BE 0 0 10
EF 0 0 10
00 0 0 10
01 0 0 10
08 0 0 10
00 0 0 10
0A 0 0 10
0B 0 0 10
0C 0 0 10
0D 0 0 10
0E 0 0 10
0F 0 0 10
10 0 0 10
11 0 0 10
12 0 0 10
13 0 0 10
14 0 0 10
15 0 0 10
16 0 0 10
17 0 0 10
18 0 0 10
19 0 0 10
1A 0 0 10
1B 0 0 10
1C 0 0 10
1D 0 0 10
1E 0 0 10
1F 0 0 10
20 0 0 10
21 0 0 10
22 0 0 10
23 0 0 10
24 0 0 10
25 0 0 10
26 0 0 10
27 0 0 10
28 0 0 10
29 0 0 10
2A 0 0 10
2B 0 0 10
2C 0 0 10
2D 0 0 10
2E 0 0 10
2F 0 0 10
30 0 0 10
31 0 0 10
32 0 0 10
33 0 0 10
34 0 0 10
35 0 0 10
36 0 0 10
37 0 0 10
38 0 0 10
39 0 0 10
3A 0 0 10
3B 0 0 10
3C 0 0 10
3D 0 0 10
3E 0 0 10
3F 0 0 10
40 0 0 10
41 0 0 10
42 0 0 10
43 0 0 10
44 0 0 10
45 0 0 10
46 0 0 10
47 0 0 10
48 0 0 10
49 0 0 10
4A 0 0 10
4B 0 0 10
4C 0 0 10
4D 0 0 10
4E 0 0 10
4F 0 0 10
50 0 0 10
51 0 0 10
52 0 0 10
53 0 0 10
54 0 0 10
55 0 0 10
56 0 0 10
57 0 0 10
58 0 0 10
59 0 0 10
5A 0 0 10
5B 0 0 10
5C 0 0 10
5D 0 0 10
5E 0 0 10
5F 0 0 10
60 0 0 10
61 0 0 10
62 0 0 10
63 0 0 10
64 0 0 10
65 0 0 10
66 0 0 10
67 0 0 10
68 0 0 10
69 0 0 10
6A 0 0 10
6B 0 0 10
6C 0 0 10
6D 0 0 10
6E 0 0 10
6F 0 0 10
70 0 0 10
71 0 0 10
72 0 0 10
73 0 0 10
74 0 0 10
75 0 0 10
76 0 0 10
77 0 0 10
78 0 0 10
79 0 0 10
7A 0 0 10
7B 0 0 10
7C 0 0 10
7D 0 0 10
7E 0 0 10
7F 0 0 10
80 0 0 10
81 0 0 10
82 0 0 10
83 0 0 10
84 0 0 10
85 0 0 10
86 0 0 10
87 0 0 10
88 0 0 10
89 0 0 10
8A 0 0 10
8B 0 0 10
8C 0 0 10
8D 0 0 10
8E 0 0 10
8F 0 0 10
90 0 0 10
91 0 0 10
92 0 0 10
93 0 0 10
94 0 0 10
95 0 0 10
96 0 0 10
97 0 0 10
98 0 0 10
99 0 0 10
9A 0 0 10
9B 0 0 10
9C 0 0 10
9D 0 0 10
9E 0 0 10
9F 0 0 10
A0 0 0 10
A1 0 0 10
A2 0 0 10
A3 0 0 10
A4 0 0 10
A5 0 0 10
A6 0 0 10
A7 0 0 10
A8 0 0 10
A9 0 0 10
AA 0 0 10
AB 0 0 10
AC 0 0 10
AD 0 0 10
AE 0 0 10
AF 0 0 10
B0 0 0 10
B1 0 0 10
B2 0 0 10
B3 0 0 10
B4 0 0 10
B5 0 0 10
B6 0 0 10
B7 0 0 10
B8 0 0 10
B9 0 0 10
BA 0 0 10
BB 0 0 10
BC 0 0 10
BD 0 0 10
BE 0 0 10
BF 0 0 10
C0 0 0 10
C1 0 0 10
C2 0 0 10
C3 0 0 10
C4 0 0 10
C5 0 0 10
C6 0 0 10
C7 0 0 10
C8 0 0 10
C9 0 0 10
CA 0 0 10
CB 0 0 10
CC 0 0 10
CD 0 0 10
CE 0 0 10
CF 0 0 10
D0 0 0 10
D1 0 0 10
D2 0 0 10
D3 0 0 10
D4 0 0 10
D5 0 0 10
D6 0 0 10
D7 0 0 10
D8 0 0 10
D9 0 0 10
DA 0 0 10
DB 0 0 10
DC 0 0 10
DD 0 0 10
DE 0 0 10
DF 0 0 10
E0 0 0 10
E1 0 0 10
E2 0 0 10
E3 0 0 10
E4 0 0 10
E5 0 0 10
E6 0 0 10
E7 0 0 10
E8 0 0 10
E9 0 0 10
EA 0 0 10
EB 0 0 10
EC 0 0 10
ED 0 0 10
EE 0 0 10
EF 0 0 10
F0 0 0 10
F1 0 0 10
F2 0 0 10
F3 0 0 10
F4 0 0 10
F5 0 0 10
F6 0 0 10
F7 0 0 10
F8 0 0 10
F9 0 0 10
FA 0 0 10
00 0 0 10
01 0 0 10
02 0 0 10
03 0 0 10
04 0 0 10
05 0 0 10
06 0 0 10
07 0 0 10
08 0 0 10
09 0 0 10
0A 0 0 10
0B 0 0 10
0C 0 0 10
0D 0 0 10
0E 0 0 10
0F 0 0 10
10 0 0 10
11 0 0 10
12 0 0 10
13 0 0 10
14 0 0 10
15 0 0 10
16 0 0 10
17 0 0 10
18 0 0 10
19 0 0 10
1A 0 0 10
1B 0 0 10
1C 0 0 10
1D 0 0 10
1E 0 0 10
1F 0 0 10
20 0 0 10
21 0 0 10
22 0 0 10
23 0 0 10
24 0 0 10
25 0 0 10
26 0 0 10
27 0 0 10
28 0 0 10
29 0 0 10
2A 0 0 10
2B 0 0 10
2C 0 0 10
2D 0 0 10
2E 0 0 10
2F 0 0 10
30 0 0 10
31 0 0 10
32 0 0 10
33 0 0 10
34 0 0 10
35 0 0 10
36 0 0 10
37 0 0 10
38 0 0 10
39 0 0 10
3A 0 0 10
3B 0 0 10
3C 0 0 10
3D 0 0 10
3E 0 0 10
3F 0 0 10
40 0 0 10
41 0 0 10
42 0 0 10
43 0 0 10
44 0 0 10
45 0 0 10
46 0 0 10
47 0 0 10
48 0 0 10
59 0 0 10
4A 0 0 10
4B 0 0 10
4C 0 0 10
4D 0 0 10
4E 0 0 10
4F 0 0 10
50 0 0 10
51 0 0 10
52 0 0 10
53 0 0 10
54 0 0 10
55 0 0 10
56 0 0 10
57 0 0 10
58 0 0 10
59 0 0 10
5A 0 0 10
5B 0 0 10
5C 0 0 10
5D 0 0 10
5E 0 0 10
5F 0 0 10
60 0 0 10
61 0 0 10
62 0 0 10
63 0 0 10
64 0 0 10
65 0 0 10
66 0 0 10
67 0 0 10
68 0 0 10
69 0 0 10
6A 0 0 10
6B 0 0 10
6C 0 0 10
6D 0 0 10
6E 0 0 10
6F 0 0 10
70 0 0 10
71 0 0 10
72 0 0 10
73 0 0 10
74 0 0 10
75 0 0 10
76 0 0 10
77 0 0 10
78 0 0 10
79 0 0 10
7A 0 0 10
7B 0 0 10
7C 0 0 10
7D 0 0 10
7E 0 0 10
7F 0 0 10
80 0 0 10
81 0 0 10
82 0 0 10
83 0 0 10
84 0 0 10
85 0 0 10
86 0 0 10
87 0 0 10
88 0 0 10
89 0 0 10
8A 0 0 10
8B 0 0 10
8C 0 0 10
8D 0 0 10
8E 0 0 10
8F 0 0 10
90 0 0 10
91 0 0 10
92 0 0 10
93 0 0 10
94 0 0 10
95 0 0 10
96 0 0 10
97 0 0 10
98 0 0 10
99 0 0 10
9A 0 0 10
9B 0 0 10
9C 0 0 10
9D 0 0 10
9E 0 0 10
9F 0 0 10
A0 0 0 10
A1 0 0 10
A2 0 0 10
A3 0 0 10
A4 0 0 10
A5 0 0 10
A6 0 0 10
A7 0 0 10
A8 0 0 10
A9 0 0 10
AA 0 0 10
AB 0 0 10
AC 0 0 10
AD 0 0 10
AE 0 0 10
AF 0 0 10
B0 0 0 10
B1 0 0 10
B2 0 0 10
B3 0 0 10
B4 0 0 10
B5 0 0 10
B6 0 0 10
B7 0 0 10
B8 0 0 10
B9 0 0 10
BA 0 0 10
BB 0 0 10
BC 0 0 10
BD 0 0 10
BE 0 0 10
BF 0 0 10
C0 0 0 10
C1 0 0 10
C2 0 0 10
C3 0 0 10
C4 0 0 10
C5 0 0 10
C6 0 0 10
C7 0 0 10
C8 0 0 10
C9 0 0 10
CA 0 0 10
CB 0 0 10
CC 0 0 10
CD 0 0 10
CE 0 0 10
CF 0 0 10
D0 0 0 10
D1 0 0 10
D2 0 0 10
D3 0 0 10
D4 0 0 10
D5 0 0 10
D6 0 0 10
D7 0 0 10
D8 0 0 10
D9 0 0 10
DA 0 0 10
DB 0 0 10
DC 0 0 10
DD 0 0 10
DE 0 0 10
DF 0 0 10
E0 0 0 10
E1 0 0 10
E2 0 0 10
E3 0 0 10
E4 0 0 10
E5 0 0 10
E6 0 0 10
E7 0 0 10
E8 0 0 10
E9 0 0 10
EA 0 0 10
EB 0 0 10
EC 0 0 10
ED 0 0 10
EE 0 0 10
EF 0 0 10
F0 0 0 10
F1 0 0 10
F2 0 0 10
F3 0 0 10
F4 0 0 10
F5 0 0 10
F6 0 0 10
F7 0 0 10
F8 0 0 10
F9 0 0 10
FA 0 0 10
00 0 0 10
01 0 0 10
02 0 0 10
03 0 0 10
04 0 0 10
05 0 0 10
06 0 0 10
07 0 0 10
08 0 0 10
09 0 0 10
0A 0 0 10
0B 0 0 10
0C 0 0 10
0D 0 0 10
0E 0 0 10
0F 0 0 10
10 0 0 10
11 0 0 10
12 0 0 10
13 0 0 10
14 0 0 10
15 0 0 10
16 0 0 10
17 0 0 10
18 0 0 10
19 0 0 10
1A 0 0 10
1B 0 0 10
1C 0 0 10
1D 0 0 10
1E 0 0 10
1F 0 0 10
20 0 0 10
21 0 0 10
22 0 0 10
23 0 0 10
24 0 0 10
25 0 0 10
26 0 0 10
27 0 0 10
28 0 0 10
29 0 0 10
2A 0 0 10
2B 0 0 10
2C 0 0 10
2D 0 0 10
2E 0 0 10
2F 0 0 10
30 0 0 10
31 0 0 10
32 0 0 10
33 0 0 10
34 0 0 10
35 0 0 10
36 0 0 10
37 0 0 10
38 0 0 10
39 0 0 10
3A 0 0 10
3B 0 0 10
3C 0 0 10
3D 0 0 10
3E 0 0 10
3F 0 0 10
40 0 0 10
41 0 0 10
42 0 0 10
43 0 0 10
44 0 0 10
45 0 0 10
46 0 0 10
47 0 0 10
48 0 0 10
49 0 0 10
4A 0 0 10
4B 0 0 10
4C 0 0 10
4D 0 0 10
4E 0 0 10
4F 0 0 10
50 0 0 10
51 0 0 10
52 0 0 10
53 0 0 10
54 0 0 10
55 0 0 10
56 0 0 10
57 0 0 10
58 0 0 10
59 0 0 10
5A 0 0 10
5B 0 0 10
5C 0 0 10
5D 0 0 10
5E 0 0 10
5F 0 0 10
60 0 0 10
61 0 0 10
62 0 0 10
63 0 0 10
64 0 0 10
65 0 0 10
66 0 0 10
67 0 0 10
68 0 0 10
69 0 0 10
6A 0 0 10
6B 0 0 10
6C 0 0 10
6D 0 0 10
6E 0 0 10
6F 0 0 10
70 0 0 10
71 0 0 10
72 0 0 10
73 0 0 10
74 0 0 10
75 0 0 10
76 0 0 10
77 0 0 10
78 0 0 10
79 0 0 10
7A 0 0 10
7B 0 0 10
7C 0 0 10
7D 0 0 10
7E 0 0 10
7F 0 0 10
80 0 0 10
81 0 0 10
82 0 0 10
83 0 0 10
84 0 0 10
85 0 0 10
86 0 0 10
87 0 0 10
88 0 0 10
89 0 0 10
8A 0 0 10
8B 0 0 10
8C 0 0 10
8D 0 0 10
8E 0 0 10
8F 0 0 10
90 0 0 10
91 0 0 10
92 0 0 10
93 0 0 10
94 0 0 10
95 0 0 10
96 0 0 10
97 0 0 10
98 0 0 10
99 0 0 10
9A 0 0 10
9B 0 0 10
9C 0 0 10
9D 0 0 10
9E 0 0 10
9F 0 0 10
A0 0 0 10
A1 0 0 10
A2 0 0 10
A3 0 0 10
A4 0 0 10
A5 0 0 10
A6 0 0 10
A7 0 0 10
A8 0 0 10
A9 0 0 10
AA 0 0 10
AB 0 0 10
AC 0 0 10
AD 0 0 10
AE 0 0 10
AF 0 0 10
B0 0 0 10
B1 0 0 10
B2 0 0 10
B3 0 0 10
B4 0 0 10
B5 0 0 10
B6 0 0 10
B7 0 0 10
B8 0 0 10
B9 0 0 10
BA 0 0 10
BB 0 0 10
BC 0 0 10
BD 0 0 10
BE 0 0 10
BF 0 0 10
C0 0 0 10
C1 0 0 10
C2 0 0 10
C3 0 0 10
C4 0 0 10
C5 0 0 10
C6 0 0 10
C7 0 0 10
C8 0 0 10
C9 0 0 10
CA 0 0 10
CB 0 0 10
CC 0 0 10
CD 0 0 10
CE 0 0 10
CF 0 0 10
D0 0 0 10
D1 0 0 10
D2 0 0 10
D3 0 0 10
D4 0 0 10
D5 0 0 10
D6 0 0 10
D7 0 0 10
D8 0 0 10
D9 0 0 10
DA 0 0 10
DB 0 0 10
DC 0 0 10
DD 0 0 10
DE 0 0 10
DF 0 0 10
E0 0 0 10
E1 0 0 10
E2 0 0 10
E3 0 0 10
E4 0 0 10
E5 0 0 10
E6 0 0 10
E7 0 0 10
E8 0 0 10
E9 0 0 10
EA 0 0 10
EB 0 0 10
EC 0 0 10
ED 0 0 10
EE 0 0 10
EF 0 0 10
F0 0 0 10
F1 0 0 10
F2 0 0 10
F3 0 0 10
F4 0 0 10
F5 0 0 10
F6 0 0 10
F7 0 0 10
F8 0 0 10
F9 0 0 10
FA 0 0 10
00 0 0 10
01 0 0 10
02 0 0 10
03 0 0 10
04 0 0 10
05 0 0 10
06 0 0 10
07 0 0 10
08 0 0 10
09 0 0 10
0A 0 0 10
0B 0 0 10
0C 0 0 10
0D 0 0 10
0E 0 0 10
0F 0 0 10
10 0 0 10
11 0 0 10
12 0 0 10
13 0 0 10
14 0 0 10
15 0 0 10
16 0 0 10
17 0 0 10
18 0 0 10
19 0 0 10
1A 0 0 10
1B 0 0 10
1C 0 0 10
1D 0 0 10
1E 0 0 10
1F 0 0 10
20 0 0 10
21 0 0 10
22 0 0 10
23 0 0 10
24 0 0 10
25 0 0 10
26 0 0 10
27 0 0 10
28 0 0 10
29 0 0 10
2A 0 0 10
2B 0 0 10
2C 0 0 10
2D 0 0 10
2E 0 0 10
2F 0 0 10
30 0 0 10
31 0 0 10
32 0 0 10
33 0 0 10
34 0 0 10
35 0 0 10
36 0 0 10
37 0 0 10
38 0 0 10
39 0 0 10
3A 0 0 10
3B 0 0 10
3C 0 0 10
3D 0 0 10
3E 0 0 10
3F 0 0 10
40 0 0 10
41 0 0 10
42 0 0 10
43 0 0 10
44 0 0 10
45 0 0 10
46 0 0 10
47 0 0 10
48 0 0 10
49 0 0 10
4A 0 0 10
4B 0 0 10
4C 0 0 10
4D 0 0 10
4E 0 0 10
4F 0 0 10
50 0 0 10
51 0 0 10
52 0 0 10
53 0 0 10
54 0 0 10
55 0 0 10
56 0 0 10
57 0 0 10
58 0 0 10
59 0 0 10
5A 0 0 10
5B 0 0 10
5C 0 0 10
5D 0 0 10
5E 0 0 10
5F 0 0 10
60 0 0 10
61 0 0 10
62 0 0 10
63 0 0 10
64 0 0 10
65 0 0 10
66 0 0 10
67 0 0 10
68 0 0 10
69 0 0 10
6A 0 0 10
6B 0 0 10
6C 0 0 10
6D 0 0 10
6E 0 0 10
6F 0 0 10
70 0 0 10
71 0 0 10
72 0 0 10
73 0 0 10
74 0 0 10
75 0 0 10
76 0 0 10
77 0 0 10
78 0 0 10
79 0 0 10
7A 0 0 10
7B 0 0 10
7C 0 0 10
7D 0 0 10
7E 0 0 10
7F 0 0 10
80 0 0 10
81 0 0 10
82 0 0 10
83 0 0 10
84 0 0 10
85 0 0 10
86 0 0 10
87 0 0 10
88 0 0 10
89 0 0 10
8A 0 0 10
8B 0 0 10
8C 0 0 10
8D 0 0 10
8E 0 0 10
8F 0 0 10
90 0 0 10
91 0 0 10
92 0 0 10
93 0 0 10
94 0 0 10
95 0 0 10
96 0 0 10
97 0 0 10
98 0 0 10
99 0 0 10
9A 0 0 10
9B 0 0 10
9C 0 0 10
9D 0 0 10
9E 0 0 10
9F 0 0 10
A0 0 0 10
A1 0 0 10
A2 0 0 10
A3 0 0 10
A4 0 0 10
A5 0 0 10
A6 0 0 10
A7 0 0 10
A8 0 0 10
A9 0 0 10
AA 0 0 10
AB 0 0 10
AC 0 0 10
AD 0 0 10
AE 0 0 10
AF 0 0 10
B0 0 0 10
B1 0 0 10
B2 0 0 10
B3 0 0 10
B4 0 0 10
B5 0 0 10
B6 0 0 10
B7 0 0 10
B8 0 0 10
B9 0 0 10
BA 0 0 10
BB 0 0 10
BC 0 0 10
BD 0 0 10
BE 0 0 10
BF 0 0 10
C0 0 0 10
C1 0 0 10
C2 0 0 10
C3 0 0 10
C4 0 0 10
C5 0 0 10
C6 0 0 10
C7 0 0 10
C8 0 0 10
C9 0 0 10
CA 0 0 10
CB 0 0 10
CC 0 0 10
CD 0 0 10
CE 0 0 10
CF 0 0 10
D0 0 0 10
D1 0 0 10
D2 0 0 10
D3 0 0 10
D4 0 0 10
D5 0 0 10
D6 0 0 10
D7 0 0 10
D8 0 0 10
D9 0 0 10
DA 0 0 10
DB 0 0 10
DC 0 0 10
DD 0 0 10
DE 0 0 10
DF 0 0 10
E0 0 0 10
E1 0 0 10
E2 0 0 10
E3 0 0 10
E4 0 0 10
E5 0 0 10
E6 0 0 10
E7 0 0 10
E8 0 0 10
E9 0 0 10
EA 0 0 10
EB 0 0 10
EC 0 0 10
ED 0 0 10
EE 0 0 10
EF 0 0 10
F0 0 0 10
F1 0 0 10
F2 0 0 10
F3 0 0 10
F4 0 0 10
F5 0 0 10
F6 0 0 10
F7 0 0 10
F8 0 0 10
F9 0 0 10
FA 0 0 10
00 0 0 10
01 0 0 10
02 0 0 10
03 0 0 10
04 0 0 10
05 1 0 10
00 0 0 11
0A 0 0 11
35 0 0 11
01 0 0 11
02 0 0 11
03 0 0 11
DE 0 0 11
AD 0 0 11
BE 0 0 11
EF 0 0 11
00 0 0 11
01 0 0 11
08 0 0 11
00 0 0 11
0B 0 0 11
0C 0 0 11
0D 0 0 11
0E 0 0 11
0F 0 0 11
10 0 0 11
11 0 0 11
12 0 0 11
13 0 0 11
14 0 0 11
15 0 0 11
16 0 0 11
17 0 0 11
18 0 0 11
19 0 0 11
1A 0 0 11
1B 0 0 11
1C 0 0 11
1D 0 0 11
1E 0 0 11
1F 0 0 11
20 0 0 11
21 0 0 11
22 0 0 11
23 0 0 11
24 0 0 11
25 0 0 11
26 0 0 11
27 0 0 11
28 0 0 11
29 0 0 11
2A 0 0 11
2B 0 0 11
2C 0 0 11
2D 0 0 11
2E 0 0 11
2F 0 0 11
30 0 0 11
31 0 0 11
32 0 0 11
33 0 0 11
34 0 0 11
35 0 0 11
36 0 0 11
37 0 0 11
38 0 0 11
39 0 0 11
3A 0 0 11
3B 0 0 11
3C 0 0 11
3D 0 0 11
3E 0 0 11
3F 0 0 11
40 0 0 11
41 0 0 11
42 0 0 11
43 0 0 11
44 0 0 11
45 0 0 11
46 0 0 11
47 0 0 11
48 0 0 11
49 0 0 11
4A 0 0 11
4B 0 0 11
4C 0 0 11
4D 0 0 11
4E 0 0 11
4F 0 0 11
50 0 0 11
51 0 0 11
52 0 0 11
53 0 0 11
54 0 0 11
55 0 0 11
56 0 0 11
57 0 0 11
58 0 0 11
59 0 0 11
5A 0 0 11
5B 0 0 11
5C 0 0 11
5D 0 0 11
5E 0 0 11
5F 0 0 11
60 0 0 11
61 0 0 11
62 0 0 11
63 0 0 11
64 0 0 11
65 0 0 11
66 0 0 11
67 0 0 11
68 0 0 11
69 0 0 11
6A 0 0 11
6B 0 0 11
6C 0 0 11
6D 0 0 11
6E 0 0 11
6F 0 0 11
70 0 0 11
71 0 0 11
72 0 0 11
73 0 0 11
74 0 0 11
75 0 0 11
76 0 0 11
77 0 0 11
78 0 0 11
79 0 0 11
7A 0 0 11
7B 0 0 11
7C 0 0 11
7D 0 0 11
7E 0 0 11
7F 0 0 11
80 0 0 11
81 0 0 11
82 0 0 11
83 0 0 11
84 0 0 11
85 0 0 11
86 0 0 11
87 0 0 11
88 0 0 11
89 0 0 11
8A 0 0 11
8B 0 0 11
8C 0 0 11
8D 0 0 11
8E 0 0 11
8F 0 0 11
90 0 0 11
91 0 0 11
92 0 0 11
93 0 0 11
94 0 0 11
95 0 0 11
96 0 0 11
97 0 0 11
98 0 0 11
99 0 0 11
9A 0 0 11
9B 0 0 11
9C 0 0 11
9D 0 0 11
9E 0 0 11
9F 0 0 11
A0 0 0 11
A1 0 0 11
A2 0 0 11
A3 0 0 11
A4 0 0 11
A5 0 0 11
A6 0 0 11
A7 0 0 11
A8 0 0 11
A9 0 0 11
AA 0 0 11
AB 0 0 11
AC 0 0 11
AD 0 0 11
AE 0 0 11
AF 0 0 11
B0 0 0 11
B1 0 0 11
B2 0 0 11
B3 0 0 11
B4 0 0 11
B5 0 0 11
B6 0 0 11
B7 0 0 11
B8 0 0 11
B9 0 0 11
BA 0 0 11
BB 0 0 11
BC 0 0 11
BD 0 0 11
BE 0 0 11
BF 0 0 11
C0 0 0 11
C1 0 0 11
C2 0 0 11
C3 0 0 11
C4 0 0 11
C5 0 0 11
C6 0 0 11
C7 0 0 11
C8 0 0 11
C9 0 0 11
CA 0 0 11
CB 0 0 11
CC 0 0 11
CD 0 0 11
CE 0 0 11
CF 0 0 11
D0 0 0 11
D1 0 0 11
D2 0 0 11
D3 0 0 11
D4 0 0 11
D5 0 0 11
D6 0 0 11
D7 0 0 11
D8 0 0 11
D9 0 0 11
DA 0 0 11
DB 0 0 11
DC 0 0 11
DD 0 0 11
DE 0 0 11
DF 0 0 11
E0 0 0 11
E1 0 0 11
E2 0 0 11
E3 0 0 11
E4 0 0 11
E5 0 0 11
E6 0 0 11
E7 0 0 11
E8 0 0 11
E9 0 0 11
EA 0 0 11
EB 0 0 11
EC 0 0 11
ED 0 0 11
EE 0 0 11
EF 0 0 11
F0 0 0 11
F1 0 0 11
F2 0 0 11
F3 0 0 11
F4 0 0 11
F5 0 0 11
F6 0 0 11
F7 0 0 11
F8 0 0 11
F9 0 0 11
FA 0 0 11
00 0 0 11
01 0 0 11
02 0 0 11
03 0 0 11
04 0 0 11
05 0 0 11
06 0 0 11
07 0 0 11
08 0 0 11
09 0 0 11
0A 0 0 11
0B 0 0 11
0C 0 0 11
0D 0 0 11
0E 0 0 11
0F 0 0 11
10 0 0 11
11 0 0 11
12 0 0 11
13 0 0 11
14 0 0 11
15 0 0 11
16 0 0 11
17 0 0 11
18 0 0 11
19 0 0 11
1A 0 0 11
1B 0 0 11
1C 0 0 11
1D 0 0 11
1E 0 0 11
1F 0 0 11
20 0 0 11
21 0 0 11
22 0 0 11
23 0 0 11
24 0 0 11
25 0 0 11
26 0 0 11
27 0 0 11
28 0 0 11
29 0 0 11
2A 0 0 11
2B 0 0 11
2C 0 0 11
2D 0 0 11
2E 0 0 11
2F 0 0 11
30 0 0 11
31 0 0 11
32 0 0 11
33 0 0 11
34 0 0 11
35 0 0 11
36 0 0 11
37 0 0 11
38 0 0 11
39 0 0 11
3A 0 0 11
3B 0 0 11
3C 0 0 11
3D 0 0 11
3E 0 0 11
3F 0 0 11
40 0 0 11
41 0 0 11
42 0 0 11
43 0 0 11
44 0 0 11
45 0 0 11
46 0 0 11
47 0 0 11
48 0 0 11
49 0 0 11
4A 0 0 11
4B 0 0 11
4C 0 0 11
4D 0 0 11
4E 0 0 11
4F 0 0 11
50 0 0 11
51 0 0 11
52 0 0 11
53 0 0 11
54 0 0 11
55 0 0 11
56 0 0 11
57 0 0 11
58 0 0 11
59 0 0 11
5A 0 0 11
5B 0 0 11
5C 0 0 11
5D 0 0 11
5E 0 0 11
5F 0 0 11
60 0 0 11
61 0 0 11
62 0 0 11
63 0 0 11
64 0 0 11
65 0 0 11
66 0 0 11
67 0 0 11
68 0 0 11
69 0 0 11
6A 0 0 11
6B 0 0 11
6C 0 0 11
6D 0 0 11
6E 0 0 11
6F 0 0 11
70 0 0 11
71 0 0 11
72 0 0 11
73 0 0 11
74 0 0 11
75 0 0 11
76 0 0 11
77 0 0 11
78 0 0 11
79 0 0 11
7A 0 0 11
7B 0 0 11
7C 0 0 11
7D 0 0 11
7E 0 0 11
7F 0 0 11
80 0 0 11
81 0 0 11
82 0 0 11
83 0 0 11
84 0 0 11
85 0 0 11
86 0 0 11
87 0 0 11
88 0 0 11
89 0 0 11
8A 0 0 11
8B 0 0 11
8C 0 0 11
8D 0 0 11
8E 0 0 11
8F 0 0 11
90 0 0 11
91 0 0 11
92 0 0 11
93 0 0 11
94 0 0 11
95 0 0 11
96 0 0 11
97 0 0 11
98 0 0 11
99 0 0 11
9A 0 0 11
9B 0 0 11
9C 0 0 11
9D 0 0 11
9E 0 0 11
9F 0 0 11
A0 0 0 11
A1 0 0 11
A2 0 0 11
A3 0 0 11
A4 0 0 11
A5 0 0 11
A6 0 0 11
A7 0 0 11
A8 0 0 11
A9 0 0 11
AA 0 0 11
AB 0 0 11
AC 0 0 11
AD 0 0 11
AE 0 0 11
AF 0 0 11
B0 0 0 11
B1 0 0 11
B2 0 0 11
B3 0 0 11
B4 0 0 11
B5 0 0 11
B6 0 0 11
B7 0 0 11
B8 0 0 11
B9 0 0 11
BA 0 0 11
BB 0 0 11
BC 0 0 11
BD 0 0 11
BE 0 0 11
BF 0 0 11
C0 0 0 11
C1 0 0 11
C2 0 0 11
C3 0 0 11
C4 0 0 11
C5 0 0 11
C6 0 0 11
C7 0 0 11
C8 0 0 11
C9 0 0 11
CA 0 0 11
CB 0 0 11
CC 0 0 11
CD 0 0 11
CE 0 0 11
CF 0 0 11
D0 0 0 11
D1 0 0 11
D2 0 0 11
D3 0 0 11
D4 0 0 11
D5 0 0 11
D6 0 0 11
D7 0 0 11
D8 0 0 11
D9 0 0 11
DA 0 0 11
DB 0 0 11
DC 0 0 11
DD 0 0 11
DE 0 0 11
DF 0 0 11
E0 0 0 11
E1 0 0 11
E2 0 0 11
E3 0 0 11
E4 0 0 11
E5 0 0 11
E6 0 0 11
E7 0 0 11
E8 0 0 11
E9 0 0 11
EA 0 0 11
EB 0 0 11
EC 0 0 11
ED 0 0 11
EE 0 0 11
EF 0 0 11
F0 0 0 11
F1 0 0 11
F2 0 0 11
F3 0 0 11
F4 0 0 11
F5 0 0 11
F6 0 0 11
F7 0 0 11
F8 0 0 11
F9 0 0 11
FA 0 0 11
00 0 0 11
01 0 0 11
02 0 0 11
03 0 0 11
04 0 0 11
05 0 0 11
06 0 0 11
07 0 0 11
08 0 0 11
09 0 0 11
0A 0 0 11
0B 0 0 11
0C 0 0 11
0D 0 0 11
0E 0 0 11
0F 0 0 11
10 0 0 11
11 0 0 11
12 0 0 11
13 0 0 11
14 0 0 11
15 0 0 11
16 0 0 11
17 0 0 11
18 0 0 11
19 0 0 11
1A 0 0 11
1B 0 0 11
1C 0 0 11
1D 0 0 11
1E 0 0 11
1F 0 0 11
20 0 0 11
21 0 0 11
22 0 0 11
23 0 0 11
24 0 0 11
25 0 0 11
26 0 0 11
27 0 0 11
28 0 0 11
29 0 0 11
2A 0 0 11
2B 0 0 11
2C 0 0 11
2D 0 0 11
2E 0 0 11
2F 0 0 11
30 0 0 11
31 0 0 11
32 0 0 11
33 0 0 11
34 0 0 11
35 0 0 11
36 0 0 11
37 0 0 11
38 0 0 11
39 0 0 11
3A 0 0 11
3B 0 0 11
3C 0 0 11
3D 0 0 11
3E 0 0 11
3F 0 0 11
40 0 0 11
41 0 0 11
42 0 0 11
43 0 0 11
44 0 0 11
45 0 0 11
46 0 0 11
47 0 0 11
48 0 0 11
49 0 0 11
4A 0 0 11
4B 0 0 11
4C 0 0 11
4D 0 0 11
4E 0 0 11
4F 0 0 11
50 0 0 11
51 0 0 11
52 0 0 11
53 0 0 11
54 0 0 11
55 0 0 11
56 0 0 11
57 0 0 11
58 0 0 11
59 0 0 11
5A 0 0 11
5B 0 0 11
5C 0 0 11
5D 0 0 11
5E 0 0 11
5F 0 0 11
60 0 0 11
61 0 0 11
62 0 0 11
63 0 0 11
64 0 0 11
65 0 0 11
66 0 0 11
67 0 0 11
68 0 0 11
69 0 0 11
6A 0 0 11
6B 0 0 11
6C 0 0 11
6D 0 0 11
6E 0 0 11
6F 0 0 11
70 0 0 11
71 0 0 11
72 0 0 11
73 0 0 11
74 0 0 11
75 0 0 11
76 0 0 11
77 0 0 11
78 0 0 11
79 0 0 11
7A 0 0 11
7B 0 0 11
7C 0 0 11
7D 0 0 11
7E 0 0 11
7F 0 0 11
80 0 0 11
81 0 0 11
82 0 0 11
83 0 0 11
84 0 0 11
85 0 0 11
86 0 0 11
87 0 0 11
88 0 0 11
89 0 0 11
8A 0 0 11
8B 0 0 11
8C 0 0 11
8D 0 0 11
8E 0 0 11
8F 0 0 11
90 0 0 11
91 0 0 11
92 0 0 11
93 0 0 11
94 0 0 11
95 0 0 11
96 0 0 11
97 0 0 11
98 0 0 11
99 0 0 11
9A 0 0 11
9B 0 0 11
9C 0 0 11
9D 0 0 11
9E 0 0 11
9F 0 0 11
A0 0 0 11
A1 0 0 11
A2 0 0 11
A3 0 0 11
A4 0 0 11
A5 0 0 11
A6 0 0 11
A7 0 0 11
A8 0 0 11
A9 0 0 11
AA 0 0 11
AB 0 0 11
AC 0 0 11
AD 0 0 11
AE 0 0 11
AF 0 0 11
B0 0 0 11
B1 0 0 11
B2 0 0 11
B3 0 0 11
B4 0 0 11
B5 0 0 11
B6 0 0 11
B7 0 0 11
B8 0 0 11
B9 0 0 11
BA 0 0 11
BB 0 0 11
BC 0 0 11
BD 0 0 11
BE 0 0 11
BF 0 0 11
C0 0 0 11
C1 0 0 11
C2 0 0 11
C3 0 0 11
C4 0 0 11
C5 0 0 11
C6 0 0 11
C7 0 0 11
C8 0 0 11
C9 0 0 11
CA 0 0 11
CB 0 0 11
CC 0 0 11
CD 0 0 11
CE 0 0 11
CF 0 0 11
D0 0 0 11
D1 0 0 11
D2 0 0 11
D3 0 0 11
D4 0 0 11
D5 0 0 11
D6 0 0 11
D7 0 0 11
D8 0 0 11
D9 0 0 11
DA 0 0 11
DB 0 0 11
DC 0 0 11
DD 0 0 11
DE 0 0 11
DF 0 0 11
E0 0 0 11
E1 0 0 11
E2 0 0 11
E3 0 0 11
E4 0 0 11
E5 0 0 11
E6 0 0 11
E7 0 0 11
E8 0 0 11
E9 0 0 11
EA 0 0 11
EB 0 0 11
EC 0 0 11
ED 0 0 11
EE 0 0 11
EF 0 0 11
F0 0 0 11
F1 0 0 11
F2 0 0 11
F3 0 0 11
F4 0 0 11
F5 0 0 11
F6 0 0 11
F7 0 0 11
F8 0 0 11
F9 0 0 11
FA 0 0 11
00 0 0 11
01 0 0 11
02 0 0 11
03 0 0 11
04 0 0 11
05 0 0 11
06 0 0 11
07 0 0 11
08 0 0 11
09 0 0 11
0A 0 0 11
0B 0 0 11
0C 0 0 11
0D 0 0 11
0E 0 0 11
0F 0 0 11
10 0 0 11
11 0 0 11
12 0 0 11
13 0 0 11
14 0 0 11
15 0 0 11
16 0 0 11
17 0 0 11
18 0 0 11
19 0 0 11
1A 0 0 11
1B 0 0 11
1C 0 0 11
1D 0 0 11
1E 0 0 11
1F 0 0 11
20 0 0 11
21 0 0 11
22 0 0 11
23 0 0 11
24 0 0 11
25 0 0 11
26 0 0 11
27 0 0 11
28 0 0 11
29 0 0 11
2A 0 0 11
2B 0 0 11
2C 0 0 11
2D 0 0 11
2E 0 0 11
2F 0 0 11
30 0 0 11
31 0 0 11
32 0 0 11
33 0 0 11
34 0 0 11
35 0 0 11
36 0 0 11
37 0 0 11
38 0 0 11
39 0 0 11
3A 0 0 11
3B 0 0 11
3C 0 0 11
3D 0 0 11
3E 0 0 11
3F 0 0 11
40 0 0 11
41 0 0 11
42 0 0 11
43 0 0 11
44 0 0 11
45 0 0 11
46 0 0 11
47 0 0 11
48 0 0 11
49 0 0 11
4A 0 0 11
4B 0 0 11
4C 0 0 11
4D 0 0 11
4E 0 0 11
4F 0 0 11
50 0 0 11
51 0 0 11
52 0 0 11
53 0 0 11
54 0 0 11
55 0 0 11
56 0 0 11
57 0 0 11
58 0 0 11
59 0 0 11
5A 0 0 11
5B 0 0 11
5C 0 0 11
5D 0 0 11
5E 0 0 11
5F 0 0 11
60 0 0 11
61 0 0 11
62 0 0 11
63 0 0 11
64 0 0 11
65 0 0 11
66 0 0 11
67 0 0 11
68 0 0 11
69 0 0 11
6A 0 0 11
6B 0 0 11
6C 0 0 11
6D 0 0 11
6E 0 0 11
6F 0 0 11
70 0 0 11
71 0 0 11
72 0 0 11
73 0 0 11
74 0 0 11
75 0 0 11
76 0 0 11
77 0 0 11
78 0 0 11
79 0 0 11
7A 0 0 11
7B 0 0 11
7C 0 0 11
7D 0 0 11
7E 0 0 11
7F 0 0 11
80 0 0 11
81 0 0 11
82 0 0 11
83 0 0 11
84 0 0 11
85 0 0 11
86 0 0 11
87 0 0 11
88 0 0 11
89 0 0 11
8A 0 0 11
8B 0 0 11
8C 0 0 11
8D 0 0 11
8E 0 0 11
8F 0 0 11
90 0 0 11
91 0 0 11
92 0 0 11
93 0 0 11
94 0 0 11
95 0 0 11
96 0 0 11
97 0 0 11
98 0 0 11
99 0 0 11
9A 0 0 11
9B 0 0 11
9C 0 0 11
9D 0 0 11
9E 0 0 11
9F 0 0 11
A0 0 0 11
A1 0 0 11
A2 0 0 11
A3 0 0 11
A4 0 0 11
A5 0 0 11
A6 0 0 11
A7 0 0 11
A8 0 0 11
A9 0 0 11
AA 0 0 11
AB 0 0 11
AC 0 0 11
AD 0 0 11
AE 0 0 11
AF 0 0 11
B0 0 0 11
B1 0 0 11
B2 0 0 11
B3 0 0 11
B4 0 0 11
B5 0 0 11
B6 0 0 11
B7 0 0 11
B8 0 0 11
B9 0 0 11
BA 0 0 11
BB 0 0 11
BC 0 0 11
BD 0 0 11
BE 0 0 11
BF 0 0 11
C0 0 0 11
C1 0 0 11
C2 0 0 11
C3 0 0 11
C4 0 0 11
C5 0 0 11
C6 0 0 11
C7 0 0 11
C8 0 0 11
C9 0 0 11
CA 0 0 11
CB 0 0 11
CC 0 0 11
CD 0 0 11
CE 0 0 11
CF 0 0 11
D0 0 0 11
D1 0 0 11
D2 0 0 11
D3 0 0 11
D4 0 0 11
D5 0 0 11
D6 0 0 11
D7 0 0 11
D8 0 0 11
D9 0 0 11
DA 0 0 11
DB 0 0 11
DC 0 0 11
DD 0 0 11
DE 0 0 11
DF 0 0 11
E0 0 0 11
E1 0 0 11
E2 0 0 11
E3 0 0 11
E4 0 0 11
E5 0 0 11
E6 0 0 11
E7 0 0 11
E8 0 0 11
E9 0 0 11
EA 0 0 11
EB 0 0 11
EC 0 0 11
ED 0 0 11
EE 0 0 11
EF 0 0 11
F0 0 0 11
F1 0 0 11
F2 0 0 11
F3 0 0 11
F4 0 0 11
F5 0 0 11
F6 0 0 11
F7 0 0 11
F8 0 0 11
F9 0 0 11
FA 0 0 11
00 0 0 11
01 0 0 11
02 0 0 11
03 0 0 11
04 0 0 11
05 0 0 11
06 0 0 11
07 0 0 11
08 0 0 11
09 0 0 11
0A 0 0 11
0B 0 0 11
0C 0 0 11
0D 0 0 11
0E 0 0 11
0F 0 0 11
10 0 0 11
11 0 0 11
12 0 0 11
13 0 0 11
14 0 0 11
15 0 0 11
16 0 0 11
17 0 0 11
18 0 0 11
19 0 0 11
1A 0 0 11
1B 0 0 11
1C 0 0 11
1D 0 0 11
1E 0 0 11
1F 0 0 11
20 0 0 11
21 0 0 11
22 0 0 11
23 0 0 11
24 0 0 11
25 0 0 11
26 0 0 11
27 0 0 11
28 0 0 11
29 0 0 11
2A 0 0 11
2B 0 0 11
2C 0 0 11
2D 0 0 11
2E 0 0 11
2F 0 0 11
30 0 0 11
31 0 0 11
32 0 0 11
33 0 0 11
34 0 0 11
35 0 0 11
36 0 0 11
37 0 0 11
38 0 0 11
39 0 0 11
3A 0 0 11
3B 0 0 11
3C 0 0 11
3D 0 0 11
3E 0 0 11
3F 0 0 11
40 0 0 11
41 0 0 11
42 0 0 11
43 0 0 11
44 0 0 11
45 0 0 11
46 0 0 11
47 0 0 11
48 0 0 11
49 0 0 11
4A 0 0 11
4B 0 0 11
4C 0 0 11
4D 0 0 11
4E 0 0 11
4F 0 0 11
50 0 0 11
51 0 0 11
52 0 0 11
53 0 0 11
54 0 0 11
55 0 0 11
56 0 0 11
57 0 0 11
58 0 0 11
59 0 0 11
5A 0 0 11
5B 0 0 11
5C 0 0 11
5D 0 0 11
5E 0 0 11
5F 0 0 11
60 0 0 11
61 0 0 11
62 0 0 11
63 0 0 11
64 0 0 11
65 0 0 11
66 0 0 11
67 0 0 11
68 0 0 11
69 0 0 11
6A 0 0 11
6B 0 0 11
6C 0 0 11
6D 0 0 11
6E 0 0 11
6F 0 0 11
70 0 0 11
71 0 0 11
72 0 0 11
73 0 0 11
74 0 0 11
75 0 0 11
76 0 0 11
77 0 0 11
78 0 0 11
79 0 0 11
7A 0 0 11
7B 0 0 11
7C 0 0 11
7D 0 0 11
7E 0 0 11
7F 0 0 11
80 0 0 11
81 0 0 11
82 0 0 11
83 0 0 11
84 0 0 11
85 0 0 11
86 0 0 11
87 0 0 11
88 0 0 11
89 0 0 11
8A 0 0 11
8B 0 0 11
8C 0 0 11
8D 0 0 11
8E 0 0 11
8F 0 0 11
90 0 0 11
91 0 0 11
92 0 0 11
93 0 0 11
94 0 0 11
95 0 0 11
96 0 0 11
97 0 0 11
98 0 0 11
99 0 0 11
9A 0 0 11
9B 0 0 11
9C 0 0 11
9D 0 0 11
9E 0 0 11
9F 0 0 11
A0 0 0 11
A1 0 0 11
A2 0 0 11
A3 0 0 11
A4 0 0 11
A5 0 0 11
A6 0 0 11
A7 0 0 11
A8 0 0 11
A9 0 0 11
AA 0 0 11
AB 0 0 11
AC 0 0 11
AD 0 0 11
AE 0 0 11
AF 0 0 11
B0 0 0 11
B1 0 0 11
B2 0 0 11
B3 0 0 11
B4 0 0 11
B5 0 0 11
B6 0 0 11
B7 0 0 11
B8 0 0 11
B9 0 0 11
BA 0 0 11
BB 0 0 11
BC 0 0 11
BD 0 0 11
BE 0 0 11
BF 0 0 11
C0 0 0 11
C1 0 0 11
C2 0 0 11
C3 0 0 11
C4 0 0 11
C5 0 0 11
C6 0 0 11
C7 0 0 11
C8 0 0 11
C9 0 0 11
CA 0 0 11
CB 0 0 11
CC 0 0 11
CD 0 0 11
CE 0 0 11
CF 0 0 11
D0 0 0 11
D1 0 0 11
D2 0 0 11
D3 0 0 11
D4 0 0 11
D5 0 0 11
D6 0 0 11
D7 0 0 11
D8 0 0 11
D9 0 0 11
DA 0 0 11
DB 0 0 11
DC 0 0 11
DD 0 0 11
DE 0 0 11
DF 0 0 11
E0 0 0 11
E1 0 0 11
E2 0 0 11
E3 0 0 11
E4 0 0 11
E5 0 0 11
E6 0 0 11
E7 0 0 11
E8 0 0 11
E9 0 0 11
EA 0 0 11
EB 0 0 11
EC 0 0 11
ED 0 0 11
EE 0 0 11
EF 0 0 11
F0 0 0 11
F1 0 0 11
F2 0 0 11
F3 0 0 11
F4 0 0 11
F5 0 0 11
F6 0 0 11
F7 0 0 11
F8 0 0 11
F9 0 0 11
FA 0 0 11
00 0 0 11
01 0 0 11
02 0 0 11
03 0 0 11
04 0 0 11
05 0 0 11
06 0 0 11
07 0 0 11
08 0 0 11
09 0 0 11
0A 0 0 11
0B 0 0 11
0C 0 0 11
0D 0 0 11
0E 0 0 11
0F 0 0 11
10 0 0 11
11 0 0 11
12 0 0 11
13 0 0 11
14 0 0 11
15 0 0 11
16 0 0 11
17 0 0 11
18 0 0 11
19 0 0 11
1A 0 0 11
1B 0 0 11
1C 0 0 11
1D 0 0 11
1E 0 0 11
1F 0 0 11
20 0 0 11
21 0 0 11
22 0 0 11
23 0 0 11
24 0 0 11
25 0 0 11
26 0 0 11
27 0 0 11
28 0 0 11
29 0 0 11
2A 0 0 11
2B 0 0 11
2C 0 0 11
2D 0 0 11
2E 0 0 11
2F 0 0 11
30 0 0 11
31 0 0 11
32 0 0 11
33 0 0 11
34 0 0 11
35 0 0 11
36 0 0 11
37 0 0 11
38 0 0 11
39 0 0 11
3A 0 0 11
3B 0 0 11
3C 0 0 11
3D 0 0 11
3E 0 0 11
3F 0 0 11
40 0 0 11
41 0 0 11
42 0 0 11
43 0 0 11
44 0 0 11
45 0 0 11
46 0 0 11
47 0 0 11
48 0 0 11
49 0 0 11
4A 0 0 11
4B 0 0 11
4C 0 0 11
4D 0 0 11
4E 0 0 11
4F 0 0 11
50 0 0 11
51 0 0 11
52 0 0 11
53 0 0 11
54 0 0 11
55 0 0 11
56 0 0 11
57 0 0 11
58 0 0 11
59 0 0 11
5A 0 0 11
5B 0 0 11
5C 0 0 11
5D 0 0 11
5E 0 0 11
5F 0 0 11
60 0 0 11
61 0 0 11
62 0 0 11
63 0 0 11
64 0 0 11
65 0 0 11
66 0 0 11
67 0 0 11
68 0 0 11
69 0 0 11
6A 0 0 11
6B 0 0 11
6C 0 0 11
6D 0 0 11
6E 0 0 11
6F 0 0 11
70 0 0 11
71 0 0 11
72 0 0 11
73 0 0 11
74 0 0 11
75 0 0 11
76 0 0 11
77 0 0 11
78 0 0 11
79 0 0 11
7A 0 0 11
7B 0 0 11
7C 0 0 11
7D 0 0 11
7E 0 0 11
7F 0 0 11
80 0 0 11
81 0 0 11
82 0 0 11
83 0 0 11
84 0 0 11
85 0 0 11
86 0 0 11
87 0 0 11
88 0 0 11
89 0 0 11
8A 0 0 11
8B 0 0 11
8C 0 0 11
8D 0 0 11
8E 0 0 11
8F 0 0 11
90 0 0 11
91 0 0 11
92 0 0 11
93 0 0 11
94 0 0 11
95 0 0 11
96 0 0 11
97 0 0 11
98 0 0 11
99 0 0 11
9A 0 0 11
9B 0 0 11
9C 0 0 11
9D 0 0 11
9E 0 0 11
9F 0 0 11
A0 0 0 11
A1 0 0 11
A2 0 0 11
A3 0 0 11
A4 0 0 11
A5 0 0 11
A6 0 0 11
A7 0 0 11
A8 0 0 11
A9 0 0 11
AA 0 0 11
AB 0 0 11
AC 0 0 11
AD 0 0 11
AE 0 0 11
AF 0 0 11
B0 0 0 11
B1 0 0 11
B2 0 0 11
B3 0 0 11
B4 0 0 11
B5 0 0 11
B6 0 0 11
B7 0 0 11
B8 0 0 11
B9 0 0 11
BA 0 0 11
BB 0 0 11
BC 0 0 11
BD 0 0 11
BE 0 0 11
BF 0 0 11
C0 0 0 11
C1 0 0 11
C2 0 0 11
C3 0 0 11
C4 0 0 11
C5 0 0 11
C6 0 0 11
C7 0 0 11
C8 0 0 11
C9 0 0 11
CA 0 0 11
CB 0 0 11
CC 0 0 11
CD 0 0 11
CE 0 0 11
CF 0 0 11
D0 0 0 11
D1 0 0 11
D2 0 0 11
D3 0 0 11
D4 0 0 11
D5 0 0 11
D6 0 0 11
D7 0 0 11
D8 0 0 11
D9 0 0 11
DA 0 0 11
DB 0 0 11
DC 0 0 11
DD 0 0 11
DE 0 0 11
DF 0 0 11
E0 0 0 11
E1 0 0 11
E2 0 0 11
E3 0 0 11
E4 0 0 11
E5 0 0 11
E6 0 0 11
E7 0 0 11
E8 0 0 11
E9 0 0 11
EA 0 0 11
EB 0 0 11
EC 0 0 11
ED 0 0 11
EE 0 0 11
EF 0 0 11
F0 0 0 11
F1 0 0 11
F2 0 0 11
F3 0 0 11
F4 0 0 11
F5 0 0 11
F6 0 0 11
F7 0 0 11
F8 0 0 11
F9 0 0 11
FA 0 0 11
00 0 0 11
01 0 0 11
02 0 0 11
03 1 1 11
00 0 0 12
0A 0 0 12
35 0 0 12
01 0 0 12
02 0 0 12
03 0 0 12
DE 0 0 12
AD 0 0 12
BE 0 0 12
EF 0 0 12
00 0 0 12
01 0 0 12
08 0 0 12
00 0 0 12
0C 0 0 12
0D 0 0 12
0E 0 0 12
0F 0 0 12
10 0 0 12
11 0 0 12
12 0 0 12
13 0 0 12
14 0 0 12
15 0 0 12
16 0 0 12
17 0 0 12
18 0 0 12
19 0 0 12
1A 0 0 12
1B 0 0 12
1C 0 0 12
1D 0 0 12
1E 0 0 12
1F 0 0 12
20 0 0 12
21 0 0 12
22 0 0 12
23 0 0 12
24 0 0 12
25 0 0 12
26 0 0 12
27 0 0 12
28 0 0 12
29 0 0 12
2A 0 0 12
2B 0 0 12
2C 0 0 12
2D 0 0 12
2E 0 0 12
2F 0 0 12
30 0 0 12
31 0 0 12
32 0 0 12
33 0 0 12
34 0 0 12
35 0 0 12
36 1 0 12
00 0 0 13
0A 0 0 13
35 0 0 13
01 0 0 13
02 0 0 13
03 0 0 13
DE 0 0 13
AD 0 0 13
BE 0 0 13
EF 0 0 13
00 0 0 13
01 0 0 13
08 0 0 13
00 0 0 13
0D 0 0 13
00 0 0 13
00 0 0 13
00 0 0 13
00 0 0 13
00 0 0 13
00 0 0 13
00 0 0 13
00 0 0 13
00 0 0 13
00 0 0 13
00 0 0 13
00 0 0 13
00 0 0 13
00 0 0 13
00 0 0 13
00 0 0 13
00 0 0 13
00 0 0 13
00 0 0 13
00 0 0 13
00 0 0 13
00 0 0 13
00 0 0 13
00 0 0 13
00 0 0 13
00 0 0 13
00 0 0 13
00 0 0 13
00 0 0 13
00 0 0 13
00 0 0 13
00 0 0 13
00 0 0 13
00 0 0 13
00 0 0 13
00 0 0 13
00 0 0 13
00 0 0 13
00 0 0 13
00 0 0 13
00 0 0 13
00 0 0 13
00 0 0 13
00 0 0 13
00 1 1 13
00 0 0 14
0A 0 0 14
35 0 0 14
01 0 0 14
02 0 0 14
03 0 0 14
DE 0 0 14
AD 0 0 14
BE 0 0 14
EF 0 0 14
00 0 0 14
01 0 0 14
08 0 0 14
00 0 0 14
0E 0 0 14
0F 0 0 14
10 0 0 14
11 0 0 14
12 0 0 14
13 0 0 14
14 0 0 14
15 0 0 14
16 0 0 14
17 0 0 14
18 0 0 14
19 0 0 14
1A 0 0 14
1B 0 0 14
1C 0 0 14
1D 0 0 14
1E 0 0 14
1F 0 0 14
20 0 0 14
21 0 0 14
22 0 0 14
23 0 0 14
24 0 0 14
25 0 0 14
26 0 0 14
27 0 0 14
28 0 0 14
29 0 0 14
2A 0 0 14
2B 0 0 14
2C 0 0 14
2D 0 0 14
2E 0 0 14
2F 0 0 14
30 0 0 14
31 0 0 14
32 0 0 14
33 0 0 14
34 0 0 14
35 0 0 14
36 0 0 14
37 0 0 14
38 0 0 14
39 0 0 14
3A 0 0 14
00 1 0 14
00 0 0 15
0A 0 0 15
35 0 0 15
01 0 0 15
02 0 0 15
03 0 0 15
DE 0 0 15
AD 0 0 15
BE 0 0 15
EF 0 0 15
00 0 0 15
01 0 0 15
08 0 0 15
00 0 0 15
0F 0 0 15
10 0 0 15
11 0 0 15
12 0 0 15
13 0 0 15
14 0 0 15
15 0 0 15
16 0 0 15
17 0 0 15
18 0 0 15
19 0 0 15
1A 0 0 15
1B 0 0 15
1C 0 0 15
1D 0 0 15
1E 0 0 15
1F 0 0 15
20 0 0 15
21 0 0 15
22 0 0 15
23 0 0 15
24 0 0 15
25 0 0 15
26 0 0 15
27 0 0 15
28 0 0 15
29 0 0 15
2A 0 0 15
2B 0 0 15
2C 0 0 15
2D 0 0 15
2E 0 0 15
2F 0 0 15
30 0 0 15
31 0 0 15
32 0 0 15
33 0 0 15
34 0 0 15
35 0 0 15
36 0 0 15
37 0 0 15
38 0 0 15
39 0 0 15
3A 0 0 15
3B 0 0 15
3C 1 1 15
00 0 0 16
0A 0 0 16
35 0 0 16
01 0 0 16
02 0 0 16
03 0 0 16
DE 0 0 16
AD 0 0 16
BE 0 0 16
EF 0 0 16
00 0 0 16
01 0 0 16
08 0 0 16
00 0 0 16
10 0 0 16
11 0 0 16
12 0 0 16
13 0 0 16
14 0 0 16
15 0 0 16
16 0 0 16
17 0 0 16
18 0 0 16
19 0 0 16
1A 0 0 16
1B 0 0 16
1C 0 0 16
1D 0 0 16
1E 0 0 16
1F 0 0 16
20 0 0 16
21 0 0 16
22 0 0 16
23 0 0 16
24 0 0 16
25 0 0 16
26 0 0 16
27 0 0 16
28 0 0 16
29 0 0 16
2A 0 0 16
2B 0 0 16
2C 0 0 16
2D 0 0 16
2E 0 0 16
2F 0 0 16
30 0 0 16
31 0 0 16
32 0 0 16
33 0 0 16
34 0 0 16
35 0 0 16
36 0 0 16
37 0 0 16
38 0 0 16
39 0 0 16
3A 0 0 16
3B 0 0 16
3C 0 0 16
3D 0 0 16
3E 0 0 16
B4 0 0 16
A2 0 0 16
AB 0 0 16
A9 0 0 16
00 0 0 16
01 0 0 16
02 0 0 16
03 0 0 16
04 0 0 16
05 0 0 16
06 0 0 16
07 0 0 16
08 0 0 16
09 0 0 16
0A 0 0 16
0B 0 0 16
0C 0 0 16
0D 0 0 16
0E 0 0 16
0F 0 0 16
10 0 0 16
11 0 0 16
12 0 0 16
13 0 0 16
14 0 0 16
15 0 0 16
16 0 0 16
17 0 0 16
18 0 0 16
19 0 0 16
1A 0 0 16
1B 0 0 16
1C 0 0 16
1D 0 0 16
1E 0 0 16
1F 0 0 16
20 0 0 16
21 0 0 16
22 0 0 16
23 0 0 16
24 0 0 16
25 0 0 16
26 0 0 16
27 0 0 16
28 0 0 16
29 0 0 16
2A 0 0 16
2B 0 0 16
2C 0 0 16
2D 0 0 16
2E 0 0 16
2F 0 0 16
30 0 0 16
31 0 0 16
32 0 0 16
33 0 0 16
34 0 0 16
35 0 0 16
36 0 0 16
37 0 0 16
38 0 0 16
39 0 0 16
3A 0 0 16
3B 0 0 16
3C 0 0 16
3D 0 0 16
3E 0 0 16
3F 0 0 16
40 0 0 16
41 0 0 16
42 0 0 16
43 0 0 16
44 0 0 16
45 0 0 16
46 0 0 16
47 0 0 16
48 0 0 16
49 0 0 16
4A 0 0 16
4B 0 0 16
4C 0 0 16
4D 0 0 16
4E 0 0 16
4F 0 0 16
50 0 0 16
51 0 0 16
52 0 0 16
53 0 0 16
54 0 0 16
55 0 0 16
56 0 0 16
57 0 0 16
58 0 0 16
59 0 0 16
5A 0 0 16
5B 0 0 16
5C 0 0 16
5D 0 0 16
5E 0 0 16
5F 0 0 16
60 0 0 16
61 0 0 16
62 0 0 16
63 0 0 16
64 0 0 16
65 0 0 16
66 0 0 16
67 0 0 16
68 0 0 16
69 0 0 16
6A 0 0 16
6B 0 0 16
6C 0 0 16
6D 0 0 16
6E 0 0 16
6F 0 0 16
70 0 0 16
71 0 0 16
72 0 0 16
73 0 0 16
74 0 0 16
75 0 0 16
76 0 0 16
77 0 0 16
78 0 0 16
79 0 0 16
7A 0 0 16
7B 0 0 16
7C 0 0 16
7D 0 0 16
7E 0 0 16
7F 0 0 16
80 0 0 16
81 0 0 16
82 0 0 16
83 0 0 16
84 0 0 16
85 0 0 16
86 0 0 16
87 0 0 16
88 0 0 16
89 0 0 16
8A 0 0 16
8B 0 0 16
8C 0 0 16
8D 0 0 16
8E 0 0 16
8F 0 0 16
90 0 0 16
91 0 0 16
92 0 0 16
93 0 0 16
94 0 0 16
95 0 0 16
96 0 0 16
97 0 0 16
98 0 0 16
99 0 0 16
9A 0 0 16
9B 0 0 16
9C 0 0 16
9D 0 0 16
9E 0 0 16
9F 0 0 16
A0 0 0 16
A1 0 0 16
A2 0 0 16
A3 0 0 16
A4 0 0 16
A5 0 0 16
A6 0 0 16
A7 0 0 16
A8 0 0 16
A9 0 0 16
AA 0 0 16
AB 0 0 16
AC 0 0 16
AD 0 0 16
AE 0 0 16
AF 0 0 16
B0 0 0 16
B1 0 0 16
B2 0 0 16
B3 0 0 16
B4 0 0 16
B5 0 0 16
B6 0 0 16
B7 0 0 16
B8 0 0 16
B9 0 0 16
BA 0 0 16
BB 0 0 16
BC 0 0 16
BD 0 0 16
BE 0 0 16
BF 0 0 16
C0 0 0 16
C1 0 0 16
C2 0 0 16
C3 0 0 16
C4 0 0 16
C5 0 0 16
C6 0 0 16
C7 0 0 16
C8 0 0 16
C9 0 0 16
CA 0 0 16
CB 0 0 16
CC 0 0 16
CD 0 0 16
CE 0 0 16
CF 0 0 16
D0 0 0 16
D1 0 0 16
D2 0 0 16
D3 0 0 16
D4 0 0 16
D5 0 0 16
D6 0 0 16
D7 0 0 16
D8 0 0 16
D9 0 0 16
DA 0 0 16
DB 0 0 16
DC 0 0 16
DD 0 0 16
DE 0 0 16
DF 0 0 16
E0 0 0 16
E1 0 0 16
E2 0 0 16
E3 0 0 16
E4 0 0 16
E5 0 0 16
E6 0 0 16
E7 0 0 16
E8 0 0 16
E9 0 0 16
EA 0 0 16
EB 0 0 16
EC 0 0 16
ED 0 0 16
EE 0 0 16
EF 0 0 16
F0 0 0 16
F1 0 0 16
F2 0 0 16
F3 0 0 16
F4 0 0 16
F5 0 0 16
F6 0 0 16
F7 0 0 16
F8 0 0 16
F9 0 0 16
FA 0 0 16
FB 0 0 16
FC 0 0 16
FD 0 0 16
FE 0 0 16
FF 0 0 16
00 0 0 16
01 0 0 16
02 0 0 16
03 0 0 16
04 0 0 16
05 0 0 16
06 0 0 16
07 0 0 16
08 0 0 16
09 0 0 16
0A 0 0 16
0B 0 0 16
0C 0 0 16
0D 0 0 16
0E 0 0 16
0F 0 0 16
10 0 0 16
11 0 0 16
12 0 0 16
13 0 0 16
14 0 0 16
15 0 0 16
16 0 0 16
17 0 0 16
18 0 0 16
19 0 0 16
1A 0 0 16
1B 0 0 16
1C 0 0 16
1D 0 0 16
1E 0 0 16
1F 0 0 16
20 0 0 16
21 0 0 16
22 0 0 16
23 0 0 16
24 0 0 16
25 0 0 16
26 0 0 16
27 0 0 16
28 0 0 16
29 0 0 16
2A 0 0 16
2B 0 0 16
2C 0 0 16
2D 0 0 16
2E 0 0 16
2F 0 0 16
30 0 0 16
31 0 0 16
32 0 0 16
33 0 0 16
34 0 0 16
35 0 0 16
36 0 0 16
37 0 0 16
38 0 0 16
39 0 0 16
3A 0 0 16
3B 0 0 16
3C 0 0 16
3D 0 0 16
3E 0 0 16
3F 0 0 16
40 0 0 16
41 0 0 16
42 0 0 16
43 0 0 16
44 0 0 16
45 0 0 16
46 0 0 16
47 0 0 16
48 0 0 16
49 0 0 16
4A 0 0 16
4B 0 0 16
4C 0 0 16
4D 0 0 16
4E 0 0 16
4F 0 0 16
50 0 0 16
51 0 0 16
52 0 0 16
53 0 0 16
54 0 0 16
55 0 0 16
56 0 0 16
57 0 0 16
58 0 0 16
59 0 0 16
5A 0 0 16
5B 0 0 16
5C 0 0 16
5D 0 0 16
5E 0 0 16
5F 0 0 16
60 0 0 16
61 0 0 16
62 0 0 16
63 0 0 16
64 0 0 16
65 0 0 16
66 0 0 16
67 0 0 16
68 0 0 16
69 0 0 16
6A 0 0 16
6B 0 0 16
6C 0 0 16
6D 0 0 16
6E 0 0 16
6F 0 0 16
70 0 0 16
71 0 0 16
72 0 0 16
73 0 0 16
74 0 0 16
75 0 0 16
76 0 0 16
77 0 0 16
78 0 0 16
79 0 0 16
7A 0 0 16
7B 0 0 16
7C 0 0 16
7D 0 0 16
7E 0 0 16
7F 0 0 16
80 0 0 16
81 0 0 16
82 0 0 16
83 0 0 16
84 0 0 16
85 0 0 16
86 0 0 16
87 0 0 16
88 0 0 16
89 0 0 16
8A 0 0 16
8B 0 0 16
8C 0 0 16
8D 0 0 16
8E 0 0 16
8F 0 0 16
90 0 0 16
91 0 0 16
92 0 0 16
93 0 0 16
94 0 0 16
95 0 0 16
96 0 0 16
97 0 0 16
98 0 0 16
99 0 0 16
9A 0 0 16
9B 0 0 16
9C 0 0 16
9D 0 0 16
9E 0 0 16
9F 0 0 16
A0 0 0 16
A1 0 0 16
A2 0 0 16
A3 0 0 16
A4 0 0 16
A5 0 0 16
A6 0 0 16
A7 0 0 16
A8 0 0 16
A9 0 0 16
AA 0 0 16
AB 0 0 16
AC 0 0 16
AD 0 0 16
AE 0 0 16
AF 0 0 16
B0 0 0 16
B1 0 0 16
B2 0 0 16
B3 0 0 16
B4 0 0 16
B5 0 0 16
B6 0 0 16
B7 0 0 16
B8 0 0 16
B9 0 0 16
BA 0 0 16
BB 0 0 16
BC 0 0 16
BD 0 0 16
BE 0 0 16
BF 0 0 16
C0 0 0 16
C1 0 0 16
C2 0 0 16
C3 0 0 16
C4 0 0 16
C5 0 0 16
C6 0 0 16
C7 0 0 16
C8 0 0 16
C9 0 0 16
CA 0 0 16
CB 0 0 16
CC 0 0 16
CD 0 0 16
CE 0 0 16
CF 0 0 16
D0 0 0 16
D1 0 0 16
D2 0 0 16
D3 0 0 16
D4 0 0 16
D5 0 0 16
D6 0 0 16
D7 0 0 16
D8 0 0 16
D9 0 0 16
DA 0 0 16
DB 0 0 16
DC 0 0 16
DD 0 0 16
DE 0 0 16
DF 0 0 16
E0 0 0 16
E1 0 0 16
E2 0 0 16
E3 0 0 16
E4 0 0 16
E5 0 0 16
E6 0 0 16
E7 0 0 16
E8 0 0 16
E9 0 0 16
EA 0 0 16
EB 0 0 16
EC 0 0 16
ED 0 0 16
EE 0 0 16
EF 0 0 16
F0 0 0 16
F1 0 0 16
F2 0 0 16
F3 0 0 16
F4 0 0 16
F5 0 0 16
F6 0 0 16
F7 0 0 16
F8 0 0 16
F9 0 0 16
FA 0 0 16
FB 0 0 16
FC 0 0 16
FD 0 0 16
FE 0 0 16
FF 0 0 16
00 0 0 16
01 0 0 16
02 0 0 16
03 0 0 16
04 0 0 16
05 0 0 16
06 0 0 16
07 0 0 16
08 0 0 16
09 0 0 16
0A 0 0 16
0B 0 0 16
0C 0 0 16
0D 0 0 16
0E 0 0 16
0F 0 0 16
10 0 0 16
11 0 0 16
12 0 0 16
13 0 0 16
14 0 0 16
15 0 0 16
16 0 0 16
17 0 0 16
18 0 0 16
19 0 0 16
1A 0 0 16
1B 0 0 16
1C 0 0 16
1D 0 0 16
1E 0 0 16
1F 0 0 16
20 0 0 16
21 0 0 16
22 0 0 16
23 0 0 16
24 0 0 16
25 0 0 16
26 0 0 16
27 0 0 16
28 0 0 16
29 0 0 16
2A 0 0 16
2B 0 0 16
2C 0 0 16
2D 0 0 16
2E 0 0 16
2F 0 0 16
30 0 0 16
31 0 0 16
32 0 0 16
33 0 0 16
34 0 0 16
35 0 0 16
36 0 0 16
37 0 0 16
38 0 0 16
39 0 0 16
3A 0 0 16
3B 0 0 16
3C 0 0 16
3D 0 0 16
3E 0 0 16
3F 0 0 16
40 0 0 16
41 0 0 16
42 0 0 16
43 0 0 16
44 0 0 16
45 0 0 16
46 0 0 16
47 0 0 16
48 0 0 16
49 0 0 16
4A 0 0 16
4B 0 0 16
4C 0 0 16
4D 0 0 16
4E 0 0 16
4F 0 0 16
50 0 0 16
51 0 0 16
52 0 0 16
53 0 0 16
54 0 0 16
55 0 0 16
56 0 0 16
57 0 0 16
58 0 0 16
59 0 0 16
5A 0 0 16
5B 0 0 16
5C 0 0 16
5D 0 0 16
5E 0 0 16
5F 0 0 16
60 0 0 16
61 0 0 16
62 0 0 16
63 0 0 16
64 0 0 16
65 0 0 16
66 0 0 16
67 0 0 16
68 0 0 16
69 0 0 16
6A 0 0 16
6B 0 0 16
6C 0 0 16
6D 0 0 16
6E 0 0 16
6F 0 0 16
70 0 0 16
71 0 0 16
72 0 0 16
73 0 0 16
74 0 0 16
75 0 0 16
76 0 0 16
77 0 0 16
78 0 0 16
79 0 0 16
7A 0 0 16
7B 0 0 16
7C 0 0 16
7D 0 0 16
7E 0 0 16
7F 0 0 16
80 0 0 16
81 0 0 16
82 0 0 16
83 0 0 16
84 0 0 16
85 0 0 16
86 0 0 16
87 0 0 16
88 0 0 16
89 0 0 16
8A 0 0 16
8B 0 0 16
8C 0 0 16
8D 0 0 16
8E 0 0 16
8F 0 0 16
90 0 0 16
91 0 0 16
92 0 0 16
93 0 0 16
94 0 0 16
95 0 0 16
96 0 0 16
97 0 0 16
98 0 0 16
99 0 0 16
9A 0 0 16
9B 0 0 16
9C 0 0 16
9D 0 0 16
9E 0 0 16
9F 0 0 16
A0 0 0 16
A1 0 0 16
A2 0 0 16
A3 0 0 16
A4 0 0 16
A5 0 0 16
A6 0 0 16
A7 0 0 16
A8 0 0 16
A9 0 0 16
AA 0 0 16
AB 0 0 16
AC 0 0 16
AD 0 0 16
AE 0 0 16
AF 0 0 16
B0 0 0 16
B1 0 0 16
B2 0 0 16
B3 0 0 16
B4 0 0 16
B5 0 0 16
B6 0 0 16
B7 0 0 16
B8 0 0 16
B9 0 0 16
BA 0 0 16
BB 0 0 16
BC 0 0 16
BD 0 0 16
BE 0 0 16
BF 0 0 16
C0 0 0 16
C1 0 0 16
C2 0 0 16
C3 0 0 16
C4 0 0 16
C5 0 0 16
C6 0 0 16
C7 0 0 16
C8 0 0 16
C9 0 0 16
CA 0 0 16
CB 0 0 16
CC 0 0 16
CD 0 0 16
CE 0 0 16
CF 0 0 16
D0 0 0 16
D1 0 0 16
D2 0 0 16
D3 0 0 16
D4 0 0 16
D5 0 0 16
D6 0 0 16
D7 0 0 16
D8 0 0 16
D9 0 0 16
DA 0 0 16
DB 0 0 16
DC 0 0 16
DD 0 0 16
DE 0 0 16
DF 0 0 16
E0 0 0 16
E1 0 0 16
E2 0 0 16
E3 0 0 16
E4 0 0 16
E5 0 0 16
E6 0 0 16
E7 0 0 16
E8 0 0 16
E9 0 0 16
EA 0 0 16
EB 0 0 16
EC 0 0 16
ED 0 0 16
EE 0 0 16
EF 0 0 16
F0 0 0 16
F1 0 0 16
F2 0 0 16
F3 0 0 16
F4 0 0 16
F5 0 0 16
F6 0 0 16
F7 0 0 16
F8 0 0 16
F9 0 0 16
FA 0 0 16
FB 0 0 16
FC 0 0 16
FD 0 0 16
FE 0 0 16
FF 0 0 16
00 0 0 16
01 0 0 16
02 0 0 16
03 0 0 16
04 0 0 16
05 0 0 16
06 0 0 16
07 0 0 16
08 0 0 16
09 0 0 16
0A 0 0 16
0B 0 0 16
0C 0 0 16
0D 0 0 16
0E 0 0 16
0F 0 0 16
10 0 0 16
11 0 0 16
12 0 0 16
13 0 0 16
14 0 0 16
15 0 0 16
16 0 0 16
17 0 0 16
18 0 0 16
19 0 0 16
1A 0 0 16
1B 0 0 16
1C 0 0 16
1D 0 0 16
1E 0 0 16
1F 0 0 16
20 0 0 16
21 0 0 16
22 0 0 16
23 0 0 16
24 0 0 16
25 0 0 16
26 0 0 16
27 0 0 16
28 0 0 16
29 0 0 16
2A 0 0 16
2B 0 0 16
2C 0 0 16
2D 0 0 16
2E 0 0 16
2F 0 0 16
30 0 0 16
31 0 0 16
32 0 0 16
33 0 0 16
34 0 0 16
35 0 0 16
36 0 0 16
37 0 0 16
38 0 0 16
39 0 0 16
3A 0 0 16
3B 0 0 16
3C 0 0 16
3D 0 0 16
3E 0 0 16
3F 0 0 16
40 0 0 16
41 0 0 16
42 0 0 16
43 0 0 16
44 0 0 16
45 0 0 16
46 0 0 16
47 0 0 16
48 0 0 16
49 0 0 16
4A 0 0 16
4B 0 0 16
4C 0 0 16
4D 0 0 16
4E 0 0 16
4F 0 0 16
50 0 0 16
51 0 0 16
52 0 0 16
53 0 0 16
54 0 0 16
55 0 0 16
56 0 0 16
57 0 0 16
58 0 0 16
59 0 0 16
5A 0 0 16
5B 0 0 16
5C 0 0 16
5D 0 0 16
5E 0 0 16
5F 0 0 16
60 0 0 16
61 0 0 16
62 0 0 16
63 0 0 16
64 0 0 16
65 0 0 16
66 0 0 16
67 0 0 16
68 0 0 16
69 0 0 16
6A 0 0 16
6B 0 0 16
6C 0 0 16
6D 0 0 16
6E 0 0 16
6F 0 0 16
70 0 0 16
71 0 0 16
72 0 0 16
73 0 0 16
74 0 0 16
75 0 0 16
76 0 0 16
77 0 0 16
78 0 0 16
79 0 0 16
7A 0 0 16
7B 0 0 16
7C 0 0 16
7D 0 0 16
7E 0 0 16
7F 0 0 16
80 0 0 16
81 0 0 16
82 0 0 16
83 0 0 16
84 0 0 16
85 0 0 16
86 0 0 16
87 0 0 16
88 0 0 16
89 0 0 16
8A 0 0 16
8B 0 0 16
8C 0 0 16
8D 0 0 16
8E 0 0 16
8F 0 0 16
90 0 0 16
91 0 0 16
92 0 0 16
93 0 0 16
94 0 0 16
95 0 0 16
96 0 0 16
97 0 0 16
98 0 0 16
99 0 0 16
9A 0 0 16
9B 0 0 16
9C 0 0 16
9D 0 0 16
9E 0 0 16
9F 0 0 16
A0 0 0 16
A1 0 0 16
A2 0 0 16
A3 0 0 16
A4 0 0 16
A5 0 0 16
A6 0 0 16
A7 0 0 16
A8 0 0 16
A9 0 0 16
AA 0 0 16
AB 0 0 16
AC 0 0 16
AD 0 0 16
AE 0 0 16
AF 0 0 16
B0 0 0 16
B1 0 0 16
B2 0 0 16
B3 0 0 16
B4 0 0 16
B5 0 0 16
B6 0 0 16
B7 0 0 16
B8 0 0 16
B9 0 0 16
BA 0 0 16
BB 0 0 16
BC 0 0 16
BD 0 0 16
BE 0 0 16
BF 0 0 16
C0 0 0 16
C1 0 0 16
C2 0 0 16
C3 0 0 16
C4 0 0 16
C5 0 0 16
C6 0 0 16
C7 0 0 16
C8 0 0 16
C9 0 0 16
CA 0 0 16
CB 0 0 16
CC 0 0 16
CD 0 0 16
CE 0 0 16
CF 0 0 16
D0 0 0 16
D1 0 0 16
D2 0 0 16
D3 0 0 16
D4 0 0 16
D5 0 0 16
D6 0 0 16
D7 0 0 16
D8 0 0 16
D9 0 0 16
DA 0 0 16
DB 0 0 16
DC 0 0 16
DD 0 0 16
DE 0 0 16
DF 0 0 16
E0 0 0 16
E1 0 0 16
E2 0 0 16
E3 0 0 16
E4 0 0 16
E5 0 0 16
E6 0 0 16
E7 0 0 16
E8 0 0 16
E9 0 0 16
EA 0 0 16
EB 0 0 16
EC 0 0 16
ED 0 0 16
EE 0 0 16
EF 0 0 16
F0 0 0 16
F1 0 0 16
F2 0 0 16
F3 0 0 16
F4 0 0 16
F5 0 0 16
F6 0 0 16
F7 0 0 16
F8 0 0 16
F9 0 0 16
FA 0 0 16
FB 0 0 16
FC 0 0 16
FD 0 0 16
FE 0 0 16
FF 0 0 16
00 0 0 16
01 0 0 16
02 0 0 16
03 0 0 16
04 0 0 16
05 0 0 16
06 0 0 16
07 0 0 16
08 0 0 16
09 0 0 16
0A 0 0 16
0B 0 0 16
0C 0 0 16
0D 0 0 16
0E 0 0 16
0F 0 0 16
10 0 0 16
11 0 0 16
12 0 0 16
13 0 0 16
14 0 0 16
15 0 0 16
16 0 0 16
17 0 0 16
18 0 0 16
19 0 0 16
1A 0 0 16
1B 0 0 16
1C 0 0 16
1D 0 0 16
1E 0 0 16
1F 0 0 16
20 0 0 16
21 0 0 16
22 0 0 16
23 0 0 16
24 0 0 16
25 0 0 16
26 0 0 16
27 0 0 16
28 0 0 16
29 0 0 16
2A 0 0 16
2B 0 0 16
2C 0 0 16
2D 0 0 16
2E 0 0 16
2F 0 0 16
30 0 0 16
31 0 0 16
32 0 0 16
33 0 0 16
34 0 0 16
35 0 0 16
36 0 0 16
37 0 0 16
38 0 0 16
39 0 0 16
3A 0 0 16
3B 0 0 16
3C 0 0 16
3D 0 0 16
3E 0 0 16
3F 0 0 16
40 0 0 16
41 0 0 16
42 0 0 16
43 0 0 16
44 0 0 16
45 0 0 16
46 0 0 16
47 0 0 16
48 0 0 16
49 0 0 16
4A 0 0 16
4B 0 0 16
4C 0 0 16
4D 0 0 16
4E 0 0 16
4F 0 0 16
50 0 0 16
51 0 0 16
52 0 0 16
53 0 0 16
54 0 0 16
55 0 0 16
56 0 0 16
57 0 0 16
58 0 0 16
59 0 0 16
5A 0 0 16
5B 0 0 16
5C 0 0 16
5D 0 0 16
5E 0 0 16
5F 0 0 16
60 0 0 16
61 0 0 16
62 0 0 16
63 0 0 16
64 0 0 16
65 0 0 16
66 0 0 16
67 0 0 16
68 0 0 16
69 0 0 16
6A 0 0 16
6B 0 0 16
6C 0 0 16
6D 0 0 16
6E 0 0 16
6F 0 0 16
70 0 0 16
71 0 0 16
72 0 0 16
73 0 0 16
74 0 0 16
75 0 0 16
76 0 0 16
77 0 0 16
78 0 0 16
79 0 0 16
7A 0 0 16
7B 0 0 16
7C 0 0 16
7D 0 0 16
7E 0 0 16
7F 0 0 16
80 0 0 16
81 0 0 16
82 0 0 16
83 0 0 16
84 0 0 16
85 0 0 16
86 0 0 16
87 0 0 16
88 0 0 16
89 0 0 16
8A 0 0 16
8B 0 0 16
8C 0 0 16
8D 0 0 16
8E 0 0 16
8F 0 0 16
90 0 0 16
91 0 0 16
92 0 0 16
93 0 0 16
94 0 0 16
95 0 0 16
96 0 0 16
97 0 0 16
98 0 0 16
99 0 0 16
9A 0 0 16
9B 0 0 16
9C 0 0 16
9D 0 0 16
9E 0 0 16
9F 0 0 16
A0 0 0 16
A1 0 0 16
A2 0 0 16
A3 0 0 16
A4 0 0 16
A5 0 0 16
A6 0 0 16
A7 0 0 16
A8 0 0 16
A9 0 0 16
AA 0 0 16
AB 0 0 16
AC 0 0 16
AD 0 0 16
AE 0 0 16
AF 0 0 16
B0 0 0 16
B1 0 0 16
B2 0 0 16
B3 0 0 16
B4 0 0 16
B5 0 0 16
B6 0 0 16
B7 0 0 16
B8 0 0 16
B9 0 0 16
BA 0 0 16
BB 0 0 16
BC 0 0 16
BD 0 0 16
BE 0 0 16
BF 0 0 16
C0 0 0 16
C1 0 0 16
C2 0 0 16
C3 0 0 16
C4 0 0 16
C5 0 0 16
C6 0 0 16
C7 0 0 16
C8 0 0 16
C9 0 0 16
CA 0 0 16
CB 0 0 16
CC 0 0 16
CD 0 0 16
CE 0 0 16
CF 0 0 16
D0 0 0 16
D1 0 0 16
D2 0 0 16
D3 0 0 16
D4 0 0 16
D5 0 0 16
D6 0 0 16
D7 0 0 16
D8 0 0 16
D9 0 0 16
DA 0 0 16
DB 0 0 16
DC 0 0 16
DD 0 0 16
DE 0 0 16
DF 0 0 16
E0 0 0 16
E1 0 0 16
E2 0 0 16
E3 0 0 16
E4 0 0 16
E5 0 0 16
E6 0 0 16
E7 0 0 16
E8 0 0 16
E9 0 0 16
EA 0 0 16
EB 0 0 16
EC 0 0 16
ED 0 0 16
EE 0 0 16
EF 0 0 16
F0 0 0 16
F1 0 0 16
F2 0 0 16
F3 0 0 16
F4 0 0 16
F5 0 0 16
F6 0 0 16
F7 0 0 16
F8 0 0 16
F9 0 0 16
FA 0 0 16
FB 0 0 16
FC 0 0 16
FD 0 0 16
FE 0 0 16
FF 0 0 16
00 0 0 16
01 0 0 16
02 0 0 16
03 0 0 16
04 0 0 16
05 0 0 16
06 0 0 16
07 0 0 16
08 0 0 16
09 0 0 16
0A 0 0 16
0B 0 0 16
0C 0 0 16
0D 0 0 16
0E 0 0 16
0F 0 0 16
10 0 0 16
11 0 0 16
12 0 0 16
13 0 0 16
14 0 0 16
15 0 0 16
16 0 0 16
17 0 0 16
18 0 0 16
19 0 0 16
1A 0 0 16
1B 0 0 16
1C 0 0 16
1D 0 0 16
1E 0 0 16
1F 0 0 16
20 0 0 16
21 0 0 16
22 0 0 16
23 0 0 16
24 0 0 16
25 0 0 16
26 0 0 16
27 0 0 16
28 0 0 16
29 0 0 16
2A 0 0 16
2B 0 0 16
2C 0 0 16
2D 0 0 16
2E 0 0 16
2F 0 0 16
30 0 0 16
31 0 0 16
32 0 0 16
33 0 0 16
34 0 0 16
35 0 0 16
36 0 0 16
37 0 0 16
38 0 0 16
39 0 0 16
3A 0 0 16
3B 0 0 16
3C 0 0 16
3D 0 0 16
3E 0 0 16
3F 0 0 16
40 0 0 16
41 0 0 16
42 0 0 16
43 0 0 16
44 0 0 16
45 0 0 16
46 0 0 16
47 0 0 16
48 0 0 16
49 0 0 16
4A 0 0 16
4B 0 0 16
4C 0 0 16
4D 0 0 16
4E 0 0 16
4F 0 0 16
50 0 0 16
51 0 0 16
52 0 0 16
53 0 0 16
54 0 0 16
55 0 0 16
56 0 0 16
57 0 0 16
58 0 0 16
59 0 0 16
5A 0 0 16
5B 0 0 16
5C 0 0 16
5D 0 0 16
5E 0 0 16
5F 0 0 16
60 0 0 16
61 0 0 16
62 0 0 16
63 0 0 16
64 0 0 16
65 0 0 16
66 0 0 16
67 0 0 16
68 0 0 16
69 0 0 16
6A 0 0 16
6B 0 0 16
6C 0 0 16
6D 0 0 16
6E 0 0 16
6F 0 0 16
70 0 0 16
71 0 0 16
72 0 0 16
73 0 0 16
74 0 0 16
75 0 0 16
76 0 0 16
77 0 0 16
78 0 0 16
79 0 0 16
7A 0 0 16
7B 0 0 16
7C 0 0 16
7D 0 0 16
7E 0 0 16
7F 0 0 16
80 0 0 16
81 0 0 16
82 0 0 16
83 0 0 16
84 0 0 16
85 0 0 16
86 0 0 16
87 0 0 16
88 0 0 16
89 0 0 16
8A 0 0 16
8B 0 0 16
8C 0 0 16
8D 0 0 16
8E 0 0 16
8F 0 0 16
90 0 0 16
91 0 0 16
92 0 0 16
93 0 0 16
94 0 0 16
95 0 0 16
96 0 0 16
97 0 0 16
98 0 0 16
99 0 0 16
9A 0 0 16
9B 0 0 16
9C 0 0 16
9D 0 0 16
9E 0 0 16
9F 0 0 16
A0 0 0 16
A1 0 0 16
A2 0 0 16
A3 0 0 16
A4 0 0 16
A5 0 0 16
A6 0 0 16
A7 0 0 16
A8 0 0 16
A9 0 0 16
AA 0 0 16
AB 0 0 16
AC 0 0 16
AD 0 0 16
AE 0 0 16
AF 0 0 16
B0 0 0 16
B1 0 0 16
B2 0 0 16
B3 0 0 16
B4 0 0 16
B5 0 0 16
B6 0 0 16
B7 0 0 16
B8 1 0 16
00 0 0 17
0A 0 0 17
35 0 0 17
01 0 0 17
02 0 0 17
03 0 0 17
DE 0 0 17
AD 0 0 17
BE 0 0 17
EF 0 0 17
00 0 0 17
01 0 0 17
08 0 0 17
00 0 0 17
11 0 0 17
12 0 0 17
13 0 0 17
14 0 0 17
15 0 0 17
16 0 0 17
17 0 0 17
18 0 0 17
19 0 0 17
1A 0 0 17
1B 0 0 17
1C 0 0 17
1D 0 0 17
1E 0 0 17
1F 0 0 17
20 0 0 17
21 0 0 17
22 0 0 17
23 0 0 17
24 0 0 17
25 0 0 17
26 0 0 17
27 0 0 17
28 0 0 17
29 0 0 17
2A 0 0 17
2B 0 0 17
2C 0 0 17
2D 0 0 17
2E 0 0 17
2F 0 0 17
30 0 0 17
31 0 0 17
32 0 0 17
33 0 0 17
34 0 0 17
35 0 0 17
36 0 0 17
37 0 0 17
38 0 0 17
39 0 0 17
3A 0 0 17
3B 0 0 17
3C 0 0 17
3D 0 0 17
3E 0 0 17
3F 0 0 17
40 0 0 17
41 0 0 17
42 0 0 17
43 0 0 17
44 0 0 17
45 0 0 17
46 0 0 17
47 0 0 17
48 0 0 17
49 0 0 17
4A 0 0 17
4B 0 0 17
4C 0 0 17
4D 0 0 17
4E 0 0 17
4F 1 1 17
00 0 0 18
0A 0 0 18
35 0 0 18
01 0 0 18
02 0 0 18
03 0 0 18
DE 0 0 18
AD 0 0 18
BE 0 0 18
EF 0 0 18
00 0 0 18
01 0 0 18
08 0 0 18
00 0 0 18
12 0 0 18
13 0 0 18
14 0 0 18
15 0 0 18
16 0 0 18
17 0 0 18
18 0 0 18
19 0 0 18
1A 0 0 18
1B 0 0 18
1C 0 0 18
1D 0 0 18
1E 0 0 18
1F 0 0 18
20 0 0 18
21 0 0 18
22 0 0 18
23 0 0 18
24 0 0 18
25 0 0 18
26 0 0 18
27 0 0 18
28 0 0 18
29 0 0 18
2A 0 0 18
AB 0 0 18
2C 0 0 18
2D 0 0 18
2E 0 0 18
2F 0 0 18
30 0 0 18
31 0 0 18
32 0 0 18
33 0 0 18
34 0 0 18
35 0 0 18
36 0 0 18
37 0 0 18
38 0 0 18
39 0 0 18
3A 0 0 18
3B 0 0 18
3C 0 0 18
3D 0 0 18
3E 0 0 18
3F 0 0 18
40 0 0 18
41 0 0 18
42 0 0 18
43 0 0 18
44 0 0 18
45 0 0 18
46 0 0 18
47 0 0 18
48 0 0 18
49 0 0 18
4A 0 0 18
4B 0 0 18
4C 0 0 18
4D 0 0 18
4E 0 0 18
4F 0 0 18
50 0 0 18
51 1 0 18
00 0 0 19
0A 0 0 19
35 0 0 19
01 0 0 19
02 0 0 19
03 0 0 19
DE 0 0 19
AD 0 0 19
BE 0 0 19
EF 0 0 19
00 0 0 19
01 0 0 19
08 0 0 19
00 0 0 19
13 0 0 19
14 0 0 19
15 0 0 19
16 0 0 19
17 0 0 19
18 0 0 19
19 0 0 19
1A 0 0 19
1B 0 0 19
1C 0 0 19
1D 0 0 19
1E 0 0 19
1F 0 0 19
20 0 0 19
21 0 0 19
22 0 0 19
23 0 0 19
24 0 0 19
25 0 0 19
26 0 0 19
27 0 0 19
28 0 0 19
29 0 0 19
2A 0 0 19
2B 0 0 19
2C 0 0 19
2D 0 0 19
2E 0 0 19
2F 0 0 19
30 0 0 19
31 0 0 19
32 0 0 19
33 0 0 19
34 0 0 19
35 0 0 19
36 0 0 19
37 0 0 19
38 0 0 19
39 0 0 19
3A 0 0 19
3B 0 0 19
3C 0 0 19
3D 0 0 19
3E 0 0 19
3F 0 0 19
40 0 0 19
41 0 0 19
42 0 0 19
43 0 0 19
44 0 0 19
45 0 0 19
46 0 0 19
47 0 0 19
48 0 0 19
49 0 0 19
4A 0 0 19
4B 0 0 19
4C 0 0 19
4D 0 0 19
4E 0 0 19
4F 0 0 19
50 0 0 19
51 0 0 19
52 0 0 19
53 1 1 19
00 0 0 20
0A 0 0 20
35 0 0 20
01 0 0 20
02 0 0 20
03 0 0 20
DE 0 0 20
AD 0 0 20
BE 0 0 20
EF 0 0 20
00 0 0 20
01 0 0 20
08 0 0 20
00 0 0 20
14 0 0 20
15 0 0 20
16 0 0 20
17 0 0 20
18 0 0 20
19 0 0 20
1A 0 0 20
1B 0 0 20
1C 0 0 20
1D 0 0 20
1E 0 0 20
1F 0 0 20
20 0 0 20
21 0 0 20
22 0 0 20
23 0 0 20
24 0 0 20
25 0 0 20
26 0 0 20
27 0 0 20
28 0 0 20
29 0 0 20
2A 0 0 20
2B 0 0 20
2C 0 0 20
2D 0 0 20
2E 0 0 20
2F 0 0 20
30 0 0 20
31 1 0 20
00 0 0 21
0A 0 0 21
35 0 0 21
01 0 0 21
02 0 0 21
03 0 0 21
DE 0 0 21
AD 0 0 21
BE 0 0 21
EF 0 0 21
00 0 0 21
01 0 0 21
08 0 0 21
00 0 0 21
15 0 0 21
16 0 0 21
17 0 0 21
18 0 0 21
19 0 0 21
1A 0 0 21
1B 0 0 21
1C 0 0 21
1D 0 0 21
1E 0 0 21
1F 0 0 21
20 0 0 21
21 0 0 21
22 0 0 21
23 0 0 21
24 0 0 21
25 0 0 21
26 0 0 21
27 0 0 21
28 0 0 21
29 0 0 21
2A 0 0 21
2B 0 0 21
2C 0 0 21
2D 0 0 21
2E 0 0 21
2F 0 0 21
30 0 0 21
31 0 0 21
32 0 0 21
33 0 0 21
34 0 0 21
35 0 0 21
36 0 0 21
37 0 0 21
38 0 0 21
39 0 0 21
3A 0 0 21
3B 0 0 21
3C 0 0 21
3D 0 0 21
3E 0 0 21
3F 0 0 21
40 0 0 21
41 0 0 21
42 0 0 21
43 0 0 21
44 0 0 21
45 0 0 21
46 0 0 21
47 0 0 21
48 0 0 21
49 0 0 21
4A 0 0 21
4B 0 0 21
4C 0 0 21
4D 0 0 21
4E 0 0 21
4F 0 0 21
50 0 0 21
51 0 0 21
52 0 0 21
53 0 0 21
54 0 0 21
55 0 0 21
56 0 0 21
57 0 0 21
58 0 0 21
59 0 0 21
5A 0 0 21
5B 0 0 21
5C 0 0 21
5D 0 0 21
5E 0 0 21
5F 0 0 21
60 0 0 21
61 0 0 21
62 0 0 21
63 0 0 21
64 0 0 21
65 0 0 21
66 0 0 21
67 0 0 21
68 0 0 21
69 0 0 21
6A 0 0 21
6B 0 0 21
6C 0 0 21
6D 0 0 21
6E 0 0 21
6F 0 0 21
70 0 0 21
71 0 0 21
72 0 0 21
73 0 0 21
74 0 0 21
75 0 0 21
76 0 0 21
77 0 0 21
78 0 0 21
79 0 0 21
7A 0 0 21
7B 0 0 21
7C 0 0 21
7D 0 0 21
7E 0 0 21
7F 0 0 21
80 0 0 21
81 0 0 21
82 0 0 21
83 0 0 21
84 0 0 21
85 0 0 21
86 0 0 21
87 0 0 21
88 0 0 21
89 0 0 21
8A 0 0 21
8B 0 0 21
8C 0 0 21
8D 0 0 21
8E 0 0 21
8F 0 0 21
90 0 0 21
91 0 0 21
92 0 0 21
93 0 0 21
94 0 0 21
95 0 0 21
96 0 0 21
97 0 0 21
98 0 0 21
99 0 0 21
9A 0 0 21
9B 0 0 21
9C 0 0 21
9D 0 0 21
9E 0 0 21
9F 0 0 21
A0 0 0 21
A1 0 0 21
A2 0 0 21
A3 0 0 21
A4 0 0 21
A5 0 0 21
A6 0 0 21
A7 0 0 21
A8 0 0 21
A9 0 0 21
AA 0 0 21
AB 0 0 21
AC 0 0 21
AD 0 0 21
AE 0 0 21
AF 0 0 21
B0 0 0 21
B1 0 0 21
B2 0 0 21
B3 0 0 21
B4 0 0 21
B5 0 0 21
B6 0 0 21
B7 0 0 21
B8 0 0 21
B9 0 0 21
BA 0 0 21
BB 0 0 21
BC 0 0 21
BD 0 0 21
BE 0 0 21
BF 0 0 21
C0 0 0 21
C1 0 0 21
C2 0 0 21
C3 0 0 21
C4 0 0 21
C5 0 0 21
C6 0 0 21
C7 0 0 21
C8 0 0 21
C9 0 0 21
CA 0 0 21
CB 0 0 21
CC 0 0 21
CD 0 0 21
CE 0 0 21
CF 0 0 21
D0 0 0 21
D1 0 0 21
D2 0 0 21
D3 0 0 21
D4 0 0 21
D5 0 0 21
D6 0 0 21
D7 0 0 21
D8 0 0 21
D9 0 0 21
DA 0 0 21
DB 0 0 21
DC 0 0 21
DD 0 0 21
DE 0 0 21
DF 0 0 21
E0 0 0 21
E1 0 0 21
E2 0 0 21
E3 0 0 21
E4 0 0 21
E5 0 0 21
E6 0 0 21
E7 0 0 21
E8 0 0 21
E9 0 0 21
EA 0 0 21
EB 0 0 21
EC 0 0 21
ED 0 0 21
EE 0 0 21
EF 0 0 21
F0 0 0 21
F1 0 0 21
F2 0 0 21
F3 0 0 21
F4 0 0 21
F5 0 0 21
F6 0 0 21
F7 0 0 21
F8 0 0 21
F9 0 0 21
FA 0 0 21
00 0 0 21
01 0 0 21
02 0 0 21
03 0 0 21
04 0 0 21
05 0 0 21
06 0 0 21
07 0 0 21
08 0 0 21
09 0 0 21
0A 0 0 21
0B 0 0 21
0C 0 0 21
0D 0 0 21
0E 0 0 21
0F 0 0 21
10 0 0 21
11 0 0 21
12 0 0 21
13 0 0 21
14 0 0 21
15 0 0 21
16 0 0 21
17 0 0 21
18 0 0 21
19 0 0 21
1A 0 0 21
1B 0 0 21
1C 0 0 21
1D 0 0 21
1E 0 0 21
1F 0 0 21
20 0 0 21
21 0 0 21
22 0 0 21
23 0 0 21
24 0 0 21
25 0 0 21
26 0 0 21
27 0 0 21
28 0 0 21
29 0 0 21
2A 0 0 21
2B 0 0 21
2C 0 0 21
2D 0 0 21
2E 0 0 21
2F 0 0 21
30 0 0 21
31 0 0 21
32 0 0 21
33 0 0 21
34 0 0 21
35 0 0 21
36 0 0 21
37 0 0 21
38 0 0 21
39 0 0 21
3A 0 0 21
3B 0 0 21
3C 0 0 21
3D 0 0 21
3E 0 0 21
3F 0 0 21
40 0 0 21
41 0 0 21
42 0 0 21
43 0 0 21
44 0 0 21
45 0 0 21
46 0 0 21
47 0 0 21
48 0 0 21
49 0 0 21
4A 0 0 21
4B 0 0 21
4C 0 0 21
4D 0 0 21
4E 0 0 21
4F 0 0 21
50 0 0 21
51 0 0 21
52 0 0 21
53 0 0 21
54 0 0 21
55 0 0 21
56 0 0 21
57 0 0 21
58 0 0 21
59 0 0 21
5A 0 0 21
5B 0 0 21
5C 0 0 21
5D 0 0 21
5E 0 0 21
5F 0 0 21
60 0 0 21
61 0 0 21
62 0 0 21
63 0 0 21
64 0 0 21
65 0 0 21
66 0 0 21
67 0 0 21
68 0 0 21
69 0 0 21
6A 0 0 21
6B 0 0 21
6C 0 0 21
6D 0 0 21
6E 0 0 21
6F 0 0 21
70 0 0 21
71 0 0 21
72 0 0 21
73 0 0 21
74 0 0 21
75 0 0 21
76 0 0 21
77 0 0 21
78 0 0 21
79 0 0 21
7A 0 0 21
7B 0 0 21
7C 0 0 21
7D 0 0 21
7E 0 0 21
7F 0 0 21
80 0 0 21
81 0 0 21
82 0 0 21
83 0 0 21
84 0 0 21
85 0 0 21
86 0 0 21
87 0 0 21
88 0 0 21
89 0 0 21
8A 0 0 21
8B 0 0 21
8C 0 0 21
8D 0 0 21
8E 0 0 21
8F 0 0 21
90 0 0 21
91 0 0 21
92 0 0 21
93 0 0 21
94 0 0 21
95 0 0 21
96 0 0 21
97 0 0 21
98 0 0 21
99 0 0 21
9A 0 0 21
9B 0 0 21
9C 0 0 21
9D 0 0 21
9E 0 0 21
9F 0 0 21
A0 0 0 21
A1 0 0 21
A2 0 0 21
A3 0 0 21
A4 0 0 21
A5 0 0 21
A6 0 0 21
A7 0 0 21
A8 0 0 21
A9 0 0 21
AA 0 0 21
AB 0 0 21
AC 0 0 21
AD 0 0 21
AE 0 0 21
AF 0 0 21
B0 0 0 21
B1 0 0 21
B2 0 0 21
B3 0 0 21
B4 0 0 21
B5 0 0 21
B6 0 0 21
B7 0 0 21
B8 0 0 21
B9 0 0 21
BA 0 0 21
BB 0 0 21
BC 0 0 21
BD 0 0 21
BE 0 0 21
BF 0 0 21
C0 0 0 21
C1 0 0 21
C2 0 0 21
C3 0 0 21
C4 0 0 21
C5 0 0 21
C6 0 0 21
C7 0 0 21
C8 0 0 21
C9 0 0 21
CA 0 0 21
CB 0 0 21
CC 0 0 21
CD 0 0 21
CE 0 0 21
CF 0 0 21
D0 0 0 21
D1 0 0 21
D2 0 0 21
D3 0 0 21
D4 0 0 21
D5 0 0 21
D6 0 0 21
D7 0 0 21
D8 0 0 21
D9 0 0 21
DA 0 0 21
DB 0 0 21
DC 0 0 21
DD 0 0 21
DE 0 0 21
DF 0 0 21
E0 0 0 21
E1 0 0 21
E2 0 0 21
E3 0 0 21
E4 0 0 21
E5 0 0 21
E6 0 0 21
E7 0 0 21
E8 0 0 21
E9 0 0 21
EA 0 0 21
EB 0 0 21
EC 0 0 21
ED 0 0 21
EE 0 0 21
EF 0 0 21
F0 0 0 21
F1 0 0 21
F2 0 0 21
F3 0 0 21
F4 0 0 21
F5 0 0 21
F6 0 0 21
F7 0 0 21
F8 0 0 21
F9 0 0 21
FA 0 0 21
00 0 0 21
01 0 0 21
02 0 0 21
03 0 0 21
04 0 0 21
05 0 0 21
06 0 0 21
07 0 0 21
08 0 0 21
09 0 0 21
0A 0 0 21
0B 0 0 21
0C 0 0 21
0D 0 0 21
0E 0 0 21
0F 0 0 21
10 0 0 21
11 0 0 21
12 0 0 21
13 0 0 21
14 0 0 21
15 0 0 21
16 0 0 21
17 0 0 21
18 0 0 21
19 0 0 21
1A 0 0 21
1B 0 0 21
1C 0 0 21
1D 0 0 21
1E 1 1 21
00 0 0 22
0A 0 0 22
35 0 0 22
01 0 0 22
02 0 0 22
03 0 0 22
DE 0 0 22
AD 0 0 22
BE 0 0 22
EF 0 0 22
00 0 0 22
01 0 0 22
08 0 0 22
00 0 0 22
16 0 0 22
17 0 0 22
18 0 0 22
19 0 0 22
1A 0 0 22
1B 0 0 22
1C 0 0 22
1D 0 0 22
1E 0 0 22
1F 0 0 22
20 0 0 22
21 0 0 22
22 0 0 22
23 0 0 22
24 0 0 22
25 0 0 22
26 0 0 22
27 0 0 22
28 0 0 22
29 0 0 22
2A 0 0 22
2B 0 0 22
2C 0 0 22
2D 0 0 22
2E 0 0 22
2F 0 0 22
30 0 0 22
31 0 0 22
32 0 0 22
33 0 0 22
34 0 0 22
35 0 0 22
36 0 0 22
37 0 0 22
38 0 0 22
39 0 0 22
3A 0 0 22
3B 0 0 22
3C 0 0 22
3D 0 0 22
3E 0 0 22
3F 0 0 22
40 0 0 22
41 0 0 22
42 0 0 22
43 0 0 22
44 0 0 22
45 0 0 22
46 0 0 22
47 0 0 22
48 0 0 22
49 0 0 22
4A 0 0 22
4B 0 0 22
4C 0 0 22
4D 0 0 22
4E 0 0 22
4F 0 0 22
50 0 0 22
51 0 0 22
52 0 0 22
53 0 0 22
54 0 0 22
55 0 0 22
56 0 0 22
57 0 0 22
58 0 0 22
59 0 0 22
5A 0 0 22
5B 0 0 22
5C 0 0 22
5D 0 0 22
5E 0 0 22
5F 0 0 22
60 0 0 22
61 0 0 22
62 0 0 22
63 0 0 22
64 0 0 22
65 0 0 22
66 0 0 22
67 0 0 22
68 0 0 22
69 0 0 22
6A 0 0 22
6B 0 0 22
6C 0 0 22
6D 0 0 22
6E 0 0 22
6F 0 0 22
70 0 0 22
71 0 0 22
72 0 0 22
73 0 0 22
74 0 0 22
75 0 0 22
76 0 0 22
77 0 0 22
78 0 0 22
79 0 0 22
7A 0 0 22
7B 0 0 22
7C 0 0 22
7D 0 0 22
7E 0 0 22
7F 0 0 22
80 0 0 22
81 0 0 22
82 0 0 22
83 0 0 22
84 0 0 22
85 0 0 22
86 0 0 22
87 0 0 22
88 0 0 22
89 0 0 22
8A 0 0 22
8B 0 0 22
8C 0 0 22
8D 0 0 22
8E 0 0 22
8F 0 0 22
90 0 0 22
91 0 0 22
92 0 0 22
93 0 0 22
94 0 0 22
95 0 0 22
96 0 0 22
97 0 0 22
98 0 0 22
99 0 0 22
9A 0 0 22
9B 0 0 22
9C 0 0 22
9D 0 0 22
9E 0 0 22
9F 0 0 22
A0 0 0 22
A1 0 0 22
A2 0 0 22
A3 0 0 22
A4 0 0 22
A5 0 0 22
A6 0 0 22
A7 0 0 22
A8 0 0 22
A9 0 0 22
AA 0 0 22
AB 0 0 22
AC 0 0 22
AD 0 0 22
AE 0 0 22
AF 0 0 22
B0 0 0 22
B1 0 0 22
B2 0 0 22
B3 0 0 22
B4 0 0 22
B5 0 0 22
B6 0 0 22
B7 0 0 22
B8 0 0 22
B9 0 0 22
BA 0 0 22
BB 0 0 22
BC 0 0 22
BD 0 0 22
BE 0 0 22
BF 0 0 22
C0 0 0 22
C1 0 0 22
C2 0 0 22
C3 0 0 22
C4 0 0 22
C5 0 0 22
C6 0 0 22
C7 0 0 22
C8 0 0 22
C9 0 0 22
CA 0 0 22
CB 0 0 22
CC 0 0 22
CD 0 0 22
CE 0 0 22
CF 0 0 22
D0 0 0 22
D1 0 0 22
D2 0 0 22
D3 0 0 22
D4 0 0 22
D5 0 0 22
D6 0 0 22
D7 0 0 22
D8 0 0 22
D9 0 0 22
DA 0 0 22
DB 0 0 22
DC 0 0 22
DD 0 0 22
DE 0 0 22
DF 0 0 22
E0 0 0 22
E1 0 0 22
E2 0 0 22
E3 0 0 22
E4 0 0 22
E5 0 0 22
E6 0 0 22
E7 0 0 22
E8 0 0 22
E9 0 0 22
EA 0 0 22
EB 0 0 22
EC 0 0 22
ED 0 0 22
EE 0 0 22
EF 0 0 22
F0 0 0 22
F1 0 0 22
F2 0 0 22
F3 0 0 22
F4 0 0 22
F5 0 0 22
F6 0 0 22
F7 0 0 22
F8 0 0 22
F9 0 0 22
FA 0 0 22
00 0 0 22
01 0 0 22
02 0 0 22
03 0 0 22
04 0 0 22
05 0 0 22
06 0 0 22
07 0 0 22
08 0 0 22
09 0 0 22
0A 0 0 22
0B 0 0 22
0C 0 0 22
0D 0 0 22
0E 0 0 22
0F 0 0 22
10 0 0 22
11 0 0 22
12 0 0 22
13 0 0 22
14 0 0 22
15 0 0 22
16 0 0 22
17 0 0 22
18 0 0 22
19 0 0 22
1A 0 0 22
1B 0 0 22
1C 0 0 22
1D 0 0 22
1E 0 0 22
1F 0 0 22
20 0 0 22
21 0 0 22
22 0 0 22
23 0 0 22
24 0 0 22
25 0 0 22
26 0 0 22
27 0 0 22
28 0 0 22
29 0 0 22
2A 0 0 22
2B 0 0 22
2C 0 0 22
2D 0 0 22
2E 0 0 22
2F 0 0 22
30 0 0 22
31 0 0 22
32 0 0 22
33 0 0 22
34 0 0 22
35 0 0 22
36 0 0 22
37 0 0 22
38 0 0 22
39 0 0 22
3A 0 0 22
3B 0 0 22
3C 0 0 22
3D 0 0 22
3E 0 0 22
3F 0 0 22
40 0 0 22
41 0 0 22
42 0 0 22
43 0 0 22
44 0 0 22
45 0 0 22
46 0 0 22
47 0 0 22
48 0 0 22
49 0 0 22
4A 0 0 22
4B 0 0 22
4C 0 0 22
4D 0 0 22
4E 0 0 22
4F 0 0 22
50 0 0 22
51 0 0 22
52 0 0 22
53 0 0 22
54 0 0 22
55 0 0 22
56 0 0 22
57 0 0 22
58 0 0 22
59 0 0 22
5A 0 0 22
5B 0 0 22
5C 0 0 22
5D 0 0 22
5E 0 0 22
5F 0 0 22
60 0 0 22
61 0 0 22
62 0 0 22
63 0 0 22
64 0 0 22
65 0 0 22
66 0 0 22
67 0 0 22
68 0 0 22
69 0 0 22
6A 0 0 22
6B 0 0 22
6C 0 0 22
6D 0 0 22
6E 0 0 22
6F 0 0 22
70 0 0 22
71 0 0 22
72 0 0 22
73 0 0 22
74 0 0 22
75 0 0 22
76 0 0 22
77 0 0 22
78 0 0 22
79 0 0 22
7A 0 0 22
7B 0 0 22
7C 0 0 22
7D 0 0 22
7E 0 0 22
7F 0 0 22
80 0 0 22
81 0 0 22
82 0 0 22
83 0 0 22
84 0 0 22
85 0 0 22
86 0 0 22
87 0 0 22
88 0 0 22
89 0 0 22
8A 0 0 22
8B 0 0 22
8C 0 0 22
8D 0 0 22
8E 0 0 22
8F 0 0 22
90 0 0 22
91 0 0 22
92 0 0 22
93 0 0 22
94 0 0 22
95 0 0 22
96 0 0 22
97 0 0 22
98 0 0 22
99 0 0 22
9A 0 0 22
9B 0 0 22
9C 0 0 22
9D 0 0 22
9E 0 0 22
9F 0 0 22
A0 0 0 22
A1 0 0 22
A2 0 0 22
A3 0 0 22
A4 0 0 22
A5 0 0 22
A6 0 0 22
A7 0 0 22
A8 0 0 22
A9 0 0 22
AA 0 0 22
AB 0 0 22
AC 0 0 22
AD 0 0 22
AE 0 0 22
AF 0 0 22
B0 0 0 22
B1 0 0 22
B2 0 0 22
B3 0 0 22
B4 0 0 22
B5 0 0 22
B6 0 0 22
B7 0 0 22
B8 0 0 22
B9 0 0 22
BA 0 0 22
BB 0 0 22
BC 0 0 22
BD 0 0 22
BE 0 0 22
BF 0 0 22
C0 0 0 22
C1 0 0 22
C2 0 0 22
C3 0 0 22
C4 0 0 22
C5 0 0 22
C6 0 0 22
C7 0 0 22
C8 0 0 22
C9 0 0 22
CA 0 0 22
CB 0 0 22
CC 0 0 22
CD 0 0 22
CE 0 0 22
CF 0 0 22
D0 0 0 22
D1 0 0 22
D2 0 0 22
D3 0 0 22
D4 0 0 22
D5 0 0 22
D6 0 0 22
D7 0 0 22
D8 0 0 22
D9 0 0 22
DA 0 0 22
DB 0 0 22
DC 0 0 22
DD 0 0 22
DE 0 0 22
DF 0 0 22
E0 0 0 22
E1 0 0 22
E2 0 0 22
E3 0 0 22
E4 0 0 22
E5 0 0 22
E6 0 0 22
E7 0 0 22
E8 0 0 22
E9 0 0 22
EA 0 0 22
EB 0 0 22
EC 0 0 22
ED 0 0 22
EE 0 0 22
EF 0 0 22
F0 0 0 22
F1 0 0 22
F2 0 0 22
F3 0 0 22
F4 0 0 22
F5 0 0 22
F6 0 0 22
F7 0 0 22
F8 0 0 22
F9 0 0 22
FA 0 0 22
00 0 0 22
01 0 0 22
02 0 0 22
03 0 0 22
04 0 0 22
05 0 0 22
06 0 0 22
07 0 0 22
08 0 0 22
09 0 0 22
0A 0 0 22
0B 0 0 22
0C 0 0 22
0D 0 0 22
0E 0 0 22
0F 0 0 22
10 0 0 22
11 0 0 22
12 0 0 22
13 0 0 22
14 0 0 22
15 0 0 22
16 0 0 22
17 0 0 22
18 0 0 22
19 0 0 22
1A 0 0 22
1B 0 0 22
1C 0 0 22
1D 0 0 22
1E 0 0 22
1F 0 0 22
20 0 0 22
21 0 0 22
22 0 0 22
23 0 0 22
24 0 0 22
25 0 0 22
26 0 0 22
27 0 0 22
28 0 0 22
29 0 0 22
2A 0 0 22
2B 0 0 22
2C 0 0 22
2D 0 0 22
2E 0 0 22
2F 0 0 22
30 0 0 22
31 0 0 22
32 0 0 22
33 0 0 22
34 0 0 22
35 0 0 22
36 0 0 22
37 0 0 22
38 0 0 22
39 0 0 22
3A 0 0 22
3B 0 0 22
3C 0 0 22
3D 0 0 22
3E 0 0 22
3F 0 0 22
40 0 0 22
41 0 0 22
42 0 0 22
43 0 0 22
44 0 0 22
45 0 0 22
46 0 0 22
47 0 0 22
48 0 0 22
49 0 0 22
4A 0 0 22
4B 0 0 22
4C 0 0 22
4D 0 0 22
4E 0 0 22
4F 0 0 22
50 0 0 22
51 0 0 22
52 0 0 22
53 0 0 22
54 0 0 22
55 0 0 22
56 0 0 22
57 0 0 22
58 0 0 22
59 0 0 22
5A 0 0 22
5B 0 0 22
5C 0 0 22
5D 0 0 22
5E 0 0 22
5F 0 0 22
60 0 0 22
61 0 0 22
62 0 0 22
63 0 0 22
64 0 0 22
65 0 0 22
66 0 0 22
67 0 0 22
68 0 0 22
69 0 0 22
6A 0 0 22
6B 0 0 22
6C 0 0 22
6D 0 0 22
6E 0 0 22
6F 0 0 22
70 0 0 22
71 0 0 22
72 0 0 22
73 0 0 22
74 0 0 22
75 0 0 22
76 0 0 22
77 0 0 22
78 0 0 22
79 0 0 22
7A 0 0 22
7B 0 0 22
7C 0 0 22
7D 0 0 22
7E 0 0 22
7F 0 0 22
80 0 0 22
81 0 0 22
82 0 0 22
83 0 0 22
84 0 0 22
85 0 0 22
86 0 0 22
87 0 0 22
88 0 0 22
89 0 0 22
8A 0 0 22
8B 0 0 22
8C 0 0 22
8D 0 0 22
8E 0 0 22
8F 0 0 22
90 0 0 22
91 0 0 22
92 0 0 22
93 0 0 22
94 0 0 22
95 0 0 22
96 0 0 22
97 0 0 22
98 0 0 22
99 0 0 22
9A 0 0 22
9B 0 0 22
9C 0 0 22
9D 0 0 22
9E 0 0 22
9F 0 0 22
A0 0 0 22
A1 0 0 22
A2 0 0 22
A3 0 0 22
A4 0 0 22
A5 0 0 22
A6 0 0 22
A7 0 0 22
A8 0 0 22
A9 0 0 22
AA 0 0 22
AB 0 0 22
AC 0 0 22
AD 0 0 22
AE 0 0 22
AF 0 0 22
B0 0 0 22
B1 0 0 22
B2 0 0 22
B3 0 0 22
B4 0 0 22
B5 0 0 22
B6 0 0 22
B7 0 0 22
B8 0 0 22
B9 0 0 22
BA 0 0 22
BB 0 0 22
BC 0 0 22
BD 0 0 22
BE 0 0 22
BF 0 0 22
C0 0 0 22
C1 0 0 22
C2 0 0 22
C3 0 0 22
C4 0 0 22
C5 0 0 22
C6 0 0 22
C7 0 0 22
C8 0 0 22
C9 0 0 22
CA 0 0 22
CB 0 0 22
CC 0 0 22
CD 0 0 22
CE 0 0 22
CF 0 0 22
D0 0 0 22
D1 0 0 22
D2 0 0 22
D3 0 0 22
D4 0 0 22
D5 0 0 22
D6 0 0 22
D7 0 0 22
D8 0 0 22
D9 0 0 22
DA 0 0 22
DB 0 0 22
DC 0 0 22
DD 0 0 22
DE 0 0 22
DF 0 0 22
E0 0 0 22
E1 0 0 22
E2 0 0 22
E3 0 0 22
E4 0 0 22
E5 0 0 22
E6 0 0 22
E7 0 0 22
E8 0 0 22
E9 0 0 22
EA 0 0 22
EB 0 0 22
EC 0 0 22
ED 0 0 22
EE 0 0 22
EF 0 0 22
F0 0 0 22
F1 0 0 22
F2 0 0 22
F3 0 0 22
F4 0 0 22
F5 0 0 22
F6 0 0 22
F7 0 0 22
F8 0 0 22
F9 0 0 22
FA 0 0 22
00 0 0 22
01 0 0 22
02 0 0 22
03 0 0 22
04 0 0 22
05 0 0 22
06 0 0 22
07 0 0 22
08 0 0 22
09 0 0 22
0A 0 0 22
0B 0 0 22
0C 0 0 22
0D 0 0 22
0E 0 0 22
0F 0 0 22
10 0 0 22
11 0 0 22
12 0 0 22
13 0 0 22
14 0 0 22
15 0 0 22
16 0 0 22
17 0 0 22
18 0 0 22
19 0 0 22
1A 0 0 22
1B 0 0 22
1C 0 0 22
1D 0 0 22
1E 0 0 22
1F 0 0 22
20 0 0 22
21 0 0 22
22 0 0 22
23 0 0 22
24 0 0 22
25 0 0 22
26 0 0 22
27 0 0 22
28 0 0 22
29 0 0 22
2A 0 0 22
2B 0 0 22
2C 0 0 22
2D 0 0 22
2E 0 0 22
2F 0 0 22
30 0 0 22
31 0 0 22
32 0 0 22
33 0 0 22
34 0 0 22
35 0 0 22
36 0 0 22
37 0 0 22
38 0 0 22
39 0 0 22
3A 0 0 22
3B 0 0 22
3C 0 0 22
3D 0 0 22
3E 0 0 22
3F 0 0 22
40 0 0 22
41 0 0 22
42 0 0 22
43 0 0 22
44 0 0 22
45 0 0 22
46 0 0 22
47 0 0 22
48 0 0 22
49 0 0 22
4A 0 0 22
4B 0 0 22
4C 0 0 22
4D 0 0 22
4E 0 0 22
4F 0 0 22
50 0 0 22
51 0 0 22
52 0 0 22
53 0 0 22
54 0 0 22
55 0 0 22
56 0 0 22
57 0 0 22
58 0 0 22
59 0 0 22
5A 0 0 22
5B 0 0 22
5C 0 0 22
5D 0 0 22
5E 0 0 22
5F 0 0 22
60 0 0 22
61 0 0 22
62 0 0 22
63 0 0 22
64 0 0 22
65 0 0 22
66 0 0 22
67 0 0 22
68 0 0 22
69 0 0 22
6A 0 0 22
6B 0 0 22
6C 0 0 22
6D 0 0 22
6E 0 0 22
6F 0 0 22
70 0 0 22
71 0 0 22
72 0 0 22
73 0 0 22
74 0 0 22
75 0 0 22
76 0 0 22
77 0 0 22
78 0 0 22
79 0 0 22
7A 0 0 22
7B 0 0 22
7C 0 0 22
7D 0 0 22
7E 0 0 22
7F 0 0 22
80 0 0 22
81 0 0 22
82 0 0 22
83 0 0 22
84 0 0 22
85 0 0 22
86 0 0 22
87 0 0 22
88 0 0 22
89 0 0 22
8A 0 0 22
8B 0 0 22
8C 0 0 22
8D 0 0 22
8E 0 0 22
8F 0 0 22
90 0 0 22
91 0 0 22
92 0 0 22
93 0 0 22
94 0 0 22
95 0 0 22
96 0 0 22
97 0 0 22
98 0 0 22
99 0 0 22
9A 0 0 22
9B 0 0 22
9C 0 0 22
9D 0 0 22
9E 0 0 22
9F 0 0 22
A0 0 0 22
A1 0 0 22
A2 0 0 22
A3 0 0 22
A4 0 0 22
A5 0 0 22
A6 0 0 22
A7 0 0 22
A8 0 0 22
A9 0 0 22
AA 0 0 22
AB 0 0 22
AC 0 0 22
AD 0 0 22
AE 0 0 22
AF 0 0 22
B0 0 0 22
B1 0 0 22
B2 0 0 22
B3 0 0 22
B4 0 0 22
B5 0 0 22
B6 0 0 22
B7 0 0 22
B8 0 0 22
B9 0 0 22
BA 0 0 22
BB 0 0 22
BC 0 0 22
BD 0 0 22
BE 0 0 22
BF 0 0 22
C0 0 0 22
C1 0 0 22
C2 0 0 22
C3 0 0 22
C4 0 0 22
C5 0 0 22
C6 0 0 22
C7 0 0 22
C8 0 0 22
C9 0 0 22
CA 0 0 22
CB 0 0 22
CC 0 0 22
CD 0 0 22
CE 0 0 22
CF 0 0 22
D0 0 0 22
D1 0 0 22
D2 0 0 22
D3 0 0 22
D4 0 0 22
D5 0 0 22
D6 0 0 22
D7 0 0 22
D8 0 0 22
D9 0 0 22
DA 0 0 22
DB 0 0 22
DC 0 0 22
DD 0 0 22
DE 0 0 22
DF 0 0 22
E0 0 0 22
E1 0 0 22
E2 0 0 22
E3 0 0 22
E4 0 0 22
E5 0 0 22
E6 0 0 22
E7 0 0 22
E8 0 0 22
E9 0 0 22
EA 0 0 22
EB 0 0 22
EC 0 0 22
ED 0 0 22
EE 0 0 22
EF 0 0 22
F0 0 0 22
F1 0 0 22
F2 0 0 22
F3 0 0 22
F4 0 0 22
F5 0 0 22
F6 0 0 22
F7 0 0 22
F8 0 0 22
F9 0 0 22
FA 0 0 22
00 0 0 22
01 0 0 22
02 0 0 22
03 0 0 22
04 0 0 22
05 0 0 22
06 0 0 22
07 0 0 22
08 0 0 22
09 0 0 22
0A 0 0 22
0B 0 0 22
0C 0 0 22
0D 0 0 22
0E 0 0 22
0F 0 0 22
10 0 0 22
11 1 0 22
00 0 0 23
0A 0 0 23
35 0 0 23
01 0 0 23
02 0 0 23
03 0 0 23
DE 0 0 23
AD 0 0 23
BE 0 0 23
EF 0 0 23
00 0 0 23
01 0 0 23
08 0 0 23
00 0 0 23
17 0 0 23
18 0 0 23
19 0 0 23
1A 0 0 23
1B 0 0 23
1C 0 0 23
1D 0 0 23
1E 0 0 23
1F 0 0 23
20 0 0 23
21 0 0 23
22 0 0 23
23 0 0 23
24 0 0 23
25 0 0 23
26 0 0 23
27 0 0 23
28 0 0 23
29 0 0 23
2A 0 0 23
2B 0 0 23
2C 0 0 23
2D 0 0 23
2E 0 0 23
2F 0 0 23
30 0 0 23
31 0 0 23
32 0 0 23
33 0 0 23
34 0 0 23
35 0 0 23
36 0 0 23
37 0 0 23
38 0 0 23
39 0 0 23
3A 0 0 23
3B 0 0 23
3C 0 0 23
3D 0 0 23
3E 0 0 23
3F 0 0 23
40 0 0 23
41 0 0 23
42 0 0 23
43 0 0 23
44 0 0 23
45 0 0 23
46 0 0 23
47 0 0 23
48 0 0 23
49 0 0 23
4A 0 0 23
4B 0 0 23
4C 0 0 23
4D 0 0 23
4E 0 0 23
4F 0 0 23
50 0 0 23
51 0 0 23
52 0 0 23
53 0 0 23
54 0 0 23
55 0 0 23
56 0 0 23
57 0 0 23
58 0 0 23
59 0 0 23
5A 0 0 23
5B 0 0 23
5C 0 0 23
5D 0 0 23
5E 0 0 23
5F 0 0 23
60 0 0 23
61 0 0 23
62 0 0 23
63 0 0 23
64 0 0 23
65 0 0 23
66 0 0 23
67 0 0 23
68 0 0 23
69 0 0 23
6A 0 0 23
6B 0 0 23
6C 0 0 23
6D 0 0 23
6E 0 0 23
6F 0 0 23
70 0 0 23
71 0 0 23
72 0 0 23
73 0 0 23
74 0 0 23
75 0 0 23
76 0 0 23
77 0 0 23
78 0 0 23
79 0 0 23
7A 0 0 23
7B 0 0 23
7C 0 0 23
7D 0 0 23
7E 0 0 23
7F 0 0 23
80 0 0 23
81 0 0 23
82 0 0 23
83 0 0 23
84 0 0 23
85 0 0 23
86 0 0 23
87 0 0 23
88 0 0 23
89 0 0 23
8A 0 0 23
8B 0 0 23
8C 0 0 23
8D 0 0 23
8E 0 0 23
8F 0 0 23
90 0 0 23
91 0 0 23
92 0 0 23
93 0 0 23
94 0 0 23
95 0 0 23
96 0 0 23
97 0 0 23
98 0 0 23
99 0 0 23
9A 0 0 23
9B 0 0 23
9C 0 0 23
9D 0 0 23
9E 0 0 23
9F 0 0 23
A0 0 0 23
A1 0 0 23
A2 0 0 23
A3 0 0 23
A4 0 0 23
A5 0 0 23
A6 0 0 23
A7 0 0 23
A8 0 0 23
A9 0 0 23
AA 0 0 23
AB 0 0 23
AC 0 0 23
AD 0 0 23
AE 0 0 23
AF 0 0 23
B0 0 0 23
B1 0 0 23
B2 0 0 23
B3 0 0 23
B4 0 0 23
B5 0 0 23
B6 0 0 23
B7 0 0 23
B8 0 0 23
B9 0 0 23
BA 0 0 23
BB 0 0 23
BC 0 0 23
BD 0 0 23
BE 0 0 23
BF 0 0 23
C0 0 0 23
C1 0 0 23
C2 0 0 23
C3 0 0 23
C4 0 0 23
C5 0 0 23
C6 0 0 23
C7 0 0 23
C8 0 0 23
C9 0 0 23
CA 0 0 23
CB 0 0 23
CC 0 0 23
CD 0 0 23
CE 0 0 23
CF 0 0 23
D0 0 0 23
D1 0 0 23
D2 0 0 23
D3 0 0 23
D4 0 0 23
D5 0 0 23
D6 0 0 23
D7 0 0 23
D8 0 0 23
D9 0 0 23
DA 0 0 23
DB 0 0 23
DC 0 0 23
DD 0 0 23
DE 0 0 23
DF 0 0 23
E0 0 0 23
E1 0 0 23
E2 0 0 23
E3 0 0 23
E4 0 0 23
E5 0 0 23
E6 0 0 23
E7 0 0 23
E8 0 0 23
E9 0 0 23
EA 0 0 23
EB 0 0 23
EC 0 0 23
ED 0 0 23
EE 0 0 23
EF 0 0 23
F0 0 0 23
F1 0 0 23
F2 0 0 23
F3 0 0 23
F4 0 0 23
F5 0 0 23
F6 0 0 23
F7 0 0 23
F8 0 0 23
F9 0 0 23
FA 0 0 23
00 0 0 23
01 0 0 23
02 0 0 23
03 0 0 23
04 0 0 23
05 0 0 23
06 0 0 23
07 0 0 23
08 0 0 23
09 0 0 23
0A 0 0 23
0B 0 0 23
0C 0 0 23
0D 0 0 23
0E 0 0 23
0F 0 0 23
10 0 0 23
11 0 0 23
12 0 0 23
13 0 0 23
14 0 0 23
15 0 0 23
16 0 0 23
17 0 0 23
18 0 0 23
19 0 0 23
1A 0 0 23
1B 0 0 23
1C 0 0 23
1D 0 0 23
1E 0 0 23
1F 0 0 23
20 0 0 23
21 0 0 23
22 0 0 23
23 0 0 23
24 0 0 23
25 0 0 23
26 0 0 23
27 0 0 23
28 0 0 23
29 0 0 23
2A 0 0 23
2B 0 0 23
2C 0 0 23
2D 0 0 23
2E 0 0 23
2F 0 0 23
30 0 0 23
31 0 0 23
32 0 0 23
33 0 0 23
34 0 0 23
35 0 0 23
36 0 0 23
37 0 0 23
38 0 0 23
39 0 0 23
3A 0 0 23
3B 0 0 23
3C 0 0 23
3D 0 0 23
3E 0 0 23
3F 0 0 23
40 0 0 23
41 0 0 23
42 0 0 23
43 0 0 23
44 0 0 23
45 0 0 23
46 0 0 23
47 0 0 23
48 0 0 23
49 0 0 23
4A 0 0 23
4B 0 0 23
4C 0 0 23
4D 0 0 23
4E 0 0 23
4F 0 0 23
50 0 0 23
51 0 0 23
52 0 0 23
53 0 0 23
54 0 0 23
55 0 0 23
56 0 0 23
57 0 0 23
58 0 0 23
59 0 0 23
5A 0 0 23
5B 0 0 23
5C 0 0 23
5D 0 0 23
5E 0 0 23
5F 0 0 23
60 0 0 23
61 0 0 23
62 0 0 23
63 0 0 23
64 0 0 23
65 0 0 23
66 0 0 23
67 0 0 23
68 0 0 23
69 0 0 23
6A 0 0 23
6B 0 0 23
6C 0 0 23
6D 0 0 23
6E 0 0 23
6F 0 0 23
70 0 0 23
71 0 0 23
72 0 0 23
73 0 0 23
74 0 0 23
75 0 0 23
76 0 0 23
77 0 0 23
78 0 0 23
79 0 0 23
7A 0 0 23
7B 0 0 23
7C 0 0 23
7D 0 0 23
7E 0 0 23
7F 0 0 23
80 0 0 23
81 0 0 23
82 0 0 23
83 0 0 23
84 0 0 23
85 0 0 23
86 0 0 23
87 0 0 23
88 0 0 23
89 0 0 23
8A 0 0 23
8B 0 0 23
8C 0 0 23
8D 0 0 23
8E 0 0 23
8F 0 0 23
90 0 0 23
91 0 0 23
92 0 0 23
93 0 0 23
94 0 0 23
95 0 0 23
96 0 0 23
97 0 0 23
98 0 0 23
99 0 0 23
9A 0 0 23
9B 0 0 23
9C 0 0 23
9D 0 0 23
9E 0 0 23
9F 0 0 23
A0 0 0 23
A1 0 0 23
A2 0 0 23
A3 0 0 23
A4 0 0 23
A5 0 0 23
A6 0 0 23
A7 0 0 23
A8 0 0 23
A9 0 0 23
AA 0 0 23
AB 0 0 23
AC 0 0 23
AD 0 0 23
AE 0 0 23
AF 0 0 23
B0 0 0 23
B1 0 0 23
B2 0 0 23
B3 0 0 23
B4 0 0 23
B5 0 0 23
B6 0 0 23
B7 0 0 23
B8 0 0 23
B9 0 0 23
BA 0 0 23
BB 0 0 23
BC 0 0 23
BD 0 0 23
BE 0 0 23
BF 0 0 23
C0 0 0 23
C1 0 0 23
C2 0 0 23
C3 0 0 23
C4 0 0 23
C5 0 0 23
C6 0 0 23
C7 0 0 23
C8 0 0 23
C9 0 0 23
CA 0 0 23
CB 0 0 23
CC 0 0 23
CD 0 0 23
CE 0 0 23
CF 0 0 23
D0 0 0 23
D1 0 0 23
D2 0 0 23
D3 0 0 23
D4 0 0 23
D5 0 0 23
D6 0 0 23
D7 0 0 23
D8 0 0 23
D9 0 0 23
DA 0 0 23
DB 0 0 23
DC 0 0 23
DD 0 0 23
DE 0 0 23
DF 0 0 23
E0 0 0 23
E1 0 0 23
E2 0 0 23
E3 0 0 23
E4 0 0 23
E5 0 0 23
E6 0 0 23
E7 0 0 23
E8 0 0 23
E9 0 0 23
EA 0 0 23
EB 0 0 23
EC 0 0 23
ED 0 0 23
EE 0 0 23
EF 0 0 23
F0 0 0 23
F1 0 0 23
F2 0 0 23
F3 0 0 23
F4 0 0 23
F5 0 0 23
F6 0 0 23
F7 0 0 23
F8 0 0 23
F9 0 0 23
FA 0 0 23
00 0 0 23
01 0 0 23
02 0 0 23
03 0 0 23
04 0 0 23
05 0 0 23
06 0 0 23
07 0 0 23
08 0 0 23
09 0 0 23
0A 0 0 23
0B 0 0 23
0C 0 0 23
0D 0 0 23
0E 0 0 23
0F 0 0 23
10 0 0 23
11 0 0 23
12 0 0 23
13 0 0 23
14 0 0 23
15 0 0 23
16 0 0 23
17 0 0 23
18 0 0 23
19 0 0 23
1A 0 0 23
1B 0 0 23
1C 0 0 23
1D 0 0 23
1E 0 0 23
1F 0 0 23
20 0 0 23
21 0 0 23
22 0 0 23
23 0 0 23
24 0 0 23
25 0 0 23
26 0 0 23
27 0 0 23
28 0 0 23
29 0 0 23
2A 0 0 23
2B 0 0 23
2C 0 0 23
2D 0 0 23
2E 0 0 23
2F 0 0 23
30 0 0 23
31 0 0 23
32 0 0 23
33 0 0 23
34 0 0 23
35 0 0 23
36 0 0 23
37 0 0 23
38 0 0 23
39 0 0 23
3A 0 0 23
3B 0 0 23
3C 0 0 23
3D 0 0 23
3E 0 0 23
3F 0 0 23
40 0 0 23
41 0 0 23
42 0 0 23
43 0 0 23
44 0 0 23
45 0 0 23
46 0 0 23
47 0 0 23
48 0 0 23
49 0 0 23
4A 0 0 23
4B 0 0 23
4C 0 0 23
4D 0 0 23
4E 0 0 23
4F 0 0 23
50 0 0 23
51 0 0 23
52 0 0 23
53 0 0 23
54 0 0 23
55 0 0 23
56 0 0 23
57 0 0 23
58 0 0 23
59 0 0 23
5A 0 0 23
5B 0 0 23
5C 0 0 23
5D 0 0 23
5E 0 0 23
5F 0 0 23
60 0 0 23
61 0 0 23
62 0 0 23
63 0 0 23
64 0 0 23
65 0 0 23
66 0 0 23
67 0 0 23
68 0 0 23
69 0 0 23
6A 0 0 23
6B 0 0 23
6C 0 0 23
6D 0 0 23
6E 0 0 23
6F 0 0 23
70 0 0 23
71 0 0 23
72 0 0 23
73 0 0 23
74 0 0 23
75 0 0 23
76 0 0 23
77 0 0 23
78 0 0 23
79 0 0 23
7A 0 0 23
7B 0 0 23
7C 0 0 23
7D 0 0 23
7E 0 0 23
7F 0 0 23
80 0 0 23
81 0 0 23
82 0 0 23
83 0 0 23
84 0 0 23
85 0 0 23
86 0 0 23
87 0 0 23
88 0 0 23
89 0 0 23
8A 0 0 23
8B 0 0 23
8C 0 0 23
8D 0 0 23
8E 0 0 23
8F 0 0 23
90 0 0 23
91 0 0 23
92 0 0 23
93 0 0 23
94 0 0 23
95 0 0 23
96 0 0 23
97 0 0 23
98 0 0 23
99 0 0 23
9A 0 0 23
9B 0 0 23
9C 0 0 23
9D 0 0 23
9E 0 0 23
9F 0 0 23
A0 0 0 23
A1 0 0 23
A2 0 0 23
A3 0 0 23
A4 0 0 23
A5 0 0 23
A6 0 0 23
A7 0 0 23
A8 0 0 23
A9 0 0 23
AA 0 0 23
AB 0 0 23
AC 0 0 23
AD 0 0 23
AE 0 0 23
AF 0 0 23
B0 0 0 23
B1 0 0 23
B2 0 0 23
B3 0 0 23
B4 0 0 23
B5 0 0 23
B6 0 0 23
B7 0 0 23
B8 0 0 23
B9 0 0 23
BA 0 0 23
BB 0 0 23
BC 0 0 23
BD 0 0 23
BE 0 0 23
BF 0 0 23
C0 0 0 23
C1 0 0 23
C2 0 0 23
C3 0 0 23
C4 0 0 23
C5 0 0 23
C6 0 0 23
C7 0 0 23
C8 0 0 23
C9 0 0 23
CA 0 0 23
CB 0 0 23
CC 0 0 23
CD 0 0 23
CE 0 0 23
CF 0 0 23
D0 0 0 23
D1 0 0 23
D2 0 0 23
D3 0 0 23
D4 0 0 23
D5 0 0 23
D6 0 0 23
D7 0 0 23
D8 0 0 23
D9 0 0 23
DA 0 0 23
DB 0 0 23
DC 0 0 23
DD 0 0 23
DE 0 0 23
DF 0 0 23
E0 0 0 23
E1 0 0 23
E2 0 0 23
E3 0 0 23
E4 0 0 23
E5 0 0 23
E6 0 0 23
E7 0 0 23
E8 0 0 23
E9 0 0 23
EA 0 0 23
EB 0 0 23
EC 0 0 23
ED 0 0 23
EE 0 0 23
EF 0 0 23
F0 0 0 23
F1 0 0 23
F2 0 0 23
F3 0 0 23
F4 0 0 23
F5 0 0 23
F6 0 0 23
F7 0 0 23
F8 0 0 23
F9 0 0 23
FA 0 0 23
00 0 0 23
01 0 0 23
02 0 0 23
03 0 0 23
04 0 0 23
05 0 0 23
06 0 0 23
07 0 0 23
08 0 0 23
09 0 0 23
0A 0 0 23
0B 0 0 23
0C 0 0 23
0D 0 0 23
0E 0 0 23
0F 0 0 23
10 0 0 23
11 0 0 23
12 0 0 23
13 0 0 23
14 0 0 23
15 0 0 23
16 0 0 23
17 0 0 23
18 0 0 23
19 0 0 23
1A 0 0 23
1B 0 0 23
1C 0 0 23
1D 0 0 23
1E 0 0 23
1F 0 0 23
20 0 0 23
21 0 0 23
22 0 0 23
23 0 0 23
24 0 0 23
25 0 0 23
26 0 0 23
27 0 0 23
28 0 0 23
29 0 0 23
2A 0 0 23
2B 0 0 23
2C 0 0 23
2D 0 0 23
2E 0 0 23
2F 0 0 23
30 0 0 23
31 0 0 23
32 0 0 23
33 0 0 23
34 0 0 23
35 0 0 23
36 0 0 23
37 0 0 23
38 0 0 23
39 0 0 23
3A 0 0 23
3B 0 0 23
3C 0 0 23
3D 0 0 23
3E 0 0 23
3F 0 0 23
40 0 0 23
41 0 0 23
42 0 0 23
43 0 0 23
44 0 0 23
45 0 0 23
46 0 0 23
47 0 0 23
48 0 0 23
49 0 0 23
4A 0 0 23
4B 0 0 23
4C 0 0 23
4D 0 0 23
4E 0 0 23
4F 0 0 23
50 0 0 23
51 0 0 23
52 0 0 23
53 0 0 23
54 0 0 23
55 0 0 23
56 0 0 23
57 0 0 23
58 0 0 23
59 0 0 23
5A 0 0 23
5B 0 0 23
5C 0 0 23
5D 0 0 23
5E 0 0 23
5F 0 0 23
60 0 0 23
61 0 0 23
62 0 0 23
63 0 0 23
64 0 0 23
65 0 0 23
66 0 0 23
67 0 0 23
68 0 0 23
69 0 0 23
6A 0 0 23
6B 0 0 23
6C 0 0 23
6D 0 0 23
6E 0 0 23
6F 0 0 23
70 0 0 23
71 0 0 23
72 0 0 23
73 0 0 23
74 0 0 23
75 0 0 23
76 0 0 23
77 0 0 23
78 0 0 23
79 0 0 23
7A 0 0 23
7B 0 0 23
7C 0 0 23
7D 0 0 23
7E 0 0 23
7F 0 0 23
80 0 0 23
81 0 0 23
82 0 0 23
83 0 0 23
84 0 0 23
85 0 0 23
86 0 0 23
87 0 0 23
88 0 0 23
89 0 0 23
8A 0 0 23
8B 0 0 23
8C 0 0 23
8D 0 0 23
8E 0 0 23
8F 0 0 23
90 0 0 23
91 0 0 23
92 0 0 23
93 0 0 23
94 0 0 23
95 0 0 23
96 0 0 23
97 0 0 23
98 0 0 23
99 0 0 23
9A 0 0 23
9B 0 0 23
9C 0 0 23
9D 0 0 23
9E 0 0 23
9F 0 0 23
A0 0 0 23
A1 0 0 23
A2 0 0 23
A3 0 0 23
A4 0 0 23
A5 0 0 23
A6 0 0 23
A7 0 0 23
A8 0 0 23
A9 0 0 23
AA 0 0 23
AB 0 0 23
AC 0 0 23
AD 0 0 23
AE 0 0 23
AF 0 0 23
B0 0 0 23
B1 0 0 23
B2 0 0 23
B3 0 0 23
B4 0 0 23
B5 0 0 23
B6 0 0 23
B7 0 0 23
B8 0 0 23
B9 0 0 23
BA 0 0 23
BB 0 0 23
BC 0 0 23
BD 0 0 23
BE 0 0 23
BF 0 0 23
C0 0 0 23
C1 0 0 23
C2 0 0 23
C3 0 0 23
C4 0 0 23
C5 0 0 23
C6 0 0 23
C7 0 0 23
C8 0 0 23
C9 0 0 23
CA 0 0 23
CB 0 0 23
CC 0 0 23
CD 0 0 23
CE 0 0 23
CF 0 0 23
D0 0 0 23
D1 0 0 23
D2 0 0 23
D3 0 0 23
D4 0 0 23
D5 0 0 23
D6 0 0 23
D7 0 0 23
D8 0 0 23
D9 0 0 23
DA 0 0 23
DB 0 0 23
DC 0 0 23
DD 0 0 23
DE 0 0 23
DF 0 0 23
E0 0 0 23
E1 0 0 23
E2 0 0 23
E3 0 0 23
E4 0 0 23
E5 0 0 23
E6 0 0 23
E7 0 0 23
E8 0 0 23
E9 0 0 23
EA 0 0 23
EB 0 0 23
EC 0 0 23
ED 0 0 23
EE 0 0 23
EF 0 0 23
F0 0 0 23
F1 0 0 23
F2 0 0 23
F3 0 0 23
F4 0 0 23
F5 0 0 23
F6 0 0 23
F7 0 0 23
F8 0 0 23
F9 0 0 23
FA 0 0 23
00 0 0 23
01 0 0 23
02 0 0 23
03 0 0 23
04 0 0 23
05 0 0 23
06 0 0 23
07 0 0 23
08 0 0 23
09 0 0 23
0A 0 0 23
0B 0 0 23
0C 0 0 23
0D 0 0 23
0E 0 0 23
0F 0 0 23
10 0 0 23
11 0 0 23
12 0 0 23
13 0 0 23
14 0 0 23
15 0 0 23
16 0 0 23
17 0 0 23
18 0 0 23
19 0 0 23
1A 0 0 23
1B 0 0 23
1C 0 0 23
1D 0 0 23
1E 0 0 23
1F 0 0 23
20 0 0 23
21 0 0 23
22 0 0 23
23 0 0 23
24 0 0 23
25 0 0 23
26 0 0 23
27 0 0 23
28 0 0 23
29 0 0 23
2A 0 0 23
2B 0 0 23
2C 0 0 23
2D 0 0 23
2E 0 0 23
2F 0 0 23
30 0 0 23
31 0 0 23
32 0 0 23
33 0 0 23
34 0 0 23
35 0 0 23
36 0 0 23
37 0 0 23
38 0 0 23
39 0 0 23
3A 0 0 23
3B 0 0 23
3C 0 0 23
3D 0 0 23
3E 0 0 23
3F 0 0 23
40 0 0 23
41 0 0 23
42 0 0 23
43 0 0 23
44 0 0 23
45 0 0 23
46 0 0 23
47 0 0 23
48 0 0 23
49 0 0 23
4A 0 0 23
4B 0 0 23
4C 0 0 23
4D 0 0 23
4E 0 0 23
4F 0 0 23
50 0 0 23
51 0 0 23
52 0 0 23
53 0 0 23
54 0 0 23
55 0 0 23
56 0 0 23
57 0 0 23
58 0 0 23
59 0 0 23
5A 0 0 23
5B 0 0 23
5C 0 0 23
5D 0 0 23
5E 0 0 23
5F 0 0 23
60 0 0 23
61 0 0 23
62 0 0 23
63 0 0 23
64 0 0 23
65 0 0 23
66 0 0 23
67 0 0 23
68 0 0 23
69 0 0 23
6A 0 0 23
6B 0 0 23
6C 0 0 23
6D 0 0 23
6E 0 0 23
6F 0 0 23
70 0 0 23
71 0 0 23
72 0 0 23
73 0 0 23
74 0 0 23
75 0 0 23
76 0 0 23
77 0 0 23
78 0 0 23
79 0 0 23
7A 0 0 23
7B 0 0 23
7C 0 0 23
7D 0 0 23
7E 0 0 23
7F 0 0 23
80 0 0 23
81 0 0 23
82 0 0 23
83 0 0 23
84 0 0 23
85 0 0 23
86 0 0 23
87 0 0 23
88 0 0 23
89 0 0 23
8A 0 0 23
8B 0 0 23
8C 0 0 23
8D 0 0 23
8E 0 0 23
8F 0 0 23
90 0 0 23
91 0 0 23
92 0 0 23
93 0 0 23
94 0 0 23
95 0 0 23
96 0 0 23
97 0 0 23
98 0 0 23
99 0 0 23
9A 0 0 23
9B 0 0 23
9C 0 0 23
9D 0 0 23
9E 0 0 23
9F 0 0 23
A0 0 0 23
A1 0 0 23
A2 0 0 23
A3 0 0 23
A4 0 0 23
A5 0 0 23
A6 0 0 23
A7 0 0 23
A8 0 0 23
A9 0 0 23
AA 0 0 23
AB 0 0 23
AC 0 0 23
AD 0 0 23
AE 0 0 23
AF 0 0 23
B0 0 0 23
B1 0 0 23
B2 0 0 23
B3 0 0 23
B4 0 0 23
B5 0 0 23
B6 0 0 23
B7 0 0 23
B8 0 0 23
B9 0 0 23
BA 0 0 23
BB 0 0 23
BC 0 0 23
BD 0 0 23
BE 0 0 23
BF 0 0 23
C0 0 0 23
C1 0 0 23
C2 0 0 23
C3 0 0 23
C4 0 0 23
C5 0 0 23
C6 0 0 23
C7 0 0 23
C8 0 0 23
C9 0 0 23
CA 0 0 23
CB 0 0 23
CC 0 0 23
CD 0 0 23
CE 0 0 23
CF 0 0 23
D0 0 0 23
D1 0 0 23
D2 0 0 23
D3 0 0 23
D4 0 0 23
D5 0 0 23
D6 0 0 23
D7 0 0 23
D8 0 0 23
D9 0 0 23
DA 0 0 23
DB 0 0 23
DC 0 0 23
DD 0 0 23
DE 0 0 23
DF 0 0 23
E0 0 0 23
E1 0 0 23
E2 0 0 23
E3 0 0 23
E4 0 0 23
E5 0 0 23
E6 0 0 23
E7 0 0 23
E8 0 0 23
E9 0 0 23
EA 0 0 23
EB 0 0 23
EC 0 0 23
ED 0 0 23
EE 0 0 23
EF 0 0 23
F0 0 0 23
F1 0 0 23
F2 0 0 23
F3 0 0 23
F4 0 0 23
F5 0 0 23
F6 0 0 23
F7 0 0 23
F8 0 0 23
F9 0 0 23
FA 0 0 23
00 0 0 23
01 0 0 23
02 0 0 23
03 0 0 23
04 0 0 23
05 0 0 23
06 0 0 23
07 0 0 23
08 0 0 23
09 0 0 23
0A 0 0 23
0B 0 0 23
0C 0 0 23
0D 0 0 23
0E 0 0 23
0F 0 0 23
10 0 0 23
11 0 0 23
12 0 0 23
13 0 0 23
14 0 0 23
15 0 0 23
16 0 0 23
17 0 0 23
18 0 0 23
19 0 0 23
1A 0 0 23
1B 0 0 23
1C 0 0 23
1D 0 0 23
1E 0 0 23
1F 0 0 23
20 0 0 23
21 0 0 23
22 0 0 23
23 0 0 23
24 0 0 23
25 0 0 23
26 0 0 23
27 0 0 23
28 0 0 23
29 0 0 23
2A 0 0 23
2B 0 0 23
2C 0 0 23
2D 0 0 23
2E 0 0 23
2F 0 0 23
30 0 0 23
31 0 0 23
32 0 0 23
33 0 0 23
34 0 0 23
35 0 0 23
36 0 0 23
37 0 0 23
38 0 0 23
39 0 0 23
3A 0 0 23
3B 0 0 23
3C 0 0 23
3D 0 0 23
3E 0 0 23
3F 0 0 23
40 0 0 23
41 0 0 23
42 0 0 23
43 0 0 23
44 0 0 23
45 0 0 23
46 0 0 23
47 0 0 23
48 0 0 23
49 0 0 23
4A 0 0 23
4B 0 0 23
4C 0 0 23
4D 0 0 23
4E 0 0 23
4F 0 0 23
50 0 0 23
51 0 0 23
52 0 0 23
53 0 0 23
54 0 0 23
55 0 0 23
56 0 0 23
57 0 0 23
58 0 0 23
59 0 0 23
5A 0 0 23
5B 0 0 23
5C 0 0 23
5D 0 0 23
5E 0 0 23
5F 0 0 23
60 0 0 23
61 0 0 23
62 0 0 23
63 0 0 23
64 0 0 23
65 0 0 23
66 0 0 23
67 0 0 23
68 0 0 23
69 0 0 23
6A 0 0 23
6B 0 0 23
6C 0 0 23
6D 0 0 23
6E 0 0 23
6F 0 0 23
70 0 0 23
71 0 0 23
72 0 0 23
73 0 0 23
74 0 0 23
75 0 0 23
76 0 0 23
77 0 0 23
78 0 0 23
79 0 0 23
7A 0 0 23
7B 0 0 23
7C 0 0 23
7D 0 0 23
7E 0 0 23
7F 0 0 23
80 0 0 23
81 0 0 23
82 0 0 23
83 0 0 23
84 0 0 23
85 0 0 23
86 0 0 23
87 0 0 23
88 0 0 23
89 0 0 23
8A 0 0 23
8B 0 0 23
8C 0 0 23
8D 0 0 23
8E 0 0 23
8F 0 0 23
90 0 0 23
91 0 0 23
92 0 0 23
93 0 0 23
94 0 0 23
95 0 0 23
96 0 0 23
97 0 0 23
98 0 0 23
99 0 0 23
9A 0 0 23
9B 0 0 23
9C 0 0 23
9D 0 0 23
9E 0 0 23
9F 0 0 23
A0 0 0 23
A1 0 0 23
A2 0 0 23
A3 0 0 23
A4 0 0 23
A5 0 0 23
A6 0 0 23
A7 0 0 23
A8 0 0 23
A9 0 0 23
AA 0 0 23
AB 0 0 23
AC 0 0 23
AD 0 0 23
AE 0 0 23
AF 0 0 23
B0 0 0 23
B1 0 0 23
B2 0 0 23
B3 0 0 23
B4 0 0 23
B5 0 0 23
B6 0 0 23
B7 0 0 23
B8 0 0 23
B9 0 0 23
BA 0 0 23
BB 0 0 23
BC 0 0 23
BD 0 0 23
BE 0 0 23
BF 0 0 23
C0 0 0 23
C1 0 0 23
C2 0 0 23
C3 0 0 23
C4 0 0 23
C5 0 0 23
C6 0 0 23
C7 0 0 23
C8 0 0 23
C9 0 0 23
CA 0 0 23
CB 0 0 23
CC 0 0 23
CD 0 0 23
CE 0 0 23
CF 0 0 23
D0 0 0 23
D1 0 0 23
D2 0 0 23
D3 0 0 23
D4 0 0 23
D5 0 0 23
D6 0 0 23
D7 0 0 23
D8 0 0 23
D9 0 0 23
DA 0 0 23
DB 0 0 23
DC 0 0 23
DD 0 0 23
DE 0 0 23
DF 0 0 23
E0 0 0 23
E1 0 0 23
E2 0 0 23
E3 0 0 23
E4 0 0 23
E5 0 0 23
E6 0 0 23
E7 0 0 23
E8 0 0 23
E9 0 0 23
EA 0 0 23
EB 0 0 23
EC 0 0 23
ED 0 0 23
EE 0 0 23
EF 0 0 23
F0 0 0 23
F1 0 0 23
F2 0 0 23
F3 0 0 23
F4 0 0 23
F5 0 0 23
F6 0 0 23
F7 0 0 23
F8 0 0 23
F9 0 0 23
FA 0 0 23
00 0 0 23
01 0 0 23
02 0 0 23
03 0 0 23
04 0 0 23
05 0 0 23
06 0 0 23
07 0 0 23
08 0 0 23
09 0 0 23
0A 0 0 23
0B 0 0 23
0C 0 0 23
0D 0 0 23
0E 0 0 23
0F 1 1 23
00 0 0 24
0A 0 0 24
35 0 0 24
01 0 0 24
02 0 0 24
03 0 0 24
DE 0 0 24
AD 0 0 24
BE 0 0 24
EF 0 0 24
00 0 0 24
01 0 0 24
08 0 0 24
00 0 0 24
18 0 0 24
19 0 0 24
1A 0 0 24
1B 0 0 24
1C 0 0 24
1D 0 0 24
1E 0 0 24
1F 0 0 24
20 0 0 24
21 0 0 24
22 0 0 24
23 0 0 24
24 0 0 24
25 0 0 24
26 0 0 24
27 0 0 24
28 0 0 24
29 0 0 24
2A 0 0 24
2B 0 0 24
2C 0 0 24
2D 0 0 24
2E 0 0 24
2F 0 0 24
30 0 0 24
31 0 0 24
32 0 0 24
33 0 0 24
34 0 0 24
35 0 0 24
36 0 0 24
37 0 0 24
38 0 0 24
39 0 0 24
3A 0 0 24
3B 0 0 24
3C 0 0 24
3D 0 0 24
3E 0 0 24
3F 0 0 24
40 0 0 24
41 0 0 24
42 0 0 24
43 0 0 24
44 0 0 24
45 0 0 24
46 0 0 24
47 0 0 24
48 0 0 24
49 0 0 24
4A 0 0 24
4B 0 0 24
4C 0 0 24
4D 0 0 24
4E 0 0 24
4F 0 0 24
50 0 0 24
51 0 0 24
52 0 0 24
53 0 0 24
54 0 0 24
55 0 0 24
56 0 0 24
57 0 0 24
58 0 0 24
59 0 0 24
5A 0 0 24
5B 0 0 24
5C 0 0 24
5D 0 0 24
5E 0 0 24
5F 0 0 24
60 0 0 24
61 0 0 24
62 0 0 24
63 0 0 24
64 0 0 24
65 0 0 24
66 0 0 24
67 0 0 24
68 0 0 24
69 0 0 24
6A 0 0 24
6B 0 0 24
6C 0 0 24
6D 0 0 24
6E 0 0 24
6F 0 0 24
70 0 0 24
71 0 0 24
72 0 0 24
73 0 0 24
74 0 0 24
75 0 0 24
76 0 0 24
77 0 0 24
78 0 0 24
79 0 0 24
7A 0 0 24
7B 0 0 24
7C 0 0 24
7D 0 0 24
7E 0 0 24
7F 0 0 24
80 0 0 24
81 0 0 24
82 0 0 24
83 0 0 24
84 0 0 24
85 0 0 24
86 0 0 24
87 0 0 24
88 0 0 24
89 0 0 24
8A 0 0 24
8B 0 0 24
8C 0 0 24
8D 0 0 24
8E 0 0 24
8F 0 0 24
90 0 0 24
91 0 0 24
92 0 0 24
93 0 0 24
94 0 0 24
95 0 0 24
96 0 0 24
97 0 0 24
98 0 0 24
99 0 0 24
9A 0 0 24
9B 0 0 24
9C 0 0 24
9D 0 0 24
9E 0 0 24
9F 0 0 24
A0 0 0 24
A1 0 0 24
A2 0 0 24
A3 0 0 24
A4 0 0 24
A5 0 0 24
A6 0 0 24
A7 0 0 24
A8 0 0 24
A9 0 0 24
AA 0 0 24
AB 0 0 24
AC 0 0 24
AD 0 0 24
AE 0 0 24
AF 0 0 24
B0 0 0 24
B1 0 0 24
B2 0 0 24
B3 0 0 24
B4 0 0 24
B5 0 0 24
B6 0 0 24
B7 0 0 24
B8 0 0 24
B9 0 0 24
BA 0 0 24
BB 0 0 24
BC 0 0 24
BD 0 0 24
BE 0 0 24
BF 0 0 24
C0 0 0 24
C1 0 0 24
C2 0 0 24
C3 0 0 24
C4 0 0 24
C5 0 0 24
C6 0 0 24
C7 0 0 24
C8 0 0 24
C9 0 0 24
CA 0 0 24
CB 0 0 24
CC 0 0 24
CD 0 0 24
CE 0 0 24
CF 0 0 24
D0 0 0 24
D1 0 0 24
D2 0 0 24
D3 0 0 24
D4 0 0 24
D5 0 0 24
D6 0 0 24
D7 0 0 24
D8 0 0 24
D9 0 0 24
DA 0 0 24
DB 0 0 24
DC 0 0 24
DD 0 0 24
DE 0 0 24
DF 0 0 24
E0 0 0 24
E1 0 0 24
E2 0 0 24
E3 0 0 24
E4 0 0 24
E5 0 0 24
E6 0 0 24
E7 0 0 24
E8 0 0 24
E9 0 0 24
EA 0 0 24
EB 0 0 24
EC 0 0 24
ED 0 0 24
EE 0 0 24
EF 0 0 24
F0 0 0 24
F1 0 0 24
F2 0 0 24
F3 0 0 24
F4 0 0 24
F5 0 0 24
F6 0 0 24
F7 0 0 24
F8 0 0 24
F9 0 0 24
FA 0 0 24
00 0 0 24
01 0 0 24
02 0 0 24
03 0 0 24
04 0 0 24
05 0 0 24
06 0 0 24
07 0 0 24
08 0 0 24
09 0 0 24
0A 0 0 24
0B 0 0 24
0C 0 0 24
0D 0 0 24
0E 0 0 24
0F 0 0 24
10 0 0 24
11 0 0 24
12 0 0 24
13 0 0 24
14 0 0 24
15 0 0 24
16 0 0 24
17 0 0 24
18 0 0 24
19 0 0 24
1A 0 0 24
1B 0 0 24
1C 0 0 24
1D 0 0 24
1E 0 0 24
1F 0 0 24
20 0 0 24
21 0 0 24
22 0 0 24
23 0 0 24
24 0 0 24
25 0 0 24
26 0 0 24
27 0 0 24
28 0 0 24
29 0 0 24
2A 0 0 24
2B 0 0 24
2C 0 0 24
2D 0 0 24
2E 0 0 24
2F 0 0 24
30 0 0 24
31 0 0 24
32 0 0 24
33 0 0 24
34 0 0 24
35 0 0 24
36 0 0 24
37 0 0 24
38 0 0 24
39 0 0 24
3A 0 0 24
3B 0 0 24
3C 0 0 24
3D 0 0 24
3E 0 0 24
3F 0 0 24
40 0 0 24
41 0 0 24
42 0 0 24
43 0 0 24
44 0 0 24
45 0 0 24
46 0 0 24
47 0 0 24
48 0 0 24
49 0 0 24
4A 0 0 24
4B 0 0 24
4C 0 0 24
4D 0 0 24
4E 0 0 24
4F 0 0 24
50 0 0 24
51 0 0 24
52 0 0 24
53 0 0 24
54 0 0 24
55 0 0 24
56 0 0 24
57 0 0 24
58 0 0 24
59 0 0 24
5A 0 0 24
5B 0 0 24
5C 0 0 24
5D 0 0 24
5E 0 0 24
5F 0 0 24
60 0 0 24
61 0 0 24
62 0 0 24
63 0 0 24
64 0 0 24
65 0 0 24
66 0 0 24
67 0 0 24
68 0 0 24
69 0 0 24
6A 0 0 24
6B 0 0 24
6C 0 0 24
6D 0 0 24
6E 0 0 24
6F 0 0 24
70 0 0 24
71 0 0 24
72 0 0 24
73 0 0 24
74 0 0 24
75 0 0 24
76 0 0 24
77 0 0 24
78 0 0 24
79 0 0 24
7A 0 0 24
7B 0 0 24
7C 0 0 24
7D 0 0 24
7E 0 0 24
7F 0 0 24
80 0 0 24
81 0 0 24
82 0 0 24
83 0 0 24
84 0 0 24
85 0 0 24
86 0 0 24
87 0 0 24
88 0 0 24
89 0 0 24
8A 0 0 24
8B 0 0 24
8C 0 0 24
8D 0 0 24
8E 0 0 24
8F 0 0 24
90 0 0 24
91 0 0 24
92 0 0 24
93 0 0 24
94 0 0 24
95 0 0 24
96 0 0 24
97 0 0 24
98 0 0 24
99 0 0 24
9A 0 0 24
9B 0 0 24
9C 0 0 24
9D 0 0 24
9E 0 0 24
9F 0 0 24
A0 0 0 24
A1 0 0 24
A2 0 0 24
A3 0 0 24
A4 0 0 24
A5 0 0 24
A6 0 0 24
A7 0 0 24
A8 0 0 24
A9 0 0 24
AA 0 0 24
AB 0 0 24
AC 0 0 24
AD 0 0 24
AE 0 0 24
AF 0 0 24
B0 0 0 24
B1 0 0 24
B2 0 0 24
B3 0 0 24
B4 0 0 24
B5 0 0 24
B6 0 0 24
B7 0 0 24
B8 0 0 24
B9 0 0 24
BA 0 0 24
BB 0 0 24
BC 0 0 24
BD 0 0 24
BE 0 0 24
BF 0 0 24
C0 0 0 24
C1 0 0 24
C2 0 0 24
C3 0 0 24
C4 0 0 24
C5 0 0 24
C6 0 0 24
C7 0 0 24
C8 0 0 24
C9 0 0 24
CA 0 0 24
CB 0 0 24
CC 0 0 24
CD 0 0 24
CE 0 0 24
CF 0 0 24
D0 0 0 24
D1 0 0 24
D2 0 0 24
D3 0 0 24
D4 0 0 24
D5 0 0 24
D6 0 0 24
D7 0 0 24
D8 0 0 24
D9 0 0 24
DA 0 0 24
DB 0 0 24
DC 0 0 24
DD 0 0 24
DE 0 0 24
DF 0 0 24
E0 0 0 24
E1 0 0 24
E2 0 0 24
E3 0 0 24
E4 0 0 24
E5 0 0 24
E6 0 0 24
E7 0 0 24
E8 0 0 24
E9 0 0 24
EA 0 0 24
EB 0 0 24
EC 0 0 24
ED 0 0 24
EE 0 0 24
EF 0 0 24
F0 0 0 24
F1 0 0 24
F2 0 0 24
F3 0 0 24
F4 0 0 24
F5 0 0 24
F6 0 0 24
F7 0 0 24
F8 0 0 24
F9 0 0 24
FA 0 0 24
00 0 0 24
01 0 0 24
02 0 0 24
03 0 0 24
04 0 0 24
05 0 0 24
06 0 0 24
07 0 0 24
08 0 0 24
09 0 0 24
0A 0 0 24
0B 0 0 24
0C 0 0 24
0D 0 0 24
0E 0 0 24
0F 0 0 24
10 0 0 24
11 0 0 24
12 0 0 24
13 0 0 24
14 0 0 24
15 0 0 24
16 0 0 24
17 0 0 24
18 0 0 24
19 0 0 24
1A 0 0 24
1B 0 0 24
1C 0 0 24
1D 0 0 24
1E 0 0 24
1F 0 0 24
20 0 0 24
21 0 0 24
22 0 0 24
23 0 0 24
24 0 0 24
25 0 0 24
26 0 0 24
27 0 0 24
28 0 0 24
29 0 0 24
2A 0 0 24
2B 0 0 24
2C 0 0 24
2D 0 0 24
2E 0 0 24
2F 0 0 24
30 0 0 24
31 0 0 24
32 0 0 24
33 0 0 24
34 0 0 24
35 0 0 24
36 0 0 24
37 0 0 24
38 0 0 24
39 0 0 24
3A 0 0 24
3B 0 0 24
3C 0 0 24
3D 0 0 24
3E 0 0 24
3F 0 0 24
40 0 0 24
41 0 0 24
42 0 0 24
43 0 0 24
44 0 0 24
45 0 0 24
46 0 0 24
47 0 0 24
48 0 0 24
49 0 0 24
4A 0 0 24
4B 0 0 24
4C 0 0 24
4D 0 0 24
4E 0 0 24
4F 0 0 24
50 0 0 24
51 0 0 24
52 0 0 24
53 0 0 24
54 0 0 24
55 0 0 24
56 0 0 24
57 0 0 24
58 0 0 24
59 0 0 24
5A 0 0 24
5B 0 0 24
5C 0 0 24
5D 0 0 24
5E 0 0 24
5F 0 0 24
60 0 0 24
61 0 0 24
62 0 0 24
63 0 0 24
64 0 0 24
65 0 0 24
66 0 0 24
67 0 0 24
68 0 0 24
69 0 0 24
6A 0 0 24
6B 0 0 24
6C 0 0 24
6D 0 0 24
6E 0 0 24
6F 0 0 24
70 0 0 24
71 0 0 24
72 0 0 24
73 0 0 24
74 0 0 24
75 0 0 24
76 0 0 24
77 0 0 24
78 0 0 24
79 0 0 24
7A 0 0 24
7B 0 0 24
7C 0 0 24
7D 0 0 24
7E 0 0 24
7F 0 0 24
80 0 0 24
81 0 0 24
82 0 0 24
83 0 0 24
84 0 0 24
85 0 0 24
86 0 0 24
87 0 0 24
88 0 0 24
89 0 0 24
8A 0 0 24
8B 0 0 24
8C 0 0 24
8D 0 0 24
8E 0 0 24
8F 0 0 24
90 0 0 24
91 0 0 24
92 0 0 24
93 0 0 24
94 0 0 24
95 0 0 24
96 0 0 24
97 0 0 24
98 0 0 24
99 0 0 24
9A 0 0 24
9B 0 0 24
9C 0 0 24
9D 0 0 24
9E 0 0 24
9F 0 0 24
A0 0 0 24
A1 0 0 24
A2 0 0 24
A3 0 0 24
A4 0 0 24
A5 0 0 24
A6 0 0 24
A7 0 0 24
A8 0 0 24
A9 0 0 24
AA 0 0 24
AB 0 0 24
AC 0 0 24
AD 0 0 24
AE 0 0 24
AF 0 0 24
B0 0 0 24
B1 0 0 24
B2 0 0 24
B3 0 0 24
B4 0 0 24
B5 0 0 24
B6 0 0 24
B7 0 0 24
B8 0 0 24
B9 0 0 24
BA 0 0 24
BB 0 0 24
BC 0 0 24
BD 0 0 24
BE 0 0 24
BF 0 0 24
C0 0 0 24
C1 0 0 24
C2 0 0 24
C3 0 0 24
C4 0 0 24
C5 0 0 24
C6 0 0 24
C7 0 0 24
C8 0 0 24
C9 0 0 24
CA 0 0 24
CB 0 0 24
CC 0 0 24
CD 0 0 24
CE 0 0 24
CF 0 0 24
D0 0 0 24
D1 0 0 24
D2 0 0 24
D3 0 0 24
D4 0 0 24
D5 0 0 24
D6 0 0 24
D7 0 0 24
D8 0 0 24
D9 0 0 24
DA 0 0 24
DB 0 0 24
DC 0 0 24
DD 0 0 24
DE 0 0 24
DF 0 0 24
E0 0 0 24
E1 0 0 24
E2 0 0 24
E3 0 0 24
E4 0 0 24
E5 0 0 24
E6 0 0 24
E7 0 0 24
E8 0 0 24
E9 0 0 24
EA 0 0 24
EB 0 0 24
EC 0 0 24
ED 0 0 24
EE 0 0 24
EF 0 0 24
F0 0 0 24
F1 0 0 24
F2 0 0 24
F3 0 0 24
F4 0 0 24
F5 0 0 24
F6 0 0 24
F7 0 0 24
F8 0 0 24
F9 0 0 24
FA 0 0 24
00 0 0 24
01 0 0 24
02 0 0 24
03 0 0 24
04 0 0 24
05 0 0 24
06 0 0 24
07 0 0 24
08 0 0 24
09 0 0 24
0A 0 0 24
0B 0 0 24
0C 0 0 24
0D 0 0 24
0E 0 0 24
0F 0 0 24
10 0 0 24
11 0 0 24
12 0 0 24
13 0 0 24
14 0 0 24
15 0 0 24
16 0 0 24
17 0 0 24
18 0 0 24
19 0 0 24
1A 0 0 24
1B 0 0 24
1C 0 0 24
1D 0 0 24
1E 0 0 24
1F 0 0 24
20 0 0 24
21 0 0 24
22 0 0 24
23 0 0 24
24 0 0 24
25 0 0 24
26 0 0 24
27 0 0 24
28 0 0 24
29 0 0 24
2A 0 0 24
2B 0 0 24
2C 0 0 24
2D 0 0 24
2E 0 0 24
2F 0 0 24
30 0 0 24
31 0 0 24
32 0 0 24
33 0 0 24
34 0 0 24
35 0 0 24
36 0 0 24
37 0 0 24
38 0 0 24
39 0 0 24
3A 0 0 24
3B 0 0 24
3C 0 0 24
3D 0 0 24
3E 0 0 24
3F 0 0 24
40 0 0 24
41 0 0 24
42 0 0 24
43 0 0 24
44 0 0 24
45 0 0 24
46 0 0 24
47 0 0 24
48 0 0 24
49 0 0 24
4A 0 0 24
4B 0 0 24
4C 0 0 24
4D 0 0 24
4E 0 0 24
4F 0 0 24
50 0 0 24
51 0 0 24
52 0 0 24
53 0 0 24
54 0 0 24
55 0 0 24
56 0 0 24
57 0 0 24
58 0 0 24
59 0 0 24
5A 0 0 24
5B 0 0 24
5C 0 0 24
5D 0 0 24
5E 0 0 24
5F 0 0 24
60 0 0 24
61 0 0 24
62 0 0 24
63 0 0 24
64 0 0 24
65 0 0 24
66 0 0 24
67 0 0 24
68 0 0 24
69 0 0 24
6A 0 0 24
6B 0 0 24
6C 0 0 24
6D 0 0 24
6E 0 0 24
6F 0 0 24
70 0 0 24
71 0 0 24
72 0 0 24
73 0 0 24
74 0 0 24
75 0 0 24
76 0 0 24
77 0 0 24
78 0 0 24
79 0 0 24
7A 0 0 24
7B 0 0 24
7C 0 0 24
7D 0 0 24
7E 0 0 24
7F 0 0 24
80 0 0 24
81 0 0 24
82 0 0 24
83 0 0 24
84 0 0 24
85 0 0 24
86 0 0 24
87 0 0 24
88 0 0 24
89 0 0 24
8A 0 0 24
8B 0 0 24
8C 0 0 24
8D 0 0 24
8E 0 0 24
8F 0 0 24
90 0 0 24
91 0 0 24
92 0 0 24
93 0 0 24
94 0 0 24
95 0 0 24
96 0 0 24
97 0 0 24
98 0 0 24
99 0 0 24
9A 0 0 24
9B 0 0 24
9C 0 0 24
9D 0 0 24
9E 0 0 24
9F 0 0 24
A0 0 0 24
A1 0 0 24
A2 0 0 24
A3 0 0 24
A4 0 0 24
A5 0 0 24
A6 0 0 24
A7 0 0 24
A8 0 0 24
A9 0 0 24
AA 0 0 24
AB 0 0 24
AC 0 0 24
AD 0 0 24
AE 0 0 24
AF 0 0 24
B0 0 0 24
B1 0 0 24
B2 0 0 24
B3 0 0 24
B4 0 0 24
B5 0 0 24
B6 0 0 24
B7 0 0 24
B8 0 0 24
B9 0 0 24
BA 0 0 24
BB 0 0 24
BC 0 0 24
BD 0 0 24
BE 0 0 24
BF 0 0 24
C0 0 0 24
C1 0 0 24
C2 0 0 24
C3 0 0 24
C4 0 0 24
C5 0 0 24
C6 0 0 24
C7 0 0 24
C8 0 0 24
C9 0 0 24
CA 0 0 24
CB 0 0 24
CC 0 0 24
CD 0 0 24
CE 0 0 24
CF 0 0 24
D0 0 0 24
D1 0 0 24
D2 0 0 24
D3 0 0 24
D4 0 0 24
D5 0 0 24
D6 0 0 24
D7 0 0 24
D8 0 0 24
D9 0 0 24
DA 0 0 24
DB 0 0 24
DC 0 0 24
DD 0 0 24
DE 0 0 24
DF 0 0 24
E0 0 0 24
E1 0 0 24
E2 0 0 24
E3 0 0 24
E4 0 0 24
E5 0 0 24
E6 0 0 24
E7 0 0 24
E8 0 0 24
E9 0 0 24
EA 0 0 24
EB 0 0 24
EC 0 0 24
ED 0 0 24
EE 0 0 24
EF 0 0 24
F0 0 0 24
F1 0 0 24
F2 0 0 24
F3 0 0 24
F4 0 0 24
F5 0 0 24
F6 0 0 24
F7 0 0 24
F8 0 0 24
F9 0 0 24
FA 0 0 24
00 0 0 24
01 0 0 24
02 0 0 24
03 0 0 24
04 0 0 24
05 0 0 24
06 0 0 24
07 0 0 24
08 0 0 24
09 0 0 24
0A 0 0 24
0B 0 0 24
0C 0 0 24
0D 0 0 24
0E 0 0 24
0F 0 0 24
10 0 0 24
11 0 0 24
12 0 0 24
13 0 0 24
14 0 0 24
15 0 0 24
16 0 0 24
17 0 0 24
18 0 0 24
19 0 0 24
1A 0 0 24
1B 0 0 24
1C 0 0 24
1D 0 0 24
1E 0 0 24
1F 0 0 24
20 0 0 24
21 0 0 24
22 0 0 24
23 0 0 24
24 0 0 24
25 0 0 24
26 0 0 24
27 0 0 24
28 0 0 24
29 0 0 24
2A 0 0 24
2B 0 0 24
2C 0 0 24
2D 0 0 24
2E 0 0 24
2F 0 0 24
30 0 0 24
31 0 0 24
32 0 0 24
33 0 0 24
34 0 0 24
35 0 0 24
36 0 0 24
37 0 0 24
38 0 0 24
39 0 0 24
3A 0 0 24
3B 0 0 24
3C 0 0 24
3D 0 0 24
3E 0 0 24
3F 0 0 24
40 0 0 24
41 0 0 24
42 0 0 24
43 0 0 24
44 0 0 24
45 0 0 24
46 0 0 24
47 0 0 24
48 0 0 24
49 0 0 24
4A 0 0 24
4B 0 0 24
4C 0 0 24
4D 0 0 24
4E 0 0 24
4F 0 0 24
50 0 0 24
51 0 0 24
52 0 0 24
53 0 0 24
54 0 0 24
55 0 0 24
56 0 0 24
57 0 0 24
58 0 0 24
59 0 0 24
5A 0 0 24
5B 0 0 24
5C 0 0 24
5D 0 0 24
5E 0 0 24
5F 0 0 24
60 0 0 24
61 0 0 24
62 0 0 24
63 0 0 24
64 0 0 24
65 0 0 24
66 0 0 24
67 0 0 24
68 0 0 24
69 0 0 24
6A 0 0 24
6B 0 0 24
6C 0 0 24
6D 0 0 24
6E 0 0 24
6F 0 0 24
70 0 0 24
71 0 0 24
72 0 0 24
73 0 0 24
74 0 0 24
75 0 0 24
76 0 0 24
77 0 0 24
78 0 0 24
79 0 0 24
7A 0 0 24
7B 0 0 24
7C 0 0 24
7D 0 0 24
7E 0 0 24
7F 0 0 24
80 0 0 24
81 0 0 24
82 0 0 24
83 0 0 24
84 0 0 24
85 0 0 24
86 0 0 24
87 0 0 24
88 0 0 24
89 0 0 24
8A 0 0 24
8B 0 0 24
8C 0 0 24
8D 0 0 24
8E 0 0 24
8F 0 0 24
90 0 0 24
91 0 0 24
92 0 0 24
93 0 0 24
94 0 0 24
95 0 0 24
96 0 0 24
97 0 0 24
98 0 0 24
99 0 0 24
9A 0 0 24
9B 0 0 24
9C 0 0 24
9D 0 0 24
9E 0 0 24
9F 0 0 24
A0 0 0 24
A1 0 0 24
A2 0 0 24
A3 0 0 24
A4 0 0 24
A5 0 0 24
A6 0 0 24
A7 0 0 24
A8 0 0 24
A9 0 0 24
AA 0 0 24
AB 0 0 24
AC 0 0 24
AD 0 0 24
AE 0 0 24
AF 0 0 24
B0 0 0 24
B1 0 0 24
B2 0 0 24
B3 0 0 24
B4 0 0 24
B5 0 0 24
B6 0 0 24
B7 0 0 24
B8 0 0 24
B9 0 0 24
BA 0 0 24
BB 0 0 24
BC 0 0 24
BD 0 0 24
BE 0 0 24
BF 0 0 24
C0 0 0 24
C1 0 0 24
C2 0 0 24
C3 0 0 24
C4 0 0 24
C5 0 0 24
C6 0 0 24
C7 0 0 24
C8 0 0 24
C9 0 0 24
CA 0 0 24
CB 0 0 24
CC 0 0 24
CD 0 0 24
CE 0 0 24
CF 0 0 24
D0 0 0 24
D1 0 0 24
D2 0 0 24
D3 0 0 24
D4 0 0 24
D5 0 0 24
D6 0 0 24
D7 0 0 24
D8 0 0 24
D9 0 0 24
DA 0 0 24
DB 0 0 24
DC 0 0 24
DD 0 0 24
DE 0 0 24
DF 0 0 24
E0 0 0 24
E1 0 0 24
E2 0 0 24
E3 0 0 24
E4 0 0 24
E5 0 0 24
E6 0 0 24
E7 0 0 24
E8 0 0 24
E9 0 0 24
EA 0 0 24
EB 0 0 24
EC 0 0 24
ED 0 0 24
EE 0 0 24
EF 0 0 24
F0 0 0 24
F1 0 0 24
F2 0 0 24
F3 0 0 24
F4 0 0 24
F5 0 0 24
F6 0 0 24
F7 0 0 24
F8 0 0 24
F9 0 0 24
FA 0 0 24
00 0 0 24
01 0 0 24
02 0 0 24
03 0 0 24
04 0 0 24
05 0 0 24
06 0 0 24
07 0 0 24
08 0 0 24
09 0 0 24
0A 0 0 24
0B 0 0 24
0C 0 0 24
0D 0 0 24
0E 0 0 24
0F 0 0 24
10 0 0 24
11 0 0 24
12 0 0 24
13 0 0 24
14 0 0 24
15 0 0 24
16 0 0 24
17 0 0 24
18 0 0 24
19 0 0 24
1A 0 0 24
1B 0 0 24
1C 0 0 24
1D 0 0 24
1E 0 0 24
1F 0 0 24
20 0 0 24
21 0 0 24
22 0 0 24
23 0 0 24
24 0 0 24
25 0 0 24
26 0 0 24
27 0 0 24
28 0 0 24
29 0 0 24
2A 0 0 24
2B 0 0 24
2C 0 0 24
2D 0 0 24
2E 0 0 24
2F 0 0 24
30 0 0 24
31 0 0 24
32 0 0 24
33 0 0 24
34 0 0 24
35 0 0 24
36 0 0 24
37 0 0 24
38 0 0 24
39 0 0 24
3A 0 0 24
3B 0 0 24
3C 0 0 24
3D 0 0 24
3E 0 0 24
3F 0 0 24
40 0 0 24
41 0 0 24
42 0 0 24
43 0 0 24
44 0 0 24
45 0 0 24
46 0 0 24
47 0 0 24
48 0 0 24
49 0 0 24
4A 0 0 24
4B 0 0 24
4C 0 0 24
4D 0 0 24
4E 0 0 24
4F 0 0 24
50 0 0 24
51 0 0 24
52 0 0 24
53 0 0 24
54 0 0 24
55 0 0 24
56 0 0 24
57 0 0 24
58 0 0 24
59 0 0 24
5A 0 0 24
5B 0 0 24
5C 0 0 24
5D 0 0 24
5E 0 0 24
5F 0 0 24
60 0 0 24
61 0 0 24
62 0 0 24
63 0 0 24
64 0 0 24
65 0 0 24
66 0 0 24
67 0 0 24
68 0 0 24
69 0 0 24
6A 0 0 24
6B 0 0 24
6C 0 0 24
6D 0 0 24
6E 0 0 24
6F 0 0 24
70 0 0 24
71 0 0 24
72 0 0 24
73 0 0 24
74 0 0 24
75 0 0 24
76 0 0 24
77 0 0 24
78 0 0 24
79 0 0 24
7A 0 0 24
7B 0 0 24
7C 0 0 24
7D 0 0 24
7E 0 0 24
7F 0 0 24
80 0 0 24
81 0 0 24
82 0 0 24
83 0 0 24
84 0 0 24
85 0 0 24
86 0 0 24
87 0 0 24
88 0 0 24
89 0 0 24
8A 0 0 24
8B 0 0 24
8C 0 0 24
8D 0 0 24
8E 0 0 24
8F 0 0 24
90 0 0 24
91 0 0 24
92 0 0 24
93 0 0 24
94 0 0 24
95 0 0 24
96 0 0 24
97 0 0 24
98 0 0 24
99 0 0 24
9A 0 0 24
9B 0 0 24
9C 0 0 24
9D 0 0 24
9E 0 0 24
9F 0 0 24
A0 0 0 24
A1 0 0 24
A2 0 0 24
A3 0 0 24
A4 0 0 24
A5 0 0 24
A6 0 0 24
A7 0 0 24
A8 0 0 24
A9 0 0 24
AA 0 0 24
AB 0 0 24
AC 0 0 24
AD 0 0 24
AE 0 0 24
AF 0 0 24
B0 0 0 24
B1 0 0 24
B2 0 0 24
B3 0 0 24
B4 0 0 24
B5 0 0 24
B6 0 0 24
B7 0 0 24
B8 0 0 24
B9 0 0 24
BA 0 0 24
BB 0 0 24
BC 0 0 24
BD 0 0 24
BE 0 0 24
BF 0 0 24
C0 0 0 24
C1 0 0 24
C2 0 0 24
C3 0 0 24
C4 0 0 24
C5 0 0 24
C6 0 0 24
C7 0 0 24
C8 0 0 24
C9 0 0 24
CA 0 0 24
CB 0 0 24
CC 0 0 24
CD 0 0 24
CE 0 0 24
CF 0 0 24
D0 0 0 24
D1 0 0 24
D2 0 0 24
D3 0 0 24
D4 0 0 24
D5 0 0 24
D6 0 0 24
D7 0 0 24
D8 0 0 24
D9 0 0 24
DA 0 0 24
DB 0 0 24
DC 0 0 24
DD 0 0 24
DE 0 0 24
DF 0 0 24
E0 0 0 24
E1 0 0 24
E2 0 0 24
E3 0 0 24
E4 0 0 24
E5 0 0 24
E6 0 0 24
E7 0 0 24
E8 0 0 24
E9 0 0 24
EA 0 0 24
EB 0 0 24
EC 0 0 24
ED 0 0 24
EE 0 0 24
EF 0 0 24
F0 0 0 24
F1 0 0 24
F2 0 0 24
F3 0 0 24
F4 0 0 24
F5 0 0 24
F6 0 0 24
F7 0 0 24
F8 0 0 24
F9 0 0 24
FA 0 0 24
00 0 0 24
01 0 0 24
02 0 0 24
03 0 0 24
04 0 0 24
05 0 0 24
06 0 0 24
07 0 0 24
08 0 0 24
09 0 0 24
0A 0 0 24
0B 0 0 24
0C 0 0 24
0D 0 0 24
0E 0 0 24
0F 0 0 24
10 0 0 24
11 0 0 24
F8 0 0 24
08 0 0 24
95 0 0 24
E1 0 0 24
00 0 0 24
01 0 0 24
02 0 0 24
03 0 0 24
04 0 0 24
05 0 0 24
06 0 0 24
07 0 0 24
08 0 0 24
09 0 0 24
0A 0 0 24
0B 0 0 24
0C 0 0 24
0D 0 0 24
0E 0 0 24
0F 0 0 24
10 0 0 24
11 0 0 24
12 0 0 24
13 0 0 24
14 0 0 24
15 0 0 24
16 0 0 24
17 0 0 24
18 1 0 24
00 0 0 25
0A 0 0 25
35 0 0 25
01 0 0 25
02 0 0 25
03 0 0 25
DE 0 0 25
AD 0 0 25
BE 0 0 25
EF 0 0 25
00 0 0 25
01 0 0 25
08 0 0 25
00 0 0 25
19 0 0 25
00 0 0 25
00 0 0 25
00 0 0 25
00 0 0 25
00 0 0 25
00 0 0 25
00 0 0 25
00 0 0 25
00 0 0 25
00 0 0 25
00 0 0 25
00 0 0 25
00 0 0 25
00 0 0 25
00 0 0 25
00 0 0 25
00 0 0 25
00 0 0 25
00 0 0 25
00 0 0 25
00 0 0 25
00 0 0 25
00 0 0 25
00 0 0 25
00 0 0 25
00 0 0 25
00 0 0 25
00 0 0 25
00 0 0 25
00 0 0 25
00 0 0 25
00 0 0 25
00 0 0 25
00 0 0 25
00 0 0 25
00 0 0 25
00 0 0 25
00 0 0 25
00 0 0 25
00 0 0 25
00 0 0 25
00 0 0 25
00 0 0 25
00 0 0 25
00 1 1 25
00 0 0 26
0A 0 0 26
35 0 0 26
01 0 0 26
02 0 0 26
03 0 0 26
DE 0 0 26
AD 0 0 26
BE 0 0 26
EF 0 0 26
00 0 0 26
01 0 0 26
08 0 0 26
00 0 0 26
1A 0 0 26
1B 0 0 26
1C 0 0 26
1D 0 0 26
1E 0 0 26
1F 0 0 26
20 0 0 26
21 0 0 26
22 0 0 26
23 0 0 26
24 0 0 26
25 0 0 26
26 0 0 26
27 0 0 26
28 0 0 26
29 0 0 26
2A 0 0 26
2B 0 0 26
2C 0 0 26
2D 0 0 26
2A 0 0 26
2F 0 0 26
30 0 0 26
31 0 0 26
32 0 0 26
33 0 0 26
34 0 0 26
35 0 0 26
36 0 0 26
37 0 0 26
38 0 0 26
39 0 0 26
3A 0 0 26
3B 0 0 26
3C 0 0 26
3D 0 0 26
3E 0 0 26
3F 0 0 26
40 0 0 26
41 0 0 26
42 0 0 26
43 0 0 26
44 0 0 26
45 0 0 26
46 0 0 26
00 1 0 26
00 0 0 27
0A 0 0 27
35 0 0 27
01 0 0 27
02 0 0 27
03 0 0 27
DE 0 0 27
AD 0 0 27
BE 0 0 27
EF 0 0 27
00 0 0 27
01 0 0 27
08 0 0 27
00 0 0 27
1B 0 0 27
1C 0 0 27
1D 0 0 27
1E 0 0 27
1F 0 0 27
20 0 0 27
21 0 0 27
22 0 0 27
23 0 0 27
24 0 0 27
25 0 0 27
26 0 0 27
27 0 0 27
28 0 0 27
29 0 0 27
2A 0 0 27
2B 0 0 27
2C 0 0 27
2D 0 0 27
2E 0 0 27
2F 0 0 27
30 0 0 27
31 0 0 27
32 0 0 27
33 0 0 27
34 0 0 27
35 0 0 27
36 0 0 27
37 0 0 27
38 0 0 27
39 0 0 27
3A 0 0 27
3B 0 0 27
3C 0 0 27
3D 0 0 27
3E 0 0 27
3F 0 0 27
40 0 0 27
41 0 0 27
42 0 0 27
43 0 0 27
44 0 0 27
45 0 0 27
46 0 0 27
47 0 0 27
48 1 1 27
00 0 0 28
0A 0 0 28
35 0 0 28
01 0 0 28
02 0 0 28
03 0 0 28
DE 0 0 28
AD 0 0 28
BE 0 0 28
EF 0 0 28
00 0 0 28
01 0 0 28
08 0 0 28
00 0 0 28
1C 0 0 28
1D 0 0 28
1E 0 0 28
1F 0 0 28
20 1 0 28
00 0 0 29
0A 0 0 29
35 0 0 29
01 0 0 29
02 0 0 29
03 0 0 29
DE 0 0 29
AD 0 0 29
BE 0 0 29
EF 0 0 29
00 0 0 29
01 0 0 29
08 0 0 29
00 0 0 29
1D 0 0 29
1E 0 0 29
1F 0 0 29
20 0 0 29
21 0 0 29
22 0 0 29
23 0 0 29
24 0 0 29
25 0 0 29
26 0 0 29
27 0 0 29
28 0 0 29
29 0 0 29
2A 0 0 29
2B 0 0 29
2C 0 0 29
2D 0 0 29
2E 0 0 29
2F 0 0 29
30 0 0 29
31 0 0 29
32 0 0 29
33 0 0 29
34 0 0 29
35 0 0 29
36 0 0 29
37 0 0 29
38 0 0 29
39 0 0 29
3A 0 0 29
3B 0 0 29
3C 0 0 29
3D 0 0 29
3E 0 0 29
3F 0 0 29
40 0 0 29
41 0 0 29
42 0 0 29
43 0 0 29
44 0 0 29
45 0 0 29
46 0 0 29
47 0 0 29
48 0 0 29
49 0 0 29
4A 0 0 29
4B 0 0 29
4C 0 0 29
4D 0 0 29
4E 0 0 29
4F 0 0 29
50 0 0 29
51 0 0 29
52 0 0 29
53 0 0 29
54 0 0 29
55 0 0 29
56 0 0 29
57 0 0 29
58 0 0 29
59 0 0 29
5A 0 0 29
5B 1 1 29
00 0 0 30
0A 0 0 30
35 0 0 30
01 0 0 30
02 0 0 30
03 0 0 30
DE 0 0 30
AD 0 0 30
BE 0 0 30
EF 0 0 30
00 0 0 30
01 0 0 30
08 0 0 30
00 0 0 30
1E 0 0 30
1F 0 0 30
20 0 0 30
21 0 0 30
22 0 0 30
23 0 0 30
24 0 0 30
25 0 0 30
26 0 0 30
27 0 0 30
28 0 0 30
29 0 0 30
2A 0 0 30
2B 0 0 30
2C 0 0 30
2D 0 0 30
2E 0 0 30
2F 0 0 30
30 0 0 30
31 0 0 30
32 0 0 30
33 0 0 30
34 0 0 30
35 0 0 30
36 0 0 30
37 0 0 30
38 0 0 30
39 0 0 30
3A 0 0 30
3B 0 0 30
3C 0 0 30
3D 0 0 30
3E 0 0 30
3F 0 0 30
40 0 0 30
41 0 0 30
42 0 0 30
43 0 0 30
44 0 0 30
45 0 0 30
46 0 0 30
47 0 0 30
48 0 0 30
49 0 0 30
4A 0 0 30
4B 0 0 30
4C 0 0 30
4D 0 0 30
4E 0 0 30
4F 0 0 30
50 0 0 30
51 0 0 30
52 0 0 30
53 0 0 30
54 0 0 30
55 0 0 30
56 0 0 30
57 0 0 30
58 0 0 30
59 0 0 30
5A 0 0 30
5B 0 0 30
5C 0 0 30
5D 1 0 30
00 0 0 31
0A 0 0 31
35 0 0 31
01 0 0 31
02 0 0 31
03 0 0 31
DE 0 0 31
AD 0 0 31
BE 0 0 31
EF 0 0 31
00 0 0 31
01 0 0 31
08 0 0 31
00 0 0 31
1F 0 0 31
20 0 0 31
21 0 0 31
22 0 0 31
23 0 0 31
24 0 0 31
25 0 0 31
26 0 0 31
27 0 0 31
28 0 0 31
29 0 0 31
2A 0 0 31
2B 0 0 31
2C 0 0 31
2D 0 0 31
2E 0 0 31
2F 0 0 31
30 0 0 31
31 0 0 31
32 0 0 31
33 0 0 31
34 0 0 31
35 0 0 31
36 0 0 31
37 0 0 31
38 0 0 31
39 0 0 31
3A 0 0 31
3B 0 0 31
3C 0 0 31
3D 0 0 31
3E 0 0 31
3F 0 0 31
40 0 0 31
41 0 0 31
42 0 0 31
43 0 0 31
44 0 0 31
45 0 0 31
46 0 0 31
47 0 0 31
48 0 0 31
49 0 0 31
4A 0 0 31
4B 0 0 31
4C 0 0 31
4D 0 0 31
4E 0 0 31
4F 0 0 31
50 0 0 31
51 0 0 31
52 0 0 31
53 0 0 31
54 0 0 31
55 0 0 31
56 0 0 31
57 0 0 31
58 0 0 31
59 0 0 31
5A 0 0 31
5B 0 0 31
5C 0 0 31
5D 0 0 31
5E 0 0 31
5F 1 1 31
00 0 0 32
0A 0 0 32
35 0 0 32
01 0 0 32
02 0 0 32
03 0 0 32
DE 0 0 32
AD 0 0 32
BE 0 0 32
EF 0 0 32
00 0 0 32
01 0 0 32
08 0 0 32
00 0 0 32
20 0 0 32
21 0 0 32
22 0 0 32
23 0 0 32
24 0 0 32
25 0 0 32
26 0 0 32
27 0 0 32
28 0 0 32
29 0 0 32
2A 0 0 32
2B 0 0 32
2C 0 0 32
2D 0 0 32
2E 0 0 32
2F 0 0 32
30 0 0 32
31 0 0 32
32 0 0 32
33 0 0 32
34 0 0 32
35 0 0 32
36 0 0 32
37 0 0 32
38 0 0 32
39 0 0 32
3A 0 0 32
3B 0 0 32
3C 0 0 32
3D 0 0 32
3E 0 0 32
3F 0 0 32
40 0 0 32
41 0 0 32
42 0 0 32
43 0 0 32
44 0 0 32
45 0 0 32
46 0 0 32
47 0 0 32
48 0 0 32
49 0 0 32
4A 0 0 32
4B 0 0 32
4C 0 0 32
4D 0 0 32
4E 0 0 32
4F 0 0 32
50 0 0 32
51 0 0 32
52 0 0 32
53 0 0 32
54 0 0 32
55 0 0 32
56 0 0 32
57 0 0 32
58 0 0 32
59 0 0 32
5A 0 0 32
5B 0 0 32
5C 0 0 32
5D 0 0 32
5E 0 0 32
5F 0 0 32
60 0 0 32
61 0 0 32
62 0 0 32
63 0 0 32
64 0 0 32
65 0 0 32
66 0 0 32
67 0 0 32
68 0 0 32
69 0 0 32
6A 0 0 32
6B 0 0 32
6C 0 0 32
6D 0 0 32
6E 0 0 32
6F 0 0 32
70 0 0 32
71 0 0 32
72 0 0 32
73 0 0 32
74 0 0 32
75 0 0 32
76 0 0 32
77 0 0 32
78 0 0 32
79 0 0 32
7A 0 0 32
7B 0 0 32
7C 0 0 32
7D 0 0 32
7E 0 0 32
7F 0 0 32
80 0 0 32
81 0 0 32
82 0 0 32
83 0 0 32
A8 0 0 32
BB 0 0 32
00 0 0 32
46 0 0 32
00 0 0 32
01 0 0 32
02 0 0 32
03 0 0 32
04 0 0 32
05 0 0 32
06 0 0 32
07 0 0 32
08 0 0 32
09 0 0 32
0A 0 0 32
0B 0 0 32
0C 0 0 32
0D 0 0 32
0E 0 0 32
0F 0 0 32
10 0 0 32
11 0 0 32
12 0 0 32
13 0 0 32
14 0 0 32
15 0 0 32
16 0 0 32
17 0 0 32
18 0 0 32
19 0 0 32
1A 0 0 32
1B 0 0 32
1C 0 0 32
1D 0 0 32
1E 0 0 32
1F 0 0 32
20 0 0 32
21 0 0 32
22 0 0 32
23 0 0 32
24 0 0 32
25 0 0 32
26 0 0 32
27 0 0 32
28 0 0 32
29 0 0 32
2A 0 0 32
2B 0 0 32
2C 0 0 32
2D 0 0 32
2E 0 0 32
2F 0 0 32
30 0 0 32
31 0 0 32
32 0 0 32
33 0 0 32
34 0 0 32
35 0 0 32
36 0 0 32
37 0 0 32
38 0 0 32
39 0 0 32
3A 0 0 32
3B 0 0 32
3C 0 0 32
3D 0 0 32
3E 0 0 32
3F 0 0 32
40 0 0 32
41 0 0 32
42 0 0 32
43 0 0 32
44 0 0 32
45 0 0 32
46 0 0 32
47 0 0 32
48 0 0 32
49 0 0 32
4A 0 0 32
4B 0 0 32
4C 0 0 32
4D 0 0 32
4E 0 0 32
4F 0 0 32
50 0 0 32
51 0 0 32
52 0 0 32
53 0 0 32
54 0 0 32
55 0 0 32
56 0 0 32
57 0 0 32
58 0 0 32
59 0 0 32
5A 0 0 32
5B 0 0 32
5C 0 0 32
5D 0 0 32
5E 0 0 32
5F 0 0 32
60 0 0 32
61 0 0 32
62 0 0 32
63 0 0 32
64 0 0 32
65 0 0 32
66 0 0 32
67 0 0 32
68 0 0 32
69 0 0 32
6A 0 0 32
6B 0 0 32
6C 0 0 32
6D 0 0 32
6E 0 0 32
6F 0 0 32
70 0 0 32
71 0 0 32
72 0 0 32
73 0 0 32
74 0 0 32
75 0 0 32
76 0 0 32
77 0 0 32
78 0 0 32
79 0 0 32
7A 0 0 32
7B 0 0 32
7C 0 0 32
7D 0 0 32
7E 0 0 32
7F 0 0 32
80 0 0 32
81 0 0 32
82 0 0 32
83 0 0 32
84 0 0 32
85 0 0 32
86 0 0 32
87 0 0 32
88 0 0 32
89 0 0 32
8A 0 0 32
8B 0 0 32
8C 0 0 32
8D 0 0 32
8E 0 0 32
8F 0 0 32
90 0 0 32
91 0 0 32
92 0 0 32
93 0 0 32
94 0 0 32
95 0 0 32
96 0 0 32
97 0 0 32
98 0 0 32
99 0 0 32
9A 0 0 32
9B 0 0 32
9C 0 0 32
9D 0 0 32
9E 0 0 32
9F 0 0 32
A0 0 0 32
A1 0 0 32
A2 0 0 32
A3 0 0 32
A4 0 0 32
A5 0 0 32
A6 0 0 32
A7 0 0 32
A8 0 0 32
A9 0 0 32
AA 0 0 32
AB 0 0 32
AC 0 0 32
AD 0 0 32
AE 0 0 32
AF 0 0 32
B0 0 0 32
B1 0 0 32
B2 0 0 32
B3 0 0 32
B4 0 0 32
B5 0 0 32
B6 0 0 32
B7 0 0 32
B8 0 0 32
B9 0 0 32
BA 0 0 32
BB 0 0 32
BC 0 0 32
BD 0 0 32
BE 0 0 32
BF 0 0 32
C0 0 0 32
C1 0 0 32
C2 0 0 32
C3 0 0 32
C4 0 0 32
C5 0 0 32
C6 0 0 32
C7 0 0 32
C8 0 0 32
C9 0 0 32
CA 0 0 32
CB 0 0 32
CC 0 0 32
CD 0 0 32
CE 0 0 32
CF 0 0 32
D0 0 0 32
D1 0 0 32
D2 0 0 32
D3 0 0 32
D4 0 0 32
D5 0 0 32
D6 0 0 32
D7 0 0 32
D8 0 0 32
D9 0 0 32
DA 0 0 32
DB 0 0 32
DC 0 0 32
DD 0 0 32
DE 0 0 32
DF 0 0 32
E0 0 0 32
E1 0 0 32
E2 0 0 32
E3 0 0 32
E4 0 0 32
E5 0 0 32
E6 0 0 32
E7 0 0 32
E8 0 0 32
E9 0 0 32
EA 0 0 32
EB 0 0 32
EC 0 0 32
ED 0 0 32
EE 0 0 32
EF 0 0 32
F0 0 0 32
F1 0 0 32
F2 0 0 32
F3 0 0 32
F4 0 0 32
F5 0 0 32
F6 0 0 32
F7 0 0 32
F8 0 0 32
F9 0 0 32
FA 0 0 32
FB 0 0 32
FC 0 0 32
FD 0 0 32
FE 0 0 32
FF 0 0 32
00 0 0 32
01 0 0 32
02 0 0 32
03 0 0 32
04 0 0 32
05 0 0 32
06 0 0 32
07 0 0 32
08 0 0 32
09 0 0 32
0A 0 0 32
0B 0 0 32
0C 0 0 32
0D 0 0 32
0E 0 0 32
0F 0 0 32
10 0 0 32
11 0 0 32
12 0 0 32
13 0 0 32
14 0 0 32
15 0 0 32
16 0 0 32
17 0 0 32
18 0 0 32
19 0 0 32
1A 0 0 32
1B 0 0 32
1C 0 0 32
1D 0 0 32
1E 0 0 32
1F 0 0 32
20 0 0 32
21 0 0 32
22 0 0 32
23 0 0 32
24 0 0 32
25 0 0 32
26 0 0 32
27 0 0 32
28 0 0 32
29 0 0 32
2A 0 0 32
2B 0 0 32
2C 0 0 32
2D 0 0 32
2E 0 0 32
2F 0 0 32
30 0 0 32
31 0 0 32
32 0 0 32
33 0 0 32
34 0 0 32
35 0 0 32
36 0 0 32
37 0 0 32
38 0 0 32
39 0 0 32
3A 0 0 32
3B 0 0 32
3C 0 0 32
3D 0 0 32
3E 0 0 32
3F 0 0 32
40 0 0 32
41 0 0 32
42 0 0 32
43 0 0 32
44 0 0 32
45 0 0 32
46 0 0 32
47 0 0 32
48 0 0 32
49 0 0 32
4A 0 0 32
4B 0 0 32
4C 0 0 32
4D 0 0 32
4E 0 0 32
4F 0 0 32
50 0 0 32
51 0 0 32
52 0 0 32
53 0 0 32
54 0 0 32
55 0 0 32
56 0 0 32
57 0 0 32
58 0 0 32
59 0 0 32
5A 0 0 32
5B 0 0 32
5C 0 0 32
5D 0 0 32
5E 0 0 32
5F 0 0 32
60 0 0 32
61 0 0 32
62 0 0 32
63 0 0 32
64 0 0 32
65 0 0 32
66 0 0 32
67 0 0 32
68 0 0 32
69 0 0 32
6A 0 0 32
6B 0 0 32
6C 0 0 32
6D 0 0 32
6E 0 0 32
6F 0 0 32
70 0 0 32
71 0 0 32
72 0 0 32
73 0 0 32
74 0 0 32
75 0 0 32
76 0 0 32
77 0 0 32
78 0 0 32
79 0 0 32
7A 0 0 32
7B 0 0 32
7C 0 0 32
7D 0 0 32
7E 0 0 32
7F 0 0 32
80 0 0 32
81 0 0 32
82 0 0 32
83 0 0 32
84 0 0 32
85 0 0 32
86 0 0 32
87 0 0 32
88 0 0 32
89 0 0 32
8A 0 0 32
8B 0 0 32
8C 0 0 32
8D 0 0 32
8E 0 0 32
8F 0 0 32
90 0 0 32
91 0 0 32
92 0 0 32
93 0 0 32
94 0 0 32
95 0 0 32
96 0 0 32
97 0 0 32
98 0 0 32
99 0 0 32
9A 0 0 32
9B 0 0 32
9C 0 0 32
9D 0 0 32
9E 0 0 32
9F 0 0 32
A0 0 0 32
A1 0 0 32
A2 0 0 32
A3 0 0 32
A4 0 0 32
A5 0 0 32
A6 0 0 32
A7 0 0 32
A8 0 0 32
A9 0 0 32
AA 0 0 32
AB 0 0 32
AC 0 0 32
AD 0 0 32
AE 0 0 32
AF 0 0 32
B0 0 0 32
B1 0 0 32
B2 0 0 32
B3 0 0 32
B4 0 0 32
B5 0 0 32
B6 0 0 32
B7 0 0 32
B8 0 0 32
B9 0 0 32
BA 0 0 32
BB 0 0 32
BC 0 0 32
BD 0 0 32
BE 0 0 32
BF 0 0 32
C0 0 0 32
C1 0 0 32
C2 0 0 32
C3 0 0 32
C4 0 0 32
C5 0 0 32
C6 0 0 32
C7 0 0 32
C8 0 0 32
C9 0 0 32
CA 0 0 32
CB 0 0 32
CC 0 0 32
CD 0 0 32
CE 0 0 32
CF 0 0 32
D0 0 0 32
D1 0 0 32
D2 0 0 32
D3 0 0 32
D4 0 0 32
D5 0 0 32
D6 0 0 32
D7 0 0 32
D8 0 0 32
D9 0 0 32
DA 0 0 32
DB 0 0 32
DC 0 0 32
DD 0 0 32
DE 0 0 32
DF 0 0 32
E0 0 0 32
E1 0 0 32
E2 0 0 32
E3 0 0 32
E4 0 0 32
E5 0 0 32
E6 0 0 32
E7 0 0 32
E8 0 0 32
E9 0 0 32
EA 0 0 32
EB 0 0 32
EC 0 0 32
ED 0 0 32
EE 0 0 32
EF 0 0 32
F0 0 0 32
F1 0 0 32
F2 0 0 32
F3 0 0 32
F4 0 0 32
F5 0 0 32
F6 0 0 32
F7 0 0 32
F8 0 0 32
F9 0 0 32
FA 0 0 32
FB 0 0 32
FC 0 0 32
FD 0 0 32
FE 0 0 32
FF 0 0 32
00 0 0 32
01 0 0 32
02 0 0 32
03 0 0 32
04 0 0 32
05 0 0 32
06 0 0 32
07 0 0 32
08 0 0 32
09 0 0 32
0A 0 0 32
0B 0 0 32
0C 0 0 32
0D 0 0 32
0E 0 0 32
0F 0 0 32
10 0 0 32
11 0 0 32
12 0 0 32
13 0 0 32
14 0 0 32
15 0 0 32
16 0 0 32
17 0 0 32
18 0 0 32
19 0 0 32
1A 0 0 32
1B 0 0 32
1C 0 0 32
1D 0 0 32
1E 0 0 32
1F 0 0 32
20 0 0 32
21 0 0 32
22 0 0 32
23 0 0 32
24 0 0 32
25 0 0 32
26 0 0 32
27 0 0 32
28 0 0 32
29 0 0 32
2A 0 0 32
2B 0 0 32
2C 0 0 32
2D 0 0 32
2E 0 0 32
2F 0 0 32
30 0 0 32
31 0 0 32
32 0 0 32
33 0 0 32
34 0 0 32
35 0 0 32
36 0 0 32
37 0 0 32
38 0 0 32
39 0 0 32
3A 0 0 32
3B 0 0 32
3C 0 0 32
3D 0 0 32
3E 0 0 32
3F 0 0 32
40 0 0 32
41 0 0 32
42 0 0 32
43 0 0 32
44 0 0 32
45 0 0 32
46 0 0 32
47 0 0 32
48 0 0 32
49 0 0 32
4A 0 0 32
4B 0 0 32
4C 0 0 32
4D 0 0 32
4E 0 0 32
4F 0 0 32
50 0 0 32
51 0 0 32
52 0 0 32
53 0 0 32
54 0 0 32
55 0 0 32
56 0 0 32
57 0 0 32
58 0 0 32
59 0 0 32
5A 0 0 32
5B 0 0 32
5C 0 0 32
5D 0 0 32
5E 0 0 32
5F 0 0 32
60 0 0 32
61 0 0 32
62 0 0 32
63 0 0 32
64 0 0 32
65 0 0 32
66 0 0 32
67 0 0 32
68 0 0 32
69 0 0 32
6A 0 0 32
6B 0 0 32
6C 0 0 32
6D 0 0 32
6E 0 0 32
6F 0 0 32
70 0 0 32
71 0 0 32
72 0 0 32
73 0 0 32
74 0 0 32
75 0 0 32
76 0 0 32
77 0 0 32
78 0 0 32
79 0 0 32
7A 0 0 32
7B 0 0 32
7C 0 0 32
7D 0 0 32
7E 0 0 32
7F 0 0 32
80 0 0 32
81 0 0 32
82 0 0 32
83 0 0 32
84 0 0 32
85 0 0 32
86 0 0 32
87 0 0 32
88 0 0 32
89 0 0 32
8A 0 0 32
8B 0 0 32
8C 0 0 32
8D 0 0 32
8E 0 0 32
8F 0 0 32
90 0 0 32
91 0 0 32
92 0 0 32
93 0 0 32
94 0 0 32
95 0 0 32
96 0 0 32
97 0 0 32
98 0 0 32
99 0 0 32
9A 0 0 32
9B 0 0 32
9C 0 0 32
9D 0 0 32
9E 0 0 32
9F 0 0 32
A0 0 0 32
A1 0 0 32
A2 0 0 32
A3 0 0 32
A4 0 0 32
A5 0 0 32
A6 0 0 32
A7 0 0 32
A8 0 0 32
A9 0 0 32
AA 0 0 32
AB 0 0 32
AC 0 0 32
AD 0 0 32
AE 0 0 32
AF 0 0 32
B0 0 0 32
B1 0 0 32
B2 0 0 32
B3 0 0 32
B4 0 0 32
B5 0 0 32
B6 0 0 32
B7 0 0 32
B8 0 0 32
B9 0 0 32
BA 0 0 32
BB 0 0 32
BC 0 0 32
BD 0 0 32
BE 0 0 32
BF 0 0 32
C0 0 0 32
C1 0 0 32
C2 0 0 32
C3 0 0 32
C4 0 0 32
C5 0 0 32
C6 0 0 32
C7 0 0 32
C8 0 0 32
C9 0 0 32
CA 0 0 32
CB 0 0 32
CC 0 0 32
CD 0 0 32
CE 0 0 32
CF 0 0 32
D0 0 0 32
D1 0 0 32
D2 0 0 32
D3 0 0 32
D4 0 0 32
D5 0 0 32
D6 0 0 32
D7 0 0 32
D8 0 0 32
D9 0 0 32
DA 0 0 32
DB 0 0 32
DC 0 0 32
DD 0 0 32
DE 0 0 32
DF 0 0 32
E0 0 0 32
E1 0 0 32
E2 0 0 32
E3 0 0 32
E4 0 0 32
E5 0 0 32
E6 0 0 32
E7 0 0 32
E8 0 0 32
E9 0 0 32
EA 0 0 32
EB 0 0 32
EC 0 0 32
ED 0 0 32
EE 0 0 32
EF 0 0 32
F0 0 0 32
F1 0 0 32
F2 0 0 32
F3 0 0 32
F4 0 0 32
F5 0 0 32
F6 0 0 32
F7 0 0 32
F8 0 0 32
F9 0 0 32
FA 0 0 32
FB 0 0 32
FC 0 0 32
FD 0 0 32
FE 0 0 32
FF 0 0 32
00 0 0 32
01 0 0 32
02 0 0 32
03 0 0 32
04 0 0 32
05 0 0 32
06 0 0 32
07 0 0 32
08 0 0 32
09 0 0 32
0A 0 0 32
0B 0 0 32
0C 0 0 32
0D 0 0 32
0E 0 0 32
0F 0 0 32
10 0 0 32
11 0 0 32
12 0 0 32
13 0 0 32
14 0 0 32
15 0 0 32
16 0 0 32
17 0 0 32
18 0 0 32
19 0 0 32
1A 0 0 32
1B 0 0 32
1C 0 0 32
1D 0 0 32
1E 0 0 32
1F 0 0 32
20 0 0 32
21 0 0 32
22 0 0 32
23 0 0 32
24 0 0 32
25 0 0 32
26 0 0 32
27 0 0 32
28 0 0 32
29 0 0 32
2A 0 0 32
2B 0 0 32
2C 0 0 32
2D 0 0 32
2E 0 0 32
2F 0 0 32
30 0 0 32
31 0 0 32
32 0 0 32
33 0 0 32
34 0 0 32
35 0 0 32
36 0 0 32
37 0 0 32
38 0 0 32
39 0 0 32
3A 0 0 32
3B 0 0 32
3C 0 0 32
3D 0 0 32
3E 0 0 32
3F 0 0 32
40 0 0 32
41 0 0 32
42 0 0 32
43 0 0 32
44 0 0 32
45 0 0 32
46 0 0 32
47 0 0 32
48 0 0 32
49 0 0 32
4A 0 0 32
4B 0 0 32
4C 0 0 32
4D 0 0 32
4E 0 0 32
4F 0 0 32
50 0 0 32
51 0 0 32
52 0 0 32
53 0 0 32
54 0 0 32
55 0 0 32
56 0 0 32
57 0 0 32
58 0 0 32
59 0 0 32
5A 0 0 32
5B 0 0 32
5C 0 0 32
5D 0 0 32
5E 0 0 32
5F 0 0 32
60 0 0 32
61 0 0 32
62 0 0 32
63 0 0 32
64 0 0 32
65 0 0 32
66 0 0 32
67 0 0 32
68 0 0 32
69 0 0 32
6A 0 0 32
6B 0 0 32
6C 0 0 32
6D 0 0 32
6E 0 0 32
6F 0 0 32
70 0 0 32
71 0 0 32
72 0 0 32
73 0 0 32
74 0 0 32
75 0 0 32
76 0 0 32
77 0 0 32
78 0 0 32
79 0 0 32
7A 0 0 32
7B 0 0 32
7C 0 0 32
7D 0 0 32
7E 0 0 32
7F 0 0 32
80 0 0 32
81 0 0 32
82 0 0 32
83 0 0 32
84 0 0 32
85 0 0 32
86 0 0 32
87 0 0 32
88 0 0 32
89 0 0 32
8A 0 0 32
8B 0 0 32
8C 0 0 32
8D 0 0 32
8E 0 0 32
8F 0 0 32
90 0 0 32
91 0 0 32
92 0 0 32
93 0 0 32
94 0 0 32
95 0 0 32
96 0 0 32
97 0 0 32
98 0 0 32
99 0 0 32
9A 0 0 32
9B 0 0 32
9C 0 0 32
9D 0 0 32
9E 0 0 32
9F 0 0 32
A0 0 0 32
A1 0 0 32
A2 0 0 32
A3 0 0 32
A4 0 0 32
A5 0 0 32
A6 0 0 32
A7 0 0 32
A8 0 0 32
A9 0 0 32
AA 0 0 32
AB 0 0 32
AC 0 0 32
AD 0 0 32
AE 0 0 32
AF 0 0 32
B0 0 0 32
B1 0 0 32
B2 0 0 32
B3 0 0 32
B4 0 0 32
B5 0 0 32
B6 0 0 32
B7 0 0 32
B8 0 0 32
B9 0 0 32
BA 0 0 32
BB 0 0 32
BC 0 0 32
BD 0 0 32
BE 0 0 32
BF 0 0 32
C0 0 0 32
C1 0 0 32
C2 0 0 32
C3 0 0 32
C4 0 0 32
C5 0 0 32
C6 0 0 32
C7 0 0 32
C8 0 0 32
C9 0 0 32
CA 0 0 32
CB 0 0 32
CC 0 0 32
CD 0 0 32
CE 0 0 32
CF 0 0 32
D0 0 0 32
D1 0 0 32
D2 0 0 32
D3 0 0 32
D4 0 0 32
D5 0 0 32
D6 0 0 32
D7 0 0 32
D8 0 0 32
D9 0 0 32
DA 0 0 32
DB 0 0 32
DC 0 0 32
DD 0 0 32
DE 0 0 32
DF 0 0 32
E0 0 0 32
E1 0 0 32
E2 0 0 32
E3 0 0 32
E4 0 0 32
E5 0 0 32
E6 0 0 32
E7 0 0 32
E8 0 0 32
E9 0 0 32
EA 0 0 32
EB 0 0 32
EC 0 0 32
ED 0 0 32
EE 0 0 32
EF 0 0 32
F0 0 0 32
F1 0 0 32
F2 0 0 32
F3 0 0 32
F4 0 0 32
F5 0 0 32
F6 0 0 32
F7 0 0 32
F8 0 0 32
F9 0 0 32
FA 0 0 32
FB 0 0 32
FC 0 0 32
FD 0 0 32
FE 0 0 32
FF 0 0 32
00 0 0 32
01 0 0 32
02 0 0 32
03 0 0 32
04 0 0 32
05 0 0 32
06 0 0 32
07 0 0 32
08 0 0 32
09 0 0 32
0A 0 0 32
0B 0 0 32
0C 0 0 32
0D 0 0 32
0E 0 0 32
0F 0 0 32
10 0 0 32
11 0 0 32
12 0 0 32
13 0 0 32
14 0 0 32
15 0 0 32
16 0 0 32
17 0 0 32
18 0 0 32
19 0 0 32
1A 0 0 32
1B 0 0 32
1C 0 0 32
1D 0 0 32
1E 0 0 32
1F 0 0 32
20 0 0 32
21 0 0 32
22 0 0 32
23 0 0 32
24 0 0 32
25 0 0 32
26 0 0 32
27 0 0 32
28 0 0 32
29 0 0 32
2A 0 0 32
2B 0 0 32
2C 0 0 32
2D 0 0 32
2E 0 0 32
2F 0 0 32
30 0 0 32
31 0 0 32
32 0 0 32
33 0 0 32
34 0 0 32
35 0 0 32
36 0 0 32
37 0 0 32
38 0 0 32
39 0 0 32
3A 0 0 32
3B 0 0 32
3C 0 0 32
3D 0 0 32
3E 0 0 32
3F 0 0 32
40 0 0 32
41 0 0 32
42 0 0 32
43 0 0 32
44 0 0 32
45 0 0 32
46 0 0 32
47 0 0 32
48 0 0 32
49 0 0 32
4A 0 0 32
4B 0 0 32
4C 0 0 32
4D 0 0 32
4E 0 0 32
4F 0 0 32
50 0 0 32
51 0 0 32
52 0 0 32
53 0 0 32
54 0 0 32
55 0 0 32
56 0 0 32
57 0 0 32
58 0 0 32
59 0 0 32
5A 0 0 32
5B 0 0 32
5C 0 0 32
5D 0 0 32
5E 0 0 32
5F 0 0 32
60 0 0 32
61 0 0 32
62 0 0 32
63 0 0 32
64 0 0 32
65 0 0 32
66 0 0 32
67 0 0 32
68 0 0 32
69 0 0 32
6A 0 0 32
6B 0 0 32
6C 0 0 32
6D 0 0 32
6E 0 0 32
6F 0 0 32
70 0 0 32
71 0 0 32
72 0 0 32
73 0 0 32
74 0 0 32
75 0 0 32
76 0 0 32
77 0 0 32
78 0 0 32
79 0 0 32
7A 0 0 32
7B 0 0 32
7C 0 0 32
7D 0 0 32
7E 0 0 32
7F 0 0 32
80 0 0 32
81 0 0 32
82 0 0 32
83 0 0 32
84 0 0 32
85 0 0 32
86 0 0 32
87 0 0 32
88 0 0 32
89 0 0 32
8A 0 0 32
8B 0 0 32
8C 0 0 32
8D 0 0 32
8E 0 0 32
8F 0 0 32
90 0 0 32
91 0 0 32
92 0 0 32
93 0 0 32
94 0 0 32
95 0 0 32
96 0 0 32
97 0 0 32
98 0 0 32
99 0 0 32
9A 0 0 32
9B 0 0 32
9C 0 0 32
9D 0 0 32
9E 0 0 32
9F 0 0 32
A0 0 0 32
A1 0 0 32
A2 0 0 32
A3 0 0 32
A4 0 0 32
A5 0 0 32
A6 0 0 32
A7 0 0 32
A8 0 0 32
A9 0 0 32
AA 0 0 32
AB 0 0 32
AC 0 0 32
AD 0 0 32
AE 0 0 32
AF 0 0 32
B0 0 0 32
B1 0 0 32
B2 0 0 32
B3 0 0 32
B4 0 0 32
B5 0 0 32
B6 0 0 32
B7 0 0 32
B8 0 0 32
B9 0 0 32
BA 0 0 32
BB 0 0 32
BC 0 0 32
BD 0 0 32
BE 0 0 32
BF 0 0 32
C0 0 0 32
C1 0 0 32
C2 0 0 32
C3 0 0 32
C4 0 0 32
C5 0 0 32
C6 0 0 32
C7 0 0 32
C8 0 0 32
C9 0 0 32
CA 0 0 32
CB 0 0 32
CC 0 0 32
CD 0 0 32
CE 0 0 32
CF 0 0 32
D0 0 0 32
D1 0 0 32
D2 0 0 32
D3 0 0 32
D4 0 0 32
D5 0 0 32
D6 0 0 32
D7 0 0 32
D8 0 0 32
D9 0 0 32
DA 0 0 32
DB 0 0 32
DC 0 0 32
DD 0 0 32
DE 0 0 32
DF 0 0 32
E0 0 0 32
E1 0 0 32
E2 0 0 32
E3 0 0 32
E4 0 0 32
E5 0 0 32
E6 0 0 32
E7 0 0 32
E8 0 0 32
E9 0 0 32
EA 0 0 32
EB 0 0 32
EC 0 0 32
ED 0 0 32
EE 0 0 32
EF 0 0 32
F0 0 0 32
F1 0 0 32
F2 0 0 32
F3 0 0 32
F4 0 0 32
F5 0 0 32
F6 0 0 32
F7 0 0 32
F8 0 0 32
F9 0 0 32
FA 0 0 32
FB 0 0 32
FC 0 0 32
FD 0 0 32
FE 0 0 32
FF 0 0 32
00 0 0 32
01 0 0 32
02 0 0 32
03 0 0 32
04 0 0 32
05 0 0 32
06 0 0 32
07 0 0 32
08 0 0 32
09 0 0 32
0A 0 0 32
0B 0 0 32
0C 0 0 32
0D 0 0 32
0E 0 0 32
0F 0 0 32
10 0 0 32
11 0 0 32
12 0 0 32
13 0 0 32
14 0 0 32
15 0 0 32
16 0 0 32
17 0 0 32
18 0 0 32
19 0 0 32
1A 0 0 32
1B 0 0 32
1C 0 0 32
1D 0 0 32
1E 0 0 32
1F 0 0 32
20 0 0 32
21 0 0 32
22 0 0 32
23 0 0 32
24 0 0 32
25 0 0 32
26 0 0 32
27 0 0 32
28 0 0 32
29 0 0 32
2A 0 0 32
2B 0 0 32
2C 0 0 32
2D 0 0 32
2E 0 0 32
2F 0 0 32
30 0 0 32
31 0 0 32
32 0 0 32
33 0 0 32
34 0 0 32
35 0 0 32
36 0 0 32
37 0 0 32
38 0 0 32
39 0 0 32
3A 0 0 32
3B 0 0 32
3C 0 0 32
3D 0 0 32
3E 0 0 32
3F 0 0 32
40 0 0 32
41 0 0 32
42 0 0 32
43 0 0 32
44 0 0 32
45 0 0 32
46 0 0 32
47 0 0 32
48 0 0 32
49 0 0 32
4A 0 0 32
4B 0 0 32
4C 0 0 32
4D 0 0 32
4E 0 0 32
4F 0 0 32
50 0 0 32
51 0 0 32
52 0 0 32
53 0 0 32
54 0 0 32
55 0 0 32
56 0 0 32
57 0 0 32
58 0 0 32
59 0 0 32
5A 0 0 32
5B 0 0 32
5C 0 0 32
5D 0 0 32
5E 0 0 32
5F 0 0 32
60 0 0 32
61 0 0 32
62 0 0 32
63 0 0 32
64 0 0 32
65 0 0 32
66 0 0 32
67 0 0 32
68 0 0 32
69 0 0 32
6A 0 0 32
6B 0 0 32
6C 0 0 32
6D 0 0 32
6E 0 0 32
6F 0 0 32
70 0 0 32
71 0 0 32
72 0 0 32
73 0 0 32
74 0 0 32
75 0 0 32
76 0 0 32
77 0 0 32
78 0 0 32
79 0 0 32
7A 0 0 32
7B 0 0 32
7C 0 0 32
7D 0 0 32
7E 0 0 32
7F 0 0 32
80 0 0 32
81 0 0 32
82 0 0 32
83 0 0 32
84 0 0 32
85 0 0 32
86 0 0 32
87 0 0 32
88 0 0 32
89 0 0 32
8A 0 0 32
8B 0 0 32
8C 0 0 32
8D 0 0 32
8E 0 0 32
8F 0 0 32
90 0 0 32
91 0 0 32
92 1 0 32
00 0 0 33
0A 0 0 33
35 0 0 33
01 0 0 33
02 0 0 33
03 0 0 33
DE 0 0 33
AD 0 0 33
BE 0 0 33
EF 0 0 33
00 0 0 33
01 0 0 33
08 0 0 33
00 0 0 33
21 0 0 33
22 0 0 33
23 0 0 33
24 0 0 33
25 0 0 33
26 0 0 33
27 0 0 33
28 0 0 33
29 0 0 33
2A 0 0 33
2B 0 0 33
2C 0 0 33
2D 0 0 33
2E 0 0 33
2F 0 0 33
30 0 0 33
31 0 0 33
32 0 0 33
33 0 0 33
34 0 0 33
35 0 0 33
36 0 0 33
37 0 0 33
38 0 0 33
39 0 0 33
3A 0 0 33
3B 0 0 33
3C 0 0 33
3D 0 0 33
3E 0 0 33
3F 0 0 33
40 0 0 33
41 0 0 33
42 0 0 33
43 0 0 33
44 0 0 33
45 0 0 33
46 0 0 33
47 0 0 33
48 0 0 33
49 0 0 33
4A 0 0 33
4B 0 0 33
4C 0 0 33
4D 0 0 33
4E 0 0 33
4F 0 0 33
50 0 0 33
51 0 0 33
52 0 0 33
53 0 0 33
54 0 0 33
55 0 0 33
56 0 0 33
57 0 0 33
58 0 0 33
59 0 0 33
5A 0 0 33
5B 0 0 33
5C 0 0 33
5D 0 0 33
5E 0 0 33
5F 0 0 33
60 0 0 33
61 0 0 33
62 0 0 33
63 0 0 33
64 0 0 33
65 0 0 33
66 0 0 33
67 0 0 33
68 0 0 33
69 0 0 33
6A 0 0 33
6B 0 0 33
6C 0 0 33
6D 0 0 33
6E 0 0 33
6F 0 0 33
70 0 0 33
71 0 0 33
72 0 0 33
73 0 0 33
74 0 0 33
75 0 0 33
76 0 0 33
77 0 0 33
78 0 0 33
79 0 0 33
7A 0 0 33
7B 0 0 33
7C 0 0 33
7D 0 0 33
7E 0 0 33
7F 0 0 33
80 0 0 33
81 0 0 33
82 0 0 33
83 0 0 33
84 0 0 33
85 0 0 33
86 0 0 33
87 0 0 33
88 0 0 33
89 0 0 33
8A 0 0 33
8B 0 0 33
8C 0 0 33
8D 0 0 33
8E 0 0 33
8F 0 0 33
90 0 0 33
91 0 0 33
92 0 0 33
93 0 0 33
94 0 0 33
95 0 0 33
96 0 0 33
97 0 0 33
98 0 0 33
99 0 0 33
9A 0 0 33
9B 0 0 33
9C 0 0 33
9D 0 0 33
9E 0 0 33
9F 0 0 33
A0 0 0 33
A1 0 0 33
A2 0 0 33
A3 0 0 33
A4 0 0 33
A5 0 0 33
A6 0 0 33
A7 0 0 33
A8 0 0 33
A9 0 0 33
AA 0 0 33
AB 0 0 33
AC 0 0 33
AD 0 0 33
AE 0 0 33
AF 0 0 33
B0 0 0 33
B1 0 0 33
B2 0 0 33
B3 0 0 33
B4 0 0 33
B5 0 0 33
B6 0 0 33
B7 0 0 33
B8 0 0 33
B9 0 0 33
BA 0 0 33
BB 0 0 33
BC 0 0 33
BD 0 0 33
BE 0 0 33
BF 0 0 33
C0 0 0 33
C1 0 0 33
C2 0 0 33
C3 0 0 33
C4 0 0 33
C5 0 0 33
C6 0 0 33
C7 0 0 33
C8 0 0 33
C9 0 0 33
CA 0 0 33
CB 0 0 33
CC 0 0 33
CD 0 0 33
CE 0 0 33
CF 0 0 33
D0 0 0 33
D1 0 0 33
D2 0 0 33
D3 0 0 33
D4 0 0 33
D5 0 0 33
D6 0 0 33
D7 0 0 33
D8 0 0 33
D9 0 0 33
DA 0 0 33
DB 0 0 33
DC 0 0 33
DD 0 0 33
DE 0 0 33
DF 0 0 33
E0 0 0 33
E1 0 0 33
E2 0 0 33
E3 0 0 33
E4 0 0 33
E5 0 0 33
E6 0 0 33
E7 0 0 33
E8 0 0 33
E9 0 0 33
EA 0 0 33
EB 0 0 33
EC 0 0 33
ED 0 0 33
EE 0 0 33
EF 0 0 33
F0 0 0 33
F1 0 0 33
F2 0 0 33
F3 0 0 33
F4 0 0 33
F5 0 0 33
F6 0 0 33
F7 0 0 33
F8 0 0 33
F9 0 0 33
FA 0 0 33
00 0 0 33
01 0 0 33
02 0 0 33
03 0 0 33
04 0 0 33
05 0 0 33
06 0 0 33
07 0 0 33
08 0 0 33
09 0 0 33
0A 0 0 33
0B 0 0 33
0C 0 0 33
0D 0 0 33
0E 0 0 33
0F 0 0 33
10 0 0 33
11 0 0 33
12 0 0 33
13 0 0 33
14 0 0 33
15 0 0 33
16 0 0 33
17 0 0 33
18 0 0 33
19 0 0 33
1A 0 0 33
1B 0 0 33
1C 0 0 33
1D 0 0 33
1E 0 0 33
1F 0 0 33
20 0 0 33
21 0 0 33
22 0 0 33
23 0 0 33
24 0 0 33
25 0 0 33
26 0 0 33
27 0 0 33
28 0 0 33
29 0 0 33
2A 0 0 33
2B 0 0 33
2C 0 0 33
2D 0 0 33
2E 0 0 33
2F 0 0 33
30 0 0 33
31 0 0 33
32 0 0 33
33 0 0 33
34 0 0 33
35 0 0 33
36 0 0 33
37 0 0 33
38 0 0 33
39 0 0 33
3A 0 0 33
3B 0 0 33
3C 0 0 33
3D 0 0 33
3E 0 0 33
3F 0 0 33
40 0 0 33
41 0 0 33
42 0 0 33
43 0 0 33
44 0 0 33
45 0 0 33
46 0 0 33
47 0 0 33
48 0 0 33
49 0 0 33
4A 0 0 33
4B 0 0 33
4C 0 0 33
4D 0 0 33
4E 0 0 33
4F 0 0 33
50 0 0 33
51 0 0 33
52 0 0 33
53 0 0 33
54 0 0 33
55 0 0 33
56 0 0 33
57 0 0 33
58 0 0 33
59 0 0 33
5A 0 0 33
5B 0 0 33
5C 0 0 33
5D 0 0 33
5E 0 0 33
5F 0 0 33
60 0 0 33
61 0 0 33
62 0 0 33
63 0 0 33
64 0 0 33
65 0 0 33
66 0 0 33
67 0 0 33
68 0 0 33
69 0 0 33
6A 0 0 33
6B 0 0 33
6C 0 0 33
6D 0 0 33
6E 0 0 33
6F 0 0 33
70 0 0 33
71 0 0 33
72 0 0 33
73 0 0 33
74 0 0 33
75 0 0 33
76 0 0 33
77 0 0 33
78 0 0 33
79 0 0 33
7A 0 0 33
7B 0 0 33
7C 0 0 33
7D 0 0 33
7E 0 0 33
7F 0 0 33
80 0 0 33
81 0 0 33
82 0 0 33
83 0 0 33
84 0 0 33
85 0 0 33
86 0 0 33
87 0 0 33
88 0 0 33
89 0 0 33
8A 0 0 33
8B 0 0 33
8C 0 0 33
8D 0 0 33
8E 0 0 33
8F 0 0 33
90 0 0 33
91 0 0 33
92 0 0 33
93 0 0 33
94 0 0 33
95 0 0 33
96 0 0 33
97 0 0 33
98 0 0 33
99 0 0 33
9A 0 0 33
9B 0 0 33
9C 0 0 33
9D 0 0 33
9E 0 0 33
9F 0 0 33
A0 0 0 33
A1 0 0 33
A2 0 0 33
A3 0 0 33
A4 0 0 33
A5 0 0 33
A6 0 0 33
A7 0 0 33
A8 0 0 33
A9 0 0 33
AA 0 0 33
AB 0 0 33
AC 0 0 33
AD 0 0 33
AE 0 0 33
AF 0 0 33
B0 0 0 33
B1 0 0 33
B2 0 0 33
B3 0 0 33
B4 0 0 33
B5 0 0 33
B6 0 0 33
B7 0 0 33
B8 0 0 33
B9 0 0 33
BA 0 0 33
BB 0 0 33
BC 0 0 33
BD 0 0 33
BE 0 0 33
BF 0 0 33
C0 0 0 33
C1 0 0 33
C2 0 0 33
C3 0 0 33
C4 0 0 33
C5 0 0 33
C6 0 0 33
C7 0 0 33
C8 0 0 33
C9 0 0 33
CA 0 0 33
CB 0 0 33
CC 0 0 33
CD 0 0 33
CE 0 0 33
CF 0 0 33
D0 0 0 33
D1 0 0 33
D2 0 0 33
D3 0 0 33
D4 0 0 33
D5 0 0 33
D6 0 0 33
D7 0 0 33
D8 0 0 33
D9 0 0 33
DA 0 0 33
DB 0 0 33
DC 0 0 33
DD 0 0 33
DE 0 0 33
DF 0 0 33
E0 0 0 33
E1 0 0 33
E2 0 0 33
E3 0 0 33
E4 0 0 33
E5 0 0 33
E6 0 0 33
E7 0 0 33
E8 0 0 33
E9 0 0 33
EA 0 0 33
EB 0 0 33
EC 0 0 33
ED 0 0 33
EE 0 0 33
EF 0 0 33
F0 0 0 33
F1 0 0 33
F2 0 0 33
F3 0 0 33
F4 0 0 33
F5 0 0 33
F6 0 0 33
F7 0 0 33
F8 0 0 33
F9 0 0 33
FA 0 0 33
00 0 0 33
01 0 0 33
02 0 0 33
03 0 0 33
04 0 0 33
05 0 0 33
06 0 0 33
07 0 0 33
08 0 0 33
09 0 0 33
0A 0 0 33
0B 0 0 33
0C 0 0 33
0D 0 0 33
0E 0 0 33
0F 0 0 33
10 0 0 33
11 0 0 33
12 0 0 33
13 0 0 33
14 0 0 33
15 0 0 33
16 0 0 33
17 0 0 33
18 0 0 33
19 0 0 33
1A 0 0 33
1B 0 0 33
1C 0 0 33
1D 0 0 33
1E 0 0 33
1F 0 0 33
20 0 0 33
21 0 0 33
22 0 0 33
23 0 0 33
24 0 0 33
25 0 0 33
26 0 0 33
27 0 0 33
28 0 0 33
29 0 0 33
2A 1 1 33
00 0 0 34
0A 0 0 34
35 0 0 34
01 0 0 34
02 0 0 34
03 0 0 34
DE 0 0 34
AD 0 0 34
BE 0 0 34
EF 0 0 34
00 0 0 34
01 0 0 34
08 0 0 34
00 0 0 34
22 0 0 34
23 0 0 34
24 0 0 34
25 0 0 34
26 0 0 34
27 0 0 34
28 0 0 34
29 0 0 34
2A 0 0 34
2B 0 0 34
2C 0 0 34
2D 0 0 34
2E 0 0 34
2F 0 0 34
30 0 0 34
31 0 0 34
32 0 0 34
33 0 0 34
34 0 0 34
35 0 0 34
36 0 0 34
37 0 0 34
38 0 0 34
39 0 0 34
3A 0 0 34
3B 0 0 34
3C 0 0 34
3D 0 0 34
3E 0 0 34
3F 0 0 34
40 0 0 34
41 0 0 34
42 0 0 34
43 0 0 34
44 0 0 34
45 0 0 34
46 0 0 34
47 0 0 34
48 0 0 34
49 0 0 34
4A 0 0 34
4B 0 0 34
4C 0 0 34
4D 0 0 34
4E 0 0 34
4F 0 0 34
50 0 0 34
51 0 0 34
52 0 0 34
53 0 0 34
54 0 0 34
55 0 0 34
56 0 0 34
57 0 0 34
58 0 0 34
59 0 0 34
5A 0 0 34
5B 0 0 34
5C 0 0 34
5D 0 0 34
5E 0 0 34
5F 0 0 34
60 0 0 34
61 0 0 34
62 0 0 34
63 0 0 34
64 0 0 34
65 0 0 34
66 0 0 34
67 0 0 34
68 0 0 34
69 0 0 34
6A 0 0 34
6B 0 0 34
6C 0 0 34
6D 0 0 34
6E 0 0 34
6F 0 0 34
70 0 0 34
71 0 0 34
72 0 0 34
73 0 0 34
74 0 0 34
75 0 0 34
76 0 0 34
77 0 0 34
78 0 0 34
79 0 0 34
7A 0 0 34
7B 0 0 34
7C 0 0 34
7D 0 0 34
7E 0 0 34
7F 0 0 34
80 0 0 34
81 0 0 34
82 0 0 34
83 0 0 34
84 0 0 34
85 0 0 34
86 0 0 34
87 0 0 34
88 0 0 34
89 0 0 34
8A 0 0 34
8B 0 0 34
8C 0 0 34
8D 0 0 34
8E 0 0 34
8F 0 0 34
90 0 0 34
91 0 0 34
92 0 0 34
93 0 0 34
94 0 0 34
95 0 0 34
96 0 0 34
97 0 0 34
98 0 0 34
99 0 0 34
9A 0 0 34
9B 0 0 34
9C 0 0 34
9D 0 0 34
9E 0 0 34
9F 0 0 34
A0 0 0 34
A9 0 0 34
A2 0 0 34
A3 0 0 34
A4 0 0 34
A5 0 0 34
A6 0 0 34
A7 0 0 34
A8 0 0 34
A9 0 0 34
AA 0 0 34
AB 0 0 34
AC 0 0 34
AD 0 0 34
AE 0 0 34
AF 0 0 34
B0 0 0 34
B1 0 0 34
B2 0 0 34
B3 0 0 34
B4 0 0 34
B5 0 0 34
B6 0 0 34
B7 0 0 34
B8 0 0 34
B9 0 0 34
BA 0 0 34
BB 0 0 34
BC 0 0 34
BD 0 0 34
BE 0 0 34
BF 0 0 34
C0 0 0 34
C1 0 0 34
C2 0 0 34
C3 0 0 34
C4 0 0 34
C5 0 0 34
C6 0 0 34
C7 0 0 34
C8 0 0 34
C9 0 0 34
CA 0 0 34
CB 0 0 34
CC 0 0 34
CD 0 0 34
CE 0 0 34
CF 0 0 34
D0 0 0 34
D1 0 0 34
D2 0 0 34
D3 0 0 34
D4 0 0 34
D5 0 0 34
D6 0 0 34
D7 0 0 34
D8 0 0 34
D9 0 0 34
DA 0 0 34
DB 0 0 34
DC 0 0 34
DD 0 0 34
DE 0 0 34
DF 0 0 34
E0 0 0 34
E1 0 0 34
E2 0 0 34
E3 0 0 34
E4 0 0 34
E5 0 0 34
E6 0 0 34
E7 0 0 34
E8 0 0 34
E9 0 0 34
EA 0 0 34
EB 0 0 34
EC 0 0 34
ED 0 0 34
EE 0 0 34
EF 0 0 34
F0 0 0 34
F1 0 0 34
F2 0 0 34
F3 0 0 34
F4 0 0 34
F5 0 0 34
F6 0 0 34
F7 0 0 34
F8 0 0 34
F9 0 0 34
FA 0 0 34
00 0 0 34
01 0 0 34
02 0 0 34
03 0 0 34
04 0 0 34
05 0 0 34
06 0 0 34
07 0 0 34
08 0 0 34
09 0 0 34
0A 0 0 34
0B 0 0 34
0C 0 0 34
0D 0 0 34
0E 0 0 34
0F 0 0 34
10 0 0 34
11 0 0 34
12 0 0 34
13 0 0 34
14 0 0 34
15 0 0 34
16 0 0 34
17 0 0 34
18 0 0 34
19 0 0 34
1A 0 0 34
1B 0 0 34
1C 0 0 34
1D 0 0 34
1E 0 0 34
1F 0 0 34
20 0 0 34
21 0 0 34
22 0 0 34
23 0 0 34
24 0 0 34
25 0 0 34
26 0 0 34
27 0 0 34
28 0 0 34
29 0 0 34
2A 0 0 34
2B 0 0 34
2C 0 0 34
2D 0 0 34
2E 0 0 34
2F 0 0 34
30 0 0 34
31 0 0 34
32 0 0 34
33 0 0 34
34 0 0 34
35 0 0 34
36 0 0 34
37 0 0 34
38 0 0 34
39 0 0 34
3A 0 0 34
3B 0 0 34
3C 0 0 34
3D 0 0 34
3E 0 0 34
3F 0 0 34
40 0 0 34
41 0 0 34
42 0 0 34
43 0 0 34
44 0 0 34
45 0 0 34
46 0 0 34
47 0 0 34
48 0 0 34
49 0 0 34
4A 0 0 34
4B 0 0 34
4C 0 0 34
4D 0 0 34
4E 0 0 34
4F 0 0 34
50 0 0 34
51 0 0 34
52 0 0 34
53 0 0 34
54 0 0 34
55 0 0 34
56 0 0 34
57 0 0 34
58 0 0 34
59 0 0 34
5A 0 0 34
5B 0 0 34
5C 0 0 34
5D 0 0 34
5E 0 0 34
5F 0 0 34
60 0 0 34
61 0 0 34
62 0 0 34
63 0 0 34
64 0 0 34
65 0 0 34
66 0 0 34
67 0 0 34
68 0 0 34
69 0 0 34
6A 0 0 34
6B 0 0 34
6C 0 0 34
6D 0 0 34
6E 0 0 34
6F 0 0 34
70 0 0 34
71 0 0 34
72 0 0 34
73 0 0 34
74 0 0 34
75 0 0 34
76 0 0 34
77 0 0 34
78 0 0 34
79 0 0 34
7A 0 0 34
7B 0 0 34
7C 0 0 34
7D 0 0 34
7E 0 0 34
7F 0 0 34
80 0 0 34
81 0 0 34
82 0 0 34
83 0 0 34
84 0 0 34
85 0 0 34
86 0 0 34
87 0 0 34
88 0 0 34
89 0 0 34
8A 0 0 34
8B 0 0 34
8C 0 0 34
8D 0 0 34
8E 0 0 34
8F 0 0 34
90 0 0 34
91 0 0 34
92 0 0 34
93 0 0 34
94 0 0 34
95 0 0 34
96 0 0 34
97 0 0 34
98 0 0 34
99 0 0 34
9A 0 0 34
9B 0 0 34
9C 0 0 34
9D 0 0 34
9E 0 0 34
9F 0 0 34
A0 0 0 34
A1 0 0 34
A2 0 0 34
A3 0 0 34
A4 0 0 34
A5 0 0 34
A6 0 0 34
A7 0 0 34
A8 0 0 34
A9 0 0 34
AA 0 0 34
AB 0 0 34
AC 0 0 34
AD 0 0 34
AE 0 0 34
AF 0 0 34
B0 0 0 34
B1 0 0 34
B2 0 0 34
B3 0 0 34
B4 0 0 34
B5 0 0 34
B6 0 0 34
B7 0 0 34
B8 0 0 34
B9 0 0 34
BA 0 0 34
BB 0 0 34
BC 0 0 34
BD 0 0 34
BE 0 0 34
BF 0 0 34
C0 0 0 34
C1 0 0 34
C2 0 0 34
C3 0 0 34
C4 0 0 34
C5 0 0 34
C6 0 0 34
C7 0 0 34
C8 0 0 34
C9 0 0 34
CA 0 0 34
CB 0 0 34
CC 0 0 34
CD 0 0 34
CE 0 0 34
CF 0 0 34
D0 0 0 34
D1 0 0 34
D2 0 0 34
D3 0 0 34
D4 0 0 34
D5 0 0 34
D6 0 0 34
D7 0 0 34
D8 0 0 34
D9 0 0 34
DA 0 0 34
DB 0 0 34
DC 0 0 34
DD 0 0 34
DE 0 0 34
DF 0 0 34
E0 0 0 34
E1 0 0 34
E2 0 0 34
E3 0 0 34
E4 0 0 34
E5 0 0 34
E6 0 0 34
E7 0 0 34
E8 0 0 34
E9 0 0 34
EA 0 0 34
EB 0 0 34
EC 0 0 34
ED 0 0 34
EE 0 0 34
EF 0 0 34
F0 0 0 34
F1 0 0 34
F2 0 0 34
F3 0 0 34
F4 0 0 34
F5 0 0 34
F6 0 0 34
F7 0 0 34
F8 0 0 34
F9 0 0 34
FA 0 0 34
00 0 0 34
01 0 0 34
02 0 0 34
03 0 0 34
04 0 0 34
05 0 0 34
06 0 0 34
07 0 0 34
08 0 0 34
09 0 0 34
0A 0 0 34
0B 0 0 34
0C 0 0 34
0D 0 0 34
0E 0 0 34
0F 0 0 34
10 0 0 34
11 0 0 34
12 0 0 34
13 0 0 34
14 0 0 34
15 0 0 34
16 0 0 34
17 0 0 34
18 0 0 34
19 0 0 34
1A 0 0 34
1B 0 0 34
1C 0 0 34
1D 0 0 34
1E 0 0 34
1F 0 0 34
20 0 0 34
21 0 0 34
22 0 0 34
23 0 0 34
24 0 0 34
25 0 0 34
26 0 0 34
27 0 0 34
28 0 0 34
29 0 0 34
2A 0 0 34
2B 0 0 34
2C 0 0 34
2D 0 0 34
2E 0 0 34
2F 0 0 34
30 0 0 34
31 0 0 34
32 0 0 34
33 0 0 34
34 0 0 34
35 0 0 34
36 0 0 34
37 0 0 34
38 0 0 34
39 0 0 34
3A 0 0 34
3B 0 0 34
3C 0 0 34
3D 0 0 34
3E 0 0 34
3F 0 0 34
40 0 0 34
41 0 0 34
42 0 0 34
43 0 0 34
44 0 0 34
45 0 0 34
46 0 0 34
47 0 0 34
48 0 0 34
49 0 0 34
4A 0 0 34
4B 0 0 34
4C 0 0 34
4D 0 0 34
4E 0 0 34
4F 0 0 34
50 0 0 34
51 0 0 34
52 0 0 34
53 0 0 34
54 0 0 34
55 0 0 34
56 0 0 34
57 0 0 34
58 0 0 34
59 0 0 34
5A 0 0 34
5B 0 0 34
5C 0 0 34
5D 0 0 34
5E 0 0 34
5F 0 0 34
60 0 0 34
61 0 0 34
62 0 0 34
63 0 0 34
64 0 0 34
65 0 0 34
66 0 0 34
67 0 0 34
68 0 0 34
69 0 0 34
6A 0 0 34
6B 0 0 34
6C 0 0 34
6D 0 0 34
6E 0 0 34
6F 0 0 34
70 0 0 34
71 0 0 34
72 0 0 34
73 0 0 34
74 0 0 34
75 0 0 34
76 0 0 34
77 0 0 34
78 0 0 34
79 0 0 34
7A 0 0 34
7B 0 0 34
7C 0 0 34
7D 0 0 34
7E 0 0 34
7F 0 0 34
80 0 0 34
81 0 0 34
82 0 0 34
83 0 0 34
84 0 0 34
85 0 0 34
86 0 0 34
87 0 0 34
88 0 0 34
89 0 0 34
8A 0 0 34
8B 0 0 34
8C 0 0 34
8D 0 0 34
8E 0 0 34
8F 0 0 34
90 0 0 34
91 0 0 34
92 0 0 34
93 0 0 34
94 0 0 34
95 0 0 34
96 0 0 34
97 0 0 34
98 0 0 34
99 0 0 34
9A 0 0 34
9B 0 0 34
9C 0 0 34
9D 0 0 34
9E 0 0 34
9F 0 0 34
A0 0 0 34
A1 0 0 34
A2 0 0 34
A3 0 0 34
A4 0 0 34
A5 0 0 34
A6 0 0 34
A7 0 0 34
A8 0 0 34
A9 0 0 34
AA 0 0 34
AB 0 0 34
AC 0 0 34
AD 0 0 34
AE 0 0 34
AF 0 0 34
B0 0 0 34
B1 0 0 34
B2 0 0 34
B3 0 0 34
B4 0 0 34
B5 0 0 34
B6 0 0 34
B7 0 0 34
B8 0 0 34
B9 0 0 34
BA 0 0 34
BB 0 0 34
BC 0 0 34
BD 0 0 34
BE 0 0 34
BF 0 0 34
C0 0 0 34
C1 0 0 34
C2 0 0 34
C3 0 0 34
C4 0 0 34
C5 0 0 34
C6 0 0 34
C7 0 0 34
C8 0 0 34
C9 0 0 34
CA 0 0 34
CB 0 0 34
CC 0 0 34
CD 0 0 34
CE 0 0 34
CF 0 0 34
D0 0 0 34
D1 0 0 34
D2 0 0 34
D3 0 0 34
D4 0 0 34
D5 0 0 34
D6 0 0 34
D7 0 0 34
D8 0 0 34
D9 0 0 34
DA 0 0 34
DB 0 0 34
DC 0 0 34
DD 0 0 34
DE 0 0 34
DF 0 0 34
E0 0 0 34
E1 0 0 34
E2 0 0 34
E3 0 0 34
E4 0 0 34
E5 0 0 34
E6 0 0 34
E7 0 0 34
E8 0 0 34
E9 0 0 34
EA 0 0 34
EB 0 0 34
EC 0 0 34
ED 0 0 34
EE 0 0 34
EF 0 0 34
F0 0 0 34
F1 0 0 34
F2 0 0 34
F3 0 0 34
F4 0 0 34
F5 0 0 34
F6 0 0 34
F7 0 0 34
F8 0 0 34
F9 0 0 34
FA 0 0 34
00 0 0 34
01 0 0 34
02 0 0 34
03 0 0 34
04 0 0 34
05 0 0 34
06 0 0 34
07 0 0 34
08 0 0 34
09 0 0 34
0A 0 0 34
0B 0 0 34
0C 0 0 34
0D 0 0 34
0E 0 0 34
0F 0 0 34
10 0 0 34
11 0 0 34
12 0 0 34
13 0 0 34
14 0 0 34
15 0 0 34
16 0 0 34
17 0 0 34
18 0 0 34
19 0 0 34
1A 0 0 34
1B 0 0 34
1C 0 0 34
1D 0 0 34
1E 0 0 34
1F 0 0 34
20 0 0 34
21 0 0 34
22 0 0 34
23 0 0 34
24 0 0 34
25 0 0 34
26 0 0 34
27 0 0 34
28 0 0 34
29 0 0 34
2A 0 0 34
2B 0 0 34
2C 0 0 34
2D 0 0 34
2E 0 0 34
2F 0 0 34
30 0 0 34
31 0 0 34
32 0 0 34
33 0 0 34
34 0 0 34
35 0 0 34
36 0 0 34
37 0 0 34
38 0 0 34
39 0 0 34
3A 0 0 34
3B 0 0 34
3C 0 0 34
3D 0 0 34
3E 0 0 34
3F 0 0 34
40 0 0 34
41 0 0 34
42 0 0 34
43 0 0 34
44 0 0 34
45 0 0 34
46 0 0 34
47 0 0 34
48 0 0 34
49 0 0 34
4A 0 0 34
4B 0 0 34
4C 0 0 34
4D 0 0 34
4E 0 0 34
4F 0 0 34
50 0 0 34
51 0 0 34
52 0 0 34
53 0 0 34
54 0 0 34
55 0 0 34
56 0 0 34
57 0 0 34
58 0 0 34
59 0 0 34
5A 0 0 34
5B 0 0 34
5C 0 0 34
5D 0 0 34
5E 0 0 34
5F 0 0 34
60 0 0 34
61 0 0 34
62 0 0 34
63 0 0 34
64 0 0 34
65 0 0 34
66 0 0 34
67 0 0 34
68 0 0 34
69 0 0 34
6A 0 0 34
6B 0 0 34
6C 0 0 34
6D 0 0 34
6E 0 0 34
6F 0 0 34
70 0 0 34
71 0 0 34
72 0 0 34
73 0 0 34
74 0 0 34
75 0 0 34
76 0 0 34
77 0 0 34
78 0 0 34
79 0 0 34
7A 0 0 34
7B 0 0 34
7C 0 0 34
7D 0 0 34
7E 0 0 34
7F 0 0 34
80 0 0 34
81 0 0 34
82 0 0 34
83 0 0 34
84 0 0 34
85 0 0 34
86 0 0 34
87 0 0 34
88 0 0 34
89 0 0 34
8A 0 0 34
8B 0 0 34
8C 0 0 34
8D 0 0 34
8E 0 0 34
8F 0 0 34
90 0 0 34
91 0 0 34
92 0 0 34
93 0 0 34
94 0 0 34
95 0 0 34
96 0 0 34
97 0 0 34
98 0 0 34
99 0 0 34
9A 0 0 34
9B 0 0 34
9C 0 0 34
9D 0 0 34
9E 0 0 34
9F 0 0 34
A0 0 0 34
A1 0 0 34
A2 0 0 34
A3 0 0 34
A4 0 0 34
A5 0 0 34
A6 0 0 34
A7 0 0 34
A8 0 0 34
A9 0 0 34
AA 0 0 34
AB 0 0 34
AC 0 0 34
AD 0 0 34
AE 0 0 34
AF 0 0 34
B0 0 0 34
B1 0 0 34
B2 0 0 34
B3 0 0 34
B4 0 0 34
B5 0 0 34
B6 0 0 34
B7 0 0 34
B8 0 0 34
B9 0 0 34
BA 0 0 34
BB 0 0 34
BC 0 0 34
BD 0 0 34
BE 0 0 34
BF 0 0 34
C0 0 0 34
C1 0 0 34
C2 0 0 34
C3 0 0 34
C4 0 0 34
C5 0 0 34
C6 0 0 34
C7 0 0 34
C8 0 0 34
C9 0 0 34
CA 0 0 34
CB 0 0 34
CC 0 0 34
CD 0 0 34
CE 0 0 34
CF 0 0 34
D0 0 0 34
D1 0 0 34
D2 0 0 34
D3 0 0 34
D4 0 0 34
D5 0 0 34
D6 0 0 34
D7 0 0 34
D8 0 0 34
D9 0 0 34
DA 0 0 34
DB 0 0 34
DC 0 0 34
DD 0 0 34
DE 0 0 34
DF 0 0 34
E0 0 0 34
E1 0 0 34
E2 0 0 34
E3 0 0 34
E4 0 0 34
E5 0 0 34
E6 0 0 34
E7 0 0 34
E8 0 0 34
E9 0 0 34
EA 0 0 34
EB 0 0 34
EC 0 0 34
ED 0 0 34
EE 0 0 34
EF 0 0 34
F0 0 0 34
F1 0 0 34
F2 0 0 34
F3 0 0 34
F4 0 0 34
F5 0 0 34
F6 0 0 34
F7 0 0 34
F8 0 0 34
F9 0 0 34
FA 0 0 34
00 0 0 34
01 0 0 34
02 0 0 34
03 0 0 34
04 0 0 34
05 0 0 34
06 0 0 34
07 0 0 34
08 0 0 34
09 0 0 34
0A 0 0 34
0B 0 0 34
0C 0 0 34
0D 0 0 34
0E 0 0 34
0F 0 0 34
10 0 0 34
11 0 0 34
12 0 0 34
13 0 0 34
14 0 0 34
15 0 0 34
16 0 0 34
17 0 0 34
18 0 0 34
19 0 0 34
1A 0 0 34
1B 0 0 34
1C 0 0 34
1D 1 0 34
00 0 0 35
0A 0 0 35
35 0 0 35
01 0 0 35
02 0 0 35
03 0 0 35
DE 0 0 35
AD 0 0 35
BE 0 0 35
EF 0 0 35
00 0 0 35
01 0 0 35
08 0 0 35
00 0 0 35
23 0 0 35
24 0 0 35
25 0 0 35
26 0 0 35
27 0 0 35
28 0 0 35
29 0 0 35
2A 0 0 35
2B 0 0 35
2C 0 0 35
2D 0 0 35
2E 0 0 35
2F 0 0 35
30 0 0 35
31 0 0 35
32 0 0 35
33 0 0 35
34 0 0 35
35 0 0 35
36 0 0 35
37 0 0 35
38 0 0 35
39 0 0 35
3A 0 0 35
3B 0 0 35
3C 0 0 35
3D 0 0 35
3E 0 0 35
3F 0 0 35
40 0 0 35
41 0 0 35
42 0 0 35
43 0 0 35
44 0 0 35
45 0 0 35
46 0 0 35
47 0 0 35
48 0 0 35
49 0 0 35
4A 0 0 35
4B 0 0 35
4C 0 0 35
4D 0 0 35
4E 0 0 35
4F 0 0 35
50 0 0 35
51 0 0 35
52 0 0 35
53 0 0 35
54 0 0 35
55 0 0 35
56 0 0 35
57 0 0 35
58 0 0 35
59 0 0 35
5A 0 0 35
5B 0 0 35
5C 0 0 35
5D 0 0 35
5E 0 0 35
5F 0 0 35
60 0 0 35
61 0 0 35
62 0 0 35
63 0 0 35
64 0 0 35
65 0 0 35
66 0 0 35
67 0 0 35
68 0 0 35
69 0 0 35
6A 0 0 35
6B 0 0 35
6C 0 0 35
6D 0 0 35
6E 0 0 35
6F 0 0 35
70 0 0 35
71 0 0 35
72 0 0 35
73 0 0 35
74 0 0 35
75 0 0 35
76 0 0 35
77 0 0 35
78 0 0 35
79 0 0 35
7A 0 0 35
7B 0 0 35
7C 0 0 35
7D 0 0 35
7E 0 0 35
7F 0 0 35
80 0 0 35
81 0 0 35
82 0 0 35
83 0 0 35
84 0 0 35
85 0 0 35
86 0 0 35
87 0 0 35
88 0 0 35
89 0 0 35
8A 0 0 35
8B 0 0 35
8C 0 0 35
8D 0 0 35
8E 0 0 35
8F 0 0 35
90 0 0 35
91 0 0 35
92 0 0 35
93 0 0 35
94 0 0 35
95 0 0 35
96 0 0 35
97 0 0 35
98 0 0 35
99 0 0 35
9A 0 0 35
9B 0 0 35
9C 0 0 35
9D 0 0 35
9E 0 0 35
9F 0 0 35
A0 0 0 35
A1 0 0 35
A2 0 0 35
A3 0 0 35
A4 0 0 35
A5 0 0 35
A6 0 0 35
A7 0 0 35
A8 0 0 35
A9 0 0 35
AA 0 0 35
AB 0 0 35
AC 0 0 35
AD 0 0 35
AE 0 0 35
AF 0 0 35
B0 0 0 35
B1 0 0 35
B2 0 0 35
B3 0 0 35
B4 0 0 35
B5 0 0 35
B6 0 0 35
B7 0 0 35
B8 0 0 35
B9 0 0 35
BA 0 0 35
BB 0 0 35
BC 0 0 35
BD 0 0 35
BE 0 0 35
BF 0 0 35
C0 0 0 35
C1 0 0 35
C2 0 0 35
C3 0 0 35
C4 0 0 35
C5 0 0 35
C6 0 0 35
C7 0 0 35
C8 0 0 35
C9 0 0 35
CA 0 0 35
CB 0 0 35
CC 0 0 35
CD 0 0 35
CE 0 0 35
CF 0 0 35
D0 0 0 35
D1 0 0 35
D2 0 0 35
D3 0 0 35
D4 0 0 35
D5 0 0 35
D6 0 0 35
D7 0 0 35
D8 0 0 35
D9 0 0 35
DA 0 0 35
DB 0 0 35
DC 0 0 35
DD 0 0 35
DE 0 0 35
DF 0 0 35
E0 0 0 35
E1 0 0 35
E2 0 0 35
E3 0 0 35
E4 0 0 35
E5 0 0 35
E6 0 0 35
E7 0 0 35
E8 0 0 35
E9 0 0 35
EA 0 0 35
EB 0 0 35
EC 0 0 35
ED 0 0 35
EE 0 0 35
EF 0 0 35
F0 0 0 35
F1 0 0 35
F2 0 0 35
F3 0 0 35
F4 0 0 35
F5 0 0 35
F6 0 0 35
F7 0 0 35
F8 0 0 35
F9 0 0 35
FA 0 0 35
00 0 0 35
01 0 0 35
02 0 0 35
03 0 0 35
04 0 0 35
05 0 0 35
06 0 0 35
07 0 0 35
08 0 0 35
09 0 0 35
0A 0 0 35
0B 0 0 35
0C 0 0 35
0D 0 0 35
0E 0 0 35
0F 0 0 35
10 0 0 35
11 0 0 35
12 0 0 35
13 0 0 35
14 0 0 35
15 0 0 35
16 0 0 35
17 0 0 35
18 0 0 35
19 0 0 35
1A 0 0 35
1B 0 0 35
1C 0 0 35
1D 0 0 35
1E 0 0 35
1F 0 0 35
20 0 0 35
21 0 0 35
22 0 0 35
23 0 0 35
24 0 0 35
25 0 0 35
26 0 0 35
27 0 0 35
28 0 0 35
29 0 0 35
2A 0 0 35
2B 0 0 35
2C 0 0 35
2D 0 0 35
2E 0 0 35
2F 0 0 35
30 0 0 35
31 0 0 35
32 0 0 35
33 0 0 35
34 0 0 35
35 0 0 35
36 0 0 35
37 0 0 35
38 0 0 35
39 0 0 35
3A 0 0 35
3B 0 0 35
3C 0 0 35
3D 0 0 35
3E 0 0 35
3F 0 0 35
40 0 0 35
41 0 0 35
42 0 0 35
43 0 0 35
44 0 0 35
45 0 0 35
46 0 0 35
47 0 0 35
48 0 0 35
49 0 0 35
4A 0 0 35
4B 0 0 35
4C 0 0 35
4D 0 0 35
4E 0 0 35
4F 0 0 35
50 0 0 35
51 0 0 35
52 0 0 35
53 0 0 35
54 0 0 35
55 0 0 35
56 0 0 35
57 0 0 35
58 0 0 35
59 0 0 35
5A 0 0 35
5B 0 0 35
5C 0 0 35
5D 0 0 35
5E 0 0 35
5F 0 0 35
60 0 0 35
61 0 0 35
62 0 0 35
63 0 0 35
64 0 0 35
65 0 0 35
66 0 0 35
67 0 0 35
68 0 0 35
69 0 0 35
6A 0 0 35
6B 0 0 35
6C 0 0 35
6D 0 0 35
6E 0 0 35
6F 0 0 35
70 0 0 35
71 0 0 35
72 0 0 35
73 0 0 35
74 0 0 35
75 0 0 35
76 0 0 35
77 0 0 35
78 0 0 35
79 0 0 35
7A 0 0 35
7B 0 0 35
7C 0 0 35
7D 0 0 35
7E 0 0 35
7F 0 0 35
80 0 0 35
81 0 0 35
82 0 0 35
83 0 0 35
84 0 0 35
85 0 0 35
86 0 0 35
87 0 0 35
88 0 0 35
89 0 0 35
8A 0 0 35
8B 0 0 35
8C 0 0 35
8D 0 0 35
8E 0 0 35
8F 0 0 35
90 0 0 35
91 0 0 35
92 0 0 35
93 0 0 35
94 0 0 35
95 0 0 35
96 0 0 35
97 0 0 35
98 0 0 35
99 0 0 35
9A 0 0 35
9B 0 0 35
9C 0 0 35
9D 0 0 35
9E 0 0 35
9F 0 0 35
A0 0 0 35
A1 0 0 35
A2 0 0 35
A3 0 0 35
A4 0 0 35
A5 0 0 35
A6 0 0 35
A7 0 0 35
A8 0 0 35
A9 0 0 35
AA 0 0 35
AB 0 0 35
AC 0 0 35
AD 0 0 35
AE 0 0 35
AF 0 0 35
B0 0 0 35
B1 0 0 35
B2 0 0 35
B3 0 0 35
B4 0 0 35
B5 0 0 35
B6 0 0 35
B7 0 0 35
B8 0 0 35
B9 0 0 35
BA 0 0 35
BB 0 0 35
BC 0 0 35
BD 0 0 35
BE 0 0 35
BF 0 0 35
C0 0 0 35
C1 0 0 35
C2 0 0 35
C3 0 0 35
C4 0 0 35
C5 0 0 35
C6 0 0 35
C7 0 0 35
C8 0 0 35
C9 0 0 35
CA 0 0 35
CB 0 0 35
CC 0 0 35
CD 0 0 35
CE 0 0 35
CF 0 0 35
D0 0 0 35
D1 0 0 35
D2 0 0 35
D3 0 0 35
D4 0 0 35
D5 0 0 35
D6 0 0 35
D7 0 0 35
D8 0 0 35
D9 0 0 35
DA 0 0 35
DB 0 0 35
DC 0 0 35
DD 0 0 35
DE 0 0 35
DF 0 0 35
E0 0 0 35
E1 0 0 35
E2 0 0 35
E3 0 0 35
E4 0 0 35
E5 0 0 35
E6 0 0 35
E7 0 0 35
E8 0 0 35
E9 0 0 35
EA 0 0 35
EB 0 0 35
EC 0 0 35
ED 0 0 35
EE 0 0 35
EF 0 0 35
F0 0 0 35
F1 0 0 35
F2 0 0 35
F3 0 0 35
F4 0 0 35
F5 0 0 35
F6 0 0 35
F7 0 0 35
F8 0 0 35
F9 0 0 35
FA 0 0 35
00 0 0 35
01 0 0 35
02 0 0 35
03 0 0 35
04 0 0 35
05 0 0 35
06 0 0 35
07 0 0 35
08 0 0 35
09 0 0 35
0A 0 0 35
0B 0 0 35
0C 0 0 35
0D 0 0 35
0E 0 0 35
0F 0 0 35
10 0 0 35
11 0 0 35
12 0 0 35
13 0 0 35
14 0 0 35
15 0 0 35
16 0 0 35
17 0 0 35
18 0 0 35
19 0 0 35
1A 0 0 35
1B 0 0 35
1C 0 0 35
1D 0 0 35
1E 0 0 35
1F 0 0 35
20 0 0 35
21 0 0 35
22 0 0 35
23 0 0 35
24 0 0 35
25 0 0 35
26 0 0 35
27 0 0 35
28 0 0 35
29 0 0 35
2A 0 0 35
2B 0 0 35
2C 0 0 35
2D 0 0 35
2E 0 0 35
2F 0 0 35
30 0 0 35
31 0 0 35
32 0 0 35
33 0 0 35
34 0 0 35
35 0 0 35
36 0 0 35
37 0 0 35
38 0 0 35
39 0 0 35
3A 0 0 35
3B 0 0 35
3C 0 0 35
3D 0 0 35
3E 0 0 35
3F 0 0 35
40 0 0 35
41 0 0 35
42 0 0 35
43 0 0 35
44 0 0 35
45 0 0 35
46 0 0 35
47 0 0 35
48 0 0 35
49 0 0 35
4A 0 0 35
4B 0 0 35
4C 0 0 35
4D 0 0 35
4E 0 0 35
4F 0 0 35
50 0 0 35
51 0 0 35
52 0 0 35
53 0 0 35
54 0 0 35
55 0 0 35
56 0 0 35
57 0 0 35
58 0 0 35
59 0 0 35
5A 0 0 35
5B 0 0 35
5C 0 0 35
5D 0 0 35
5E 0 0 35
5F 0 0 35
60 0 0 35
61 0 0 35
62 0 0 35
63 0 0 35
64 0 0 35
65 0 0 35
66 0 0 35
67 0 0 35
68 0 0 35
69 0 0 35
6A 0 0 35
6B 0 0 35
6C 0 0 35
6D 0 0 35
6E 0 0 35
6F 0 0 35
70 0 0 35
71 0 0 35
72 0 0 35
73 0 0 35
74 0 0 35
75 0 0 35
76 0 0 35
77 0 0 35
78 0 0 35
79 0 0 35
7A 0 0 35
7B 0 0 35
7C 0 0 35
7D 0 0 35
7E 0 0 35
7F 0 0 35
80 0 0 35
81 0 0 35
82 0 0 35
83 0 0 35
84 0 0 35
85 0 0 35
86 0 0 35
87 0 0 35
88 0 0 35
89 0 0 35
8A 0 0 35
8B 0 0 35
8C 0 0 35
8D 0 0 35
8E 0 0 35
8F 0 0 35
90 0 0 35
91 0 0 35
92 0 0 35
93 0 0 35
94 0 0 35
95 0 0 35
96 0 0 35
97 0 0 35
98 0 0 35
99 0 0 35
9A 0 0 35
9B 0 0 35
9C 0 0 35
9D 0 0 35
9E 0 0 35
9F 0 0 35
A0 0 0 35
A1 0 0 35
A2 0 0 35
A3 0 0 35
A4 0 0 35
A5 0 0 35
A6 0 0 35
A7 0 0 35
A8 0 0 35
A9 0 0 35
AA 0 0 35
AB 0 0 35
AC 0 0 35
AD 0 0 35
AE 0 0 35
AF 0 0 35
B0 0 0 35
B1 0 0 35
B2 0 0 35
B3 0 0 35
B4 0 0 35
B5 0 0 35
B6 0 0 35
B7 0 0 35
B8 0 0 35
B9 0 0 35
BA 0 0 35
BB 0 0 35
BC 0 0 35
BD 0 0 35
BE 0 0 35
BF 0 0 35
C0 0 0 35
C1 0 0 35
C2 0 0 35
C3 0 0 35
C4 0 0 35
C5 0 0 35
C6 0 0 35
C7 0 0 35
C8 0 0 35
C9 0 0 35
CA 0 0 35
CB 0 0 35
CC 0 0 35
CD 0 0 35
CE 0 0 35
CF 0 0 35
D0 0 0 35
D1 0 0 35
D2 0 0 35
D3 0 0 35
D4 0 0 35
D5 0 0 35
D6 0 0 35
D7 0 0 35
D8 0 0 35
D9 0 0 35
DA 0 0 35
DB 0 0 35
DC 0 0 35
DD 0 0 35
DE 0 0 35
DF 0 0 35
E0 0 0 35
E1 0 0 35
E2 0 0 35
E3 0 0 35
E4 0 0 35
E5 0 0 35
E6 0 0 35
E7 0 0 35
E8 0 0 35
E9 0 0 35
EA 0 0 35
EB 0 0 35
EC 0 0 35
ED 0 0 35
EE 0 0 35
EF 0 0 35
F0 0 0 35
F1 0 0 35
F2 0 0 35
F3 0 0 35
F4 0 0 35
F5 0 0 35
F6 0 0 35
F7 0 0 35
F8 0 0 35
F9 0 0 35
FA 0 0 35
00 0 0 35
01 0 0 35
02 0 0 35
03 0 0 35
04 0 0 35
05 0 0 35
06 0 0 35
07 0 0 35
08 0 0 35
09 0 0 35
0A 0 0 35
0B 0 0 35
0C 0 0 35
0D 0 0 35
0E 0 0 35
0F 0 0 35
10 0 0 35
11 0 0 35
12 0 0 35
13 0 0 35
14 0 0 35
15 0 0 35
16 0 0 35
17 0 0 35
18 0 0 35
19 0 0 35
1A 0 0 35
1B 0 0 35
1C 0 0 35
1D 0 0 35
1E 0 0 35
1F 0 0 35
20 0 0 35
21 0 0 35
22 0 0 35
23 0 0 35
24 0 0 35
25 0 0 35
26 0 0 35
27 0 0 35
28 0 0 35
29 0 0 35
2A 0 0 35
2B 0 0 35
2C 0 0 35
2D 0 0 35
2E 0 0 35
2F 0 0 35
30 0 0 35
31 0 0 35
32 0 0 35
33 0 0 35
34 0 0 35
35 0 0 35
36 0 0 35
37 0 0 35
38 0 0 35
39 0 0 35
3A 0 0 35
3B 0 0 35
3C 0 0 35
3D 0 0 35
3E 0 0 35
3F 0 0 35
40 0 0 35
41 0 0 35
42 0 0 35
43 0 0 35
44 0 0 35
45 0 0 35
46 0 0 35
47 0 0 35
48 0 0 35
49 0 0 35
4A 0 0 35
4B 0 0 35
4C 0 0 35
4D 0 0 35
4E 0 0 35
4F 0 0 35
50 0 0 35
51 0 0 35
52 0 0 35
53 0 0 35
54 0 0 35
55 0 0 35
56 0 0 35
57 0 0 35
58 0 0 35
59 0 0 35
5A 0 0 35
5B 0 0 35
5C 0 0 35
5D 0 0 35
5E 0 0 35
5F 0 0 35
60 0 0 35
61 0 0 35
62 0 0 35
63 0 0 35
64 0 0 35
65 0 0 35
66 0 0 35
67 0 0 35
68 0 0 35
69 0 0 35
6A 0 0 35
6B 0 0 35
6C 0 0 35
6D 0 0 35
6E 0 0 35
6F 0 0 35
70 0 0 35
71 0 0 35
72 0 0 35
73 0 0 35
74 0 0 35
75 0 0 35
76 0 0 35
77 0 0 35
78 0 0 35
79 0 0 35
7A 0 0 35
7B 0 0 35
7C 0 0 35
7D 0 0 35
7E 0 0 35
7F 0 0 35
80 0 0 35
81 0 0 35
82 0 0 35
83 0 0 35
84 0 0 35
85 0 0 35
86 0 0 35
87 0 0 35
88 0 0 35
89 0 0 35
8A 0 0 35
8B 0 0 35
8C 0 0 35
8D 0 0 35
8E 0 0 35
8F 0 0 35
90 0 0 35
91 0 0 35
92 0 0 35
93 0 0 35
94 0 0 35
95 0 0 35
96 0 0 35
97 0 0 35
98 0 0 35
99 0 0 35
9A 0 0 35
9B 0 0 35
9C 0 0 35
9D 0 0 35
9E 0 0 35
9F 0 0 35
A0 0 0 35
A1 0 0 35
A2 0 0 35
A3 0 0 35
A4 0 0 35
A5 0 0 35
A6 0 0 35
A7 0 0 35
A8 0 0 35
A9 0 0 35
AA 0 0 35
AB 0 0 35
AC 0 0 35
AD 0 0 35
AE 0 0 35
AF 0 0 35
B0 0 0 35
B1 0 0 35
B2 0 0 35
B3 0 0 35
B4 0 0 35
B5 0 0 35
B6 0 0 35
B7 0 0 35
B8 0 0 35
B9 0 0 35
BA 0 0 35
BB 0 0 35
BC 0 0 35
BD 0 0 35
BE 0 0 35
BF 0 0 35
C0 0 0 35
C1 0 0 35
C2 0 0 35
C3 0 0 35
C4 0 0 35
C5 0 0 35
C6 0 0 35
C7 0 0 35
C8 0 0 35
C9 0 0 35
CA 0 0 35
CB 0 0 35
CC 0 0 35
CD 0 0 35
CE 0 0 35
CF 0 0 35
D0 0 0 35
D1 0 0 35
D2 0 0 35
D3 0 0 35
D4 0 0 35
D5 0 0 35
D6 0 0 35
D7 0 0 35
D8 0 0 35
D9 0 0 35
DA 0 0 35
DB 0 0 35
DC 0 0 35
DD 0 0 35
DE 0 0 35
DF 0 0 35
E0 0 0 35
E1 0 0 35
E2 0 0 35
E3 0 0 35
E4 0 0 35
E5 0 0 35
E6 0 0 35
E7 0 0 35
E8 0 0 35
E9 0 0 35
EA 0 0 35
EB 0 0 35
EC 0 0 35
ED 0 0 35
EE 0 0 35
EF 0 0 35
F0 0 0 35
F1 0 0 35
F2 0 0 35
F3 0 0 35
F4 0 0 35
F5 0 0 35
F6 0 0 35
F7 0 0 35
F8 0 0 35
F9 0 0 35
FA 0 0 35
00 0 0 35
01 0 0 35
02 0 0 35
03 0 0 35
04 0 0 35
05 0 0 35
06 0 0 35
07 0 0 35
08 0 0 35
09 0 0 35
0A 0 0 35
0B 0 0 35
0C 0 0 35
0D 0 0 35
0E 0 0 35
0F 0 0 35
10 0 0 35
11 0 0 35
12 0 0 35
13 0 0 35
14 0 0 35
15 0 0 35
16 0 0 35
17 0 0 35
18 0 0 35
19 0 0 35
1A 0 0 35
1B 0 0 35
1C 0 0 35
1D 0 0 35
1E 0 0 35
1F 0 0 35
20 0 0 35
21 0 0 35
22 0 0 35
23 0 0 35
24 0 0 35
25 0 0 35
26 0 0 35
27 0 0 35
28 0 0 35
29 0 0 35
2A 0 0 35
2B 0 0 35
2C 0 0 35
2D 0 0 35
2E 0 0 35
2F 0 0 35
30 0 0 35
31 0 0 35
32 0 0 35
33 0 0 35
34 0 0 35
35 0 0 35
36 0 0 35
37 0 0 35
38 0 0 35
39 0 0 35
3A 0 0 35
3B 0 0 35
3C 0 0 35
3D 0 0 35
3E 0 0 35
3F 0 0 35
40 0 0 35
41 0 0 35
42 0 0 35
43 0 0 35
44 0 0 35
45 0 0 35
46 0 0 35
47 0 0 35
48 0 0 35
49 0 0 35
4A 0 0 35
4B 0 0 35
4C 0 0 35
4D 0 0 35
4E 0 0 35
4F 0 0 35
50 0 0 35
51 0 0 35
52 0 0 35
53 0 0 35
54 0 0 35
55 0 0 35
56 0 0 35
57 0 0 35
58 0 0 35
59 0 0 35
5A 0 0 35
5B 0 0 35
5C 0 0 35
5D 0 0 35
5E 0 0 35
5F 0 0 35
60 0 0 35
61 0 0 35
62 0 0 35
63 0 0 35
64 0 0 35
65 0 0 35
66 0 0 35
67 0 0 35
68 0 0 35
69 0 0 35
6A 0 0 35
6B 0 0 35
6C 0 0 35
6D 0 0 35
6E 0 0 35
6F 0 0 35
70 0 0 35
71 0 0 35
72 0 0 35
73 0 0 35
74 0 0 35
75 0 0 35
76 0 0 35
77 0 0 35
78 0 0 35
79 0 0 35
7A 0 0 35
7B 0 0 35
7C 0 0 35
7D 0 0 35
7E 0 0 35
7F 0 0 35
80 0 0 35
81 0 0 35
82 0 0 35
83 0 0 35
84 0 0 35
85 0 0 35
86 0 0 35
87 0 0 35
88 0 0 35
89 0 0 35
8A 0 0 35
8B 0 0 35
8C 0 0 35
8D 0 0 35
8E 0 0 35
8F 0 0 35
90 0 0 35
91 0 0 35
92 0 0 35
93 0 0 35
94 0 0 35
95 0 0 35
96 0 0 35
97 0 0 35
98 0 0 35
99 0 0 35
9A 0 0 35
9B 0 0 35
9C 0 0 35
9D 0 0 35
9E 0 0 35
9F 0 0 35
A0 0 0 35
A1 0 0 35
A2 0 0 35
A3 0 0 35
A4 0 0 35
A5 0 0 35
A6 0 0 35
A7 0 0 35
A8 0 0 35
A9 0 0 35
AA 0 0 35
AB 0 0 35
AC 0 0 35
AD 0 0 35
AE 0 0 35
AF 0 0 35
B0 0 0 35
B1 0 0 35
B2 0 0 35
B3 0 0 35
B4 0 0 35
B5 0 0 35
B6 0 0 35
B7 0 0 35
B8 0 0 35
B9 0 0 35
BA 0 0 35
BB 0 0 35
BC 0 0 35
BD 0 0 35
BE 0 0 35
BF 0 0 35
C0 0 0 35
C1 0 0 35
C2 0 0 35
C3 0 0 35
C4 0 0 35
C5 0 0 35
C6 0 0 35
C7 0 0 35
C8 0 0 35
C9 0 0 35
CA 0 0 35
CB 0 0 35
CC 0 0 35
CD 0 0 35
CE 0 0 35
CF 0 0 35
D0 0 0 35
D1 0 0 35
D2 0 0 35
D3 0 0 35
D4 0 0 35
D5 0 0 35
D6 0 0 35
D7 0 0 35
D8 0 0 35
D9 0 0 35
DA 0 0 35
DB 0 0 35
DC 0 0 35
DD 0 0 35
DE 0 0 35
DF 0 0 35
E0 0 0 35
E1 0 0 35
E2 0 0 35
E3 0 0 35
E4 0 0 35
E5 0 0 35
E6 0 0 35
E7 0 0 35
E8 0 0 35
E9 0 0 35
EA 0 0 35
EB 0 0 35
EC 0 0 35
ED 0 0 35
EE 0 0 35
EF 0 0 35
F0 0 0 35
F1 0 0 35
F2 0 0 35
F3 0 0 35
F4 0 0 35
F5 0 0 35
F6 0 0 35
F7 0 0 35
F8 0 0 35
F9 0 0 35
FA 0 0 35
00 0 0 35
01 0 0 35
02 0 0 35
03 0 0 35
04 0 0 35
05 0 0 35
06 0 0 35
07 0 0 35
08 0 0 35
09 0 0 35
0A 0 0 35
0B 0 0 35
0C 0 0 35
0D 0 0 35
0E 0 0 35
0F 0 0 35
10 0 0 35
11 0 0 35
12 0 0 35
13 0 0 35
14 0 0 35
15 0 0 35
16 0 0 35
17 0 0 35
18 0 0 35
19 0 0 35
1A 0 0 35
1B 0 0 35
1C 0 0 35
1D 0 0 35
1E 0 0 35
1F 0 0 35
20 0 0 35
21 0 0 35
22 0 0 35
23 0 0 35
24 0 0 35
25 0 0 35
26 0 0 35
27 0 0 35
28 0 0 35
29 0 0 35
2A 0 0 35
2B 0 0 35
2C 0 0 35
2D 0 0 35
2E 0 0 35
2F 0 0 35
30 0 0 35
31 0 0 35
32 0 0 35
33 0 0 35
34 0 0 35
35 0 0 35
36 0 0 35
37 0 0 35
38 0 0 35
39 0 0 35
3A 0 0 35
3B 0 0 35
3C 0 0 35
3D 0 0 35
3E 0 0 35
3F 0 0 35
40 0 0 35
41 0 0 35
42 0 0 35
43 0 0 35
44 0 0 35
45 0 0 35
46 0 0 35
47 0 0 35
48 0 0 35
49 0 0 35
4A 0 0 35
4B 0 0 35
4C 0 0 35
4D 0 0 35
4E 0 0 35
4F 0 0 35
50 0 0 35
51 0 0 35
52 0 0 35
53 0 0 35
54 0 0 35
55 0 0 35
56 0 0 35
57 0 0 35
58 0 0 35
59 0 0 35
5A 0 0 35
5B 0 0 35
5C 0 0 35
5D 0 0 35
5E 0 0 35
5F 0 0 35
60 0 0 35
61 0 0 35
62 0 0 35
63 0 0 35
64 0 0 35
65 0 0 35
66 0 0 35
67 0 0 35
68 0 0 35
69 0 0 35
6A 0 0 35
6B 0 0 35
6C 0 0 35
6D 0 0 35
6E 0 0 35
6F 0 0 35
70 0 0 35
71 0 0 35
72 0 0 35
73 0 0 35
74 0 0 35
75 0 0 35
76 0 0 35
77 0 0 35
78 0 0 35
79 0 0 35
7A 0 0 35
7B 0 0 35
7C 0 0 35
7D 0 0 35
7E 0 0 35
7F 0 0 35
80 0 0 35
81 0 0 35
82 0 0 35
83 0 0 35
84 0 0 35
85 0 0 35
86 0 0 35
87 0 0 35
88 0 0 35
89 0 0 35
8A 0 0 35
8B 0 0 35
8C 0 0 35
8D 0 0 35
8E 0 0 35
8F 0 0 35
90 0 0 35
91 0 0 35
92 0 0 35
93 0 0 35
94 0 0 35
95 0 0 35
96 0 0 35
97 0 0 35
98 0 0 35
99 0 0 35
9A 0 0 35
9B 0 0 35
9C 0 0 35
9D 0 0 35
9E 0 0 35
9F 0 0 35
A0 0 0 35
A1 0 0 35
A2 0 0 35
A3 0 0 35
A4 0 0 35
A5 0 0 35
A6 0 0 35
A7 0 0 35
A8 0 0 35
A9 0 0 35
AA 0 0 35
AB 0 0 35
AC 0 0 35
AD 0 0 35
AE 0 0 35
AF 0 0 35
B0 0 0 35
B1 0 0 35
B2 0 0 35
B3 0 0 35
B4 0 0 35
B5 0 0 35
B6 0 0 35
B7 0 0 35
B8 0 0 35
B9 0 0 35
BA 0 0 35
BB 0 0 35
BC 0 0 35
BD 0 0 35
BE 0 0 35
BF 0 0 35
C0 0 0 35
C1 0 0 35
C2 0 0 35
C3 0 0 35
C4 0 0 35
C5 0 0 35
C6 0 0 35
C7 0 0 35
C8 0 0 35
C9 0 0 35
CA 0 0 35
CB 0 0 35
CC 0 0 35
CD 0 0 35
CE 0 0 35
CF 0 0 35
D0 0 0 35
D1 0 0 35
D2 0 0 35
D3 0 0 35
D4 0 0 35
D5 0 0 35
D6 0 0 35
D7 0 0 35
D8 0 0 35
D9 0 0 35
DA 0 0 35
DB 0 0 35
DC 0 0 35
DD 0 0 35
DE 0 0 35
DF 0 0 35
E0 0 0 35
E1 0 0 35
E2 0 0 35
E3 0 0 35
E4 0 0 35
E5 0 0 35
E6 0 0 35
E7 0 0 35
E8 0 0 35
E9 0 0 35
EA 0 0 35
EB 0 0 35
EC 0 0 35
ED 0 0 35
EE 0 0 35
EF 0 0 35
F0 0 0 35
F1 0 0 35
F2 0 0 35
F3 0 0 35
F4 0 0 35
F5 0 0 35
F6 0 0 35
F7 0 0 35
F8 0 0 35
F9 0 0 35
FA 0 0 35
00 0 0 35
01 0 0 35
02 0 0 35
03 0 0 35
04 0 0 35
05 0 0 35
06 0 0 35
07 0 0 35
08 0 0 35
09 0 0 35
0A 0 0 35
0B 0 0 35
0C 0 0 35
0D 0 0 35
0E 0 0 35
0F 0 0 35
10 0 0 35
11 0 0 35
12 0 0 35
13 0 0 35
14 0 0 35
15 0 0 35
16 0 0 35
17 0 0 35
18 0 0 35
19 0 0 35
1A 0 0 35
1B 1 1 35
00 0 0 36
0A 0 0 36
35 0 0 36
01 0 0 36
02 0 0 36
03 0 0 36
DE 0 0 36
AD 0 0 36
BE 0 0 36
EF 0 0 36
00 0 0 36
01 0 0 36
08 0 0 36
00 0 0 36
24 0 0 36
25 0 0 36
26 0 0 36
27 0 0 36
28 0 0 36
29 0 0 36
2A 0 0 36
2B 0 0 36
2C 0 0 36
2D 0 0 36
2E 0 0 36
2F 0 0 36
30 0 0 36
31 0 0 36
32 0 0 36
33 0 0 36
34 0 0 36
35 0 0 36
36 0 0 36
37 0 0 36
38 0 0 36
39 0 0 36
3A 0 0 36
3B 1 0 36
00 0 0 37
0A 0 0 37
35 0 0 37
01 0 0 37
02 0 0 37
03 0 0 37
DE 0 0 37
AD 0 0 37
BE 0 0 37
EF 0 0 37
00 0 0 37
01 0 0 37
08 0 0 37
00 0 0 37
25 0 0 37
00 0 0 37
00 0 0 37
00 0 0 37
00 0 0 37
00 0 0 37
00 0 0 37
00 0 0 37
00 0 0 37
00 0 0 37
00 0 0 37
00 0 0 37
00 0 0 37
00 0 0 37
00 0 0 37
00 0 0 37
00 0 0 37
00 0 0 37
00 0 0 37
00 0 0 37
00 0 0 37
00 0 0 37
00 0 0 37
00 0 0 37
00 0 0 37
00 0 0 37
00 0 0 37
00 0 0 37
00 0 0 37
00 0 0 37
00 0 0 37
00 0 0 37
00 0 0 37
00 0 0 37
00 0 0 37
00 0 0 37
00 0 0 37
00 0 0 37
00 0 0 37
00 0 0 37
00 0 0 37
00 0 0 37
00 0 0 37
00 0 0 37
00 0 0 37
00 1 1 37
00 0 0 38
0A 0 0 38
35 0 0 38
01 0 0 38
02 0 0 38
03 0 0 38
DE 0 0 38
AD 0 0 38
BE 0 0 38
EF 0 0 38
00 0 0 38
01 0 0 38
08 0 0 38
00 0 0 38
26 0 0 38
27 0 0 38
28 0 0 38
29 0 0 38
2A 0 0 38
2B 0 0 38
2C 0 0 38
2D 0 0 38
2E 0 0 38
2F 0 0 38
30 0 0 38
31 0 0 38
32 0 0 38
33 0 0 38
34 0 0 38
35 0 0 38
36 0 0 38
37 0 0 38
38 0 0 38
39 0 0 38
3A 0 0 38
3B 0 0 38
3C 0 0 38
3D 0 0 38
3E 0 0 38
3F 0 0 38
40 0 0 38
41 0 0 38
42 0 0 38
43 0 0 38
44 0 0 38
45 0 0 38
46 0 0 38
47 0 0 38
48 0 0 38
49 0 0 38
4A 0 0 38
4B 0 0 38
4C 0 0 38
4D 0 0 38
4E 0 0 38
4F 0 0 38
50 0 0 38
51 0 0 38
52 0 0 38
00 1 0 38
00 0 0 39
0A 0 0 39
35 0 0 39
01 0 0 39
02 0 0 39
03 0 0 39
DE 0 0 39
AD 0 0 39
BE 0 0 39
EF 0 0 39
00 0 0 39
01 0 0 39
08 0 0 39
00 0 0 39
27 0 0 39
28 0 0 39
29 0 0 39
2A 0 0 39
2B 0 0 39
2C 0 0 39
2D 0 0 39
2E 0 0 39
2F 0 0 39
30 0 0 39
31 0 0 39
32 0 0 39
33 0 0 39
34 0 0 39
35 0 0 39
36 0 0 39
37 0 0 39
38 0 0 39
39 0 0 39
3A 0 0 39
3B 0 0 39
3C 0 0 39
3D 0 0 39
3E 0 0 39
3F 0 0 39
40 0 0 39
41 0 0 39
42 0 0 39
43 0 0 39
44 0 0 39
45 0 0 39
46 0 0 39
47 0 0 39
48 0 0 39
49 0 0 39
4A 0 0 39
4B 0 0 39
4C 0 0 39
4D 0 0 39
4E 0 0 39
4F 0 0 39
50 0 0 39
51 0 0 39
52 0 0 39
53 0 0 39
54 1 1 39
00 0 0 40
0A 0 0 40
35 0 0 40
01 0 0 40
02 0 0 40
03 0 0 40
DE 0 0 40
AD 0 0 40
BE 0 0 40
EF 0 0 40
00 0 0 40
01 0 0 40
08 0 0 40
00 0 0 40
28 0 0 40
29 0 0 40
2A 0 0 40
2B 0 0 40
2C 0 0 40
2D 0 0 40
2E 0 0 40
2F 0 0 40
30 0 0 40
31 0 0 40
32 0 0 40
33 0 0 40
34 0 0 40
35 0 0 40
36 0 0 40
37 0 0 40
38 0 0 40
39 0 0 40
3A 0 0 40
3B 0 0 40
3C 0 0 40
3D 0 0 40
3E 0 0 40
3F 0 0 40
40 0 0 40
41 0 0 40
42 0 0 40
43 0 0 40
44 0 0 40
45 0 0 40
46 0 0 40
47 0 0 40
48 0 0 40
49 0 0 40
4A 0 0 40
4B 0 0 40
4C 0 0 40
4D 0 0 40
4E 0 0 40
4F 0 0 40
50 0 0 40
51 0 0 40
52 0 0 40
53 0 0 40
54 0 0 40
55 0 0 40
56 0 0 40
5F 0 0 40
36 0 0 40
0A 0 0 40
B3 0 0 40
00 0 0 40
01 0 0 40
02 0 0 40
03 0 0 40
04 0 0 40
05 0 0 40
06 0 0 40
07 0 0 40
08 0 0 40
09 0 0 40
0A 0 0 40
0B 0 0 40
0C 0 0 40
0D 0 0 40
0E 0 0 40
0F 0 0 40
10 0 0 40
11 0 0 40
12 0 0 40
13 0 0 40
14 0 0 40
15 0 0 40
16 0 0 40
17 0 0 40
18 0 0 40
19 0 0 40
1A 0 0 40
1B 0 0 40
1C 0 0 40
1D 0 0 40
1E 0 0 40
1F 0 0 40
20 0 0 40
21 0 0 40
22 0 0 40
23 0 0 40
24 0 0 40
25 0 0 40
26 0 0 40
27 0 0 40
28 0 0 40
29 0 0 40
2A 0 0 40
2B 0 0 40
2C 0 0 40
2D 0 0 40
2E 0 0 40
2F 0 0 40
30 0 0 40
31 0 0 40
32 0 0 40
33 0 0 40
34 0 0 40
35 0 0 40
36 0 0 40
37 0 0 40
38 0 0 40
39 0 0 40
3A 0 0 40
3B 0 0 40
3C 0 0 40
3D 0 0 40
3E 0 0 40
3F 0 0 40
40 0 0 40
41 0 0 40
42 0 0 40
43 0 0 40
44 0 0 40
45 0 0 40
46 0 0 40
47 0 0 40
48 0 0 40
49 0 0 40
4A 0 0 40
4B 0 0 40
4C 0 0 40
4D 0 0 40
4E 0 0 40
4F 0 0 40
50 0 0 40
51 0 0 40
52 0 0 40
53 0 0 40
54 0 0 40
55 0 0 40
56 0 0 40
57 0 0 40
58 0 0 40
59 0 0 40
5A 0 0 40
5B 0 0 40
5C 0 0 40
5D 0 0 40
5E 0 0 40
5F 0 0 40
60 0 0 40
61 0 0 40
62 0 0 40
63 0 0 40
64 0 0 40
65 0 0 40
66 0 0 40
67 0 0 40
68 0 0 40
69 0 0 40
6A 0 0 40
6B 0 0 40
6C 0 0 40
6D 0 0 40
6E 0 0 40
6F 0 0 40
70 0 0 40
71 0 0 40
72 0 0 40
73 0 0 40
74 0 0 40
75 0 0 40
76 0 0 40
77 0 0 40
78 0 0 40
79 0 0 40
7A 0 0 40
7B 0 0 40
7C 0 0 40
7D 0 0 40
7E 0 0 40
7F 0 0 40
80 0 0 40
81 0 0 40
82 0 0 40
83 0 0 40
84 0 0 40
85 0 0 40
86 0 0 40
87 0 0 40
88 0 0 40
89 0 0 40
8A 0 0 40
8B 0 0 40
8C 0 0 40
8D 0 0 40
8E 0 0 40
8F 0 0 40
90 0 0 40
91 0 0 40
92 0 0 40
93 0 0 40
94 0 0 40
95 0 0 40
96 0 0 40
97 0 0 40
98 0 0 40
99 0 0 40
9A 0 0 40
9B 0 0 40
9C 0 0 40
9D 0 0 40
9E 0 0 40
9F 0 0 40
A0 0 0 40
A1 0 0 40
A2 0 0 40
A3 0 0 40
A4 0 0 40
A5 0 0 40
A6 0 0 40
A7 0 0 40
A8 0 0 40
A9 0 0 40
AA 0 0 40
AB 0 0 40
AC 0 0 40
AD 0 0 40
AE 0 0 40
AF 0 0 40
B0 0 0 40
B1 0 0 40
B2 0 0 40
B3 0 0 40
B4 0 0 40
B5 0 0 40
B6 0 0 40
B7 0 0 40
B8 0 0 40
B9 0 0 40
BA 0 0 40
BB 0 0 40
BC 0 0 40
BD 0 0 40
BE 0 0 40
BF 0 0 40
C0 0 0 40
C1 0 0 40
C2 0 0 40
C3 0 0 40
C4 0 0 40
C5 0 0 40
C6 0 0 40
C7 0 0 40
C8 0 0 40
C9 0 0 40
CA 0 0 40
CB 0 0 40
CC 0 0 40
CD 0 0 40
CE 0 0 40
CF 0 0 40
D0 0 0 40
D1 0 0 40
D2 0 0 40
D3 0 0 40
D4 0 0 40
D5 0 0 40
D6 0 0 40
D7 0 0 40
D8 0 0 40
D9 0 0 40
DA 0 0 40
DB 0 0 40
DC 0 0 40
DD 0 0 40
DE 0 0 40
DF 0 0 40
E0 0 0 40
E1 0 0 40
E2 0 0 40
E3 0 0 40
E4 0 0 40
E5 0 0 40
E6 0 0 40
E7 0 0 40
E8 0 0 40
E9 0 0 40
EA 0 0 40
EB 0 0 40
EC 0 0 40
ED 0 0 40
EE 0 0 40
EF 0 0 40
F0 0 0 40
F1 0 0 40
F2 0 0 40
F3 0 0 40
F4 0 0 40
F5 0 0 40
F6 0 0 40
F7 0 0 40
F8 0 0 40
F9 0 0 40
FA 0 0 40
FB 0 0 40
FC 0 0 40
FD 0 0 40
FE 0 0 40
FF 0 0 40
00 0 0 40
01 0 0 40
02 0 0 40
03 0 0 40
04 0 0 40
05 0 0 40
06 0 0 40
07 0 0 40
08 0 0 40
09 0 0 40
0A 0 0 40
0B 0 0 40
0C 0 0 40
0D 0 0 40
0E 0 0 40
0F 0 0 40
10 0 0 40
11 0 0 40
12 0 0 40
13 0 0 40
14 0 0 40
15 0 0 40
16 0 0 40
17 0 0 40
18 0 0 40
19 0 0 40
1A 0 0 40
1B 0 0 40
1C 0 0 40
1D 0 0 40
1E 0 0 40
1F 0 0 40
20 0 0 40
21 0 0 40
22 0 0 40
23 0 0 40
24 0 0 40
25 0 0 40
26 0 0 40
27 0 0 40
28 0 0 40
29 0 0 40
2A 0 0 40
2B 0 0 40
2C 0 0 40
2D 0 0 40
2E 0 0 40
2F 0 0 40
30 0 0 40
31 0 0 40
32 0 0 40
33 0 0 40
34 0 0 40
35 0 0 40
36 0 0 40
37 0 0 40
38 0 0 40
39 0 0 40
3A 0 0 40
3B 0 0 40
3C 0 0 40
3D 0 0 40
3E 0 0 40
3F 0 0 40
40 0 0 40
41 0 0 40
42 0 0 40
43 0 0 40
44 0 0 40
45 0 0 40
46 0 0 40
47 0 0 40
48 0 0 40
49 0 0 40
4A 0 0 40
4B 0 0 40
4C 0 0 40
4D 0 0 40
4E 0 0 40
4F 0 0 40
50 0 0 40
51 0 0 40
52 0 0 40
53 0 0 40
54 0 0 40
55 0 0 40
56 0 0 40
57 0 0 40
58 0 0 40
59 0 0 40
5A 0 0 40
5B 0 0 40
5C 0 0 40
5D 0 0 40
5E 0 0 40
5F 0 0 40
60 0 0 40
61 0 0 40
62 0 0 40
63 0 0 40
64 0 0 40
65 0 0 40
66 0 0 40
67 0 0 40
68 0 0 40
69 0 0 40
6A 0 0 40
6B 0 0 40
6C 0 0 40
6D 0 0 40
6E 0 0 40
6F 0 0 40
70 0 0 40
71 0 0 40
72 0 0 40
73 0 0 40
74 0 0 40
75 0 0 40
76 0 0 40
77 0 0 40
78 0 0 40
79 0 0 40
7A 0 0 40
7B 0 0 40
7C 0 0 40
7D 0 0 40
7E 0 0 40
7F 0 0 40
80 0 0 40
81 0 0 40
82 0 0 40
83 0 0 40
84 0 0 40
85 0 0 40
86 0 0 40
87 0 0 40
88 0 0 40
89 0 0 40
8A 0 0 40
8B 0 0 40
8C 0 0 40
8D 0 0 40
8E 0 0 40
8F 0 0 40
90 0 0 40
91 0 0 40
92 0 0 40
93 0 0 40
94 0 0 40
95 0 0 40
96 0 0 40
97 0 0 40
98 0 0 40
99 0 0 40
9A 0 0 40
9B 0 0 40
9C 0 0 40
9D 0 0 40
9E 0 0 40
9F 0 0 40
A0 0 0 40
A1 0 0 40
A2 0 0 40
A3 0 0 40
A4 0 0 40
A5 0 0 40
A6 0 0 40
A7 0 0 40
A8 0 0 40
A9 0 0 40
AA 0 0 40
AB 0 0 40
AC 0 0 40
AD 0 0 40
AE 0 0 40
AF 0 0 40
B0 0 0 40
B1 0 0 40
B2 0 0 40
B3 0 0 40
B4 0 0 40
B5 0 0 40
B6 0 0 40
B7 0 0 40
B8 0 0 40
B9 0 0 40
BA 0 0 40
BB 0 0 40
BC 0 0 40
BD 0 0 40
BE 0 0 40
BF 0 0 40
C0 0 0 40
C1 0 0 40
C2 0 0 40
C3 0 0 40
C4 0 0 40
C5 0 0 40
C6 0 0 40
C7 0 0 40
C8 0 0 40
C9 0 0 40
CA 0 0 40
CB 0 0 40
CC 0 0 40
CD 0 0 40
CE 0 0 40
CF 0 0 40
D0 0 0 40
D1 0 0 40
D2 0 0 40
D3 0 0 40
D4 0 0 40
D5 0 0 40
D6 0 0 40
D7 0 0 40
D8 0 0 40
D9 0 0 40
DA 0 0 40
DB 0 0 40
DC 0 0 40
DD 0 0 40
DE 0 0 40
DF 0 0 40
E0 0 0 40
E1 0 0 40
E2 0 0 40
E3 0 0 40
E4 0 0 40
E5 0 0 40
E6 0 0 40
E7 0 0 40
E8 0 0 40
E9 0 0 40
EA 0 0 40
EB 0 0 40
EC 0 0 40
ED 0 0 40
EE 0 0 40
EF 0 0 40
F0 0 0 40
F1 0 0 40
F2 0 0 40
F3 0 0 40
F4 0 0 40
F5 0 0 40
F6 0 0 40
F7 0 0 40
F8 0 0 40
F9 0 0 40
FA 0 0 40
FB 0 0 40
FC 0 0 40
FD 0 0 40
FE 0 0 40
FF 0 0 40
00 0 0 40
01 0 0 40
02 0 0 40
03 0 0 40
04 0 0 40
05 0 0 40
06 0 0 40
07 0 0 40
08 0 0 40
09 0 0 40
0A 0 0 40
0B 0 0 40
0C 0 0 40
0D 0 0 40
0E 0 0 40
0F 0 0 40
10 0 0 40
11 0 0 40
12 0 0 40
13 0 0 40
14 0 0 40
15 0 0 40
16 0 0 40
17 0 0 40
18 0 0 40
19 0 0 40
1A 0 0 40
1B 0 0 40
1C 0 0 40
1D 0 0 40
1E 0 0 40
1F 0 0 40
20 0 0 40
21 0 0 40
22 0 0 40
23 0 0 40
24 0 0 40
25 0 0 40
26 0 0 40
27 0 0 40
28 0 0 40
29 0 0 40
2A 0 0 40
2B 0 0 40
2C 0 0 40
2D 0 0 40
2E 0 0 40
2F 0 0 40
30 0 0 40
31 0 0 40
32 0 0 40
33 0 0 40
34 0 0 40
35 0 0 40
36 0 0 40
37 0 0 40
38 0 0 40
39 0 0 40
3A 0 0 40
3B 0 0 40
3C 0 0 40
3D 0 0 40
3E 0 0 40
3F 0 0 40
40 0 0 40
41 0 0 40
42 0 0 40
43 0 0 40
44 0 0 40
45 0 0 40
46 0 0 40
47 0 0 40
48 0 0 40
49 0 0 40
4A 0 0 40
4B 0 0 40
4C 0 0 40
4D 0 0 40
4E 0 0 40
4F 0 0 40
50 0 0 40
51 0 0 40
52 0 0 40
53 0 0 40
54 0 0 40
55 0 0 40
56 0 0 40
57 0 0 40
58 0 0 40
59 0 0 40
5A 0 0 40
5B 0 0 40
5C 0 0 40
5D 0 0 40
5E 0 0 40
5F 0 0 40
60 0 0 40
61 0 0 40
62 0 0 40
63 0 0 40
64 0 0 40
65 0 0 40
66 0 0 40
67 0 0 40
68 0 0 40
69 0 0 40
6A 0 0 40
6B 0 0 40
6C 0 0 40
6D 0 0 40
6E 0 0 40
6F 0 0 40
70 0 0 40
71 0 0 40
72 0 0 40
73 0 0 40
74 0 0 40
75 0 0 40
76 0 0 40
77 0 0 40
78 0 0 40
79 0 0 40
7A 0 0 40
7B 0 0 40
7C 0 0 40
7D 0 0 40
7E 0 0 40
7F 0 0 40
80 0 0 40
81 0 0 40
82 0 0 40
83 0 0 40
84 0 0 40
85 0 0 40
86 0 0 40
87 0 0 40
88 0 0 40
89 0 0 40
8A 0 0 40
8B 0 0 40
8C 0 0 40
8D 0 0 40
8E 0 0 40
8F 0 0 40
90 0 0 40
91 0 0 40
92 0 0 40
93 0 0 40
94 0 0 40
95 0 0 40
96 0 0 40
97 0 0 40
98 0 0 40
99 0 0 40
9A 0 0 40
9B 0 0 40
9C 0 0 40
9D 0 0 40
9E 0 0 40
9F 0 0 40
A0 0 0 40
A1 0 0 40
A2 0 0 40
A3 0 0 40
A4 0 0 40
A5 0 0 40
A6 0 0 40
A7 0 0 40
A8 0 0 40
A9 0 0 40
AA 0 0 40
AB 0 0 40
AC 0 0 40
AD 0 0 40
AE 0 0 40
AF 0 0 40
B0 0 0 40
B1 0 0 40
B2 0 0 40
B3 0 0 40
B4 0 0 40
B5 0 0 40
B6 0 0 40
B7 0 0 40
B8 0 0 40
B9 0 0 40
BA 0 0 40
BB 0 0 40
BC 0 0 40
BD 0 0 40
BE 0 0 40
BF 0 0 40
C0 0 0 40
C1 0 0 40
C2 0 0 40
C3 0 0 40
C4 0 0 40
C5 0 0 40
C6 0 0 40
C7 0 0 40
C8 0 0 40
C9 0 0 40
CA 0 0 40
CB 0 0 40
CC 0 0 40
CD 0 0 40
CE 0 0 40
CF 0 0 40
D0 0 0 40
D1 0 0 40
D2 0 0 40
D3 0 0 40
D4 0 0 40
D5 0 0 40
D6 0 0 40
D7 0 0 40
D8 0 0 40
D9 0 0 40
DA 0 0 40
DB 0 0 40
DC 0 0 40
DD 0 0 40
DE 0 0 40
DF 0 0 40
E0 0 0 40
E1 0 0 40
E2 0 0 40
E3 0 0 40
E4 0 0 40
E5 0 0 40
E6 0 0 40
E7 0 0 40
E8 0 0 40
E9 0 0 40
EA 0 0 40
EB 0 0 40
EC 0 0 40
ED 0 0 40
EE 0 0 40
EF 0 0 40
F0 0 0 40
F1 0 0 40
F2 0 0 40
F3 0 0 40
F4 0 0 40
F5 0 0 40
F6 0 0 40
F7 0 0 40
F8 0 0 40
F9 0 0 40
FA 0 0 40
FB 0 0 40
FC 0 0 40
FD 0 0 40
FE 0 0 40
FF 0 0 40
00 0 0 40
01 0 0 40
02 0 0 40
03 0 0 40
04 0 0 40
05 0 0 40
06 0 0 40
07 0 0 40
08 0 0 40
09 0 0 40
0A 0 0 40
0B 0 0 40
0C 0 0 40
0D 0 0 40
0E 0 0 40
0F 0 0 40
10 0 0 40
11 0 0 40
12 0 0 40
13 0 0 40
14 0 0 40
15 0 0 40
16 0 0 40
17 0 0 40
18 0 0 40
19 0 0 40
1A 0 0 40
1B 0 0 40
1C 0 0 40
1D 0 0 40
1E 0 0 40
1F 0 0 40
20 0 0 40
21 0 0 40
22 0 0 40
23 0 0 40
24 0 0 40
25 0 0 40
26 0 0 40
27 0 0 40
28 0 0 40
29 0 0 40
2A 0 0 40
2B 0 0 40
2C 0 0 40
2D 0 0 40
2E 0 0 40
2F 0 0 40
30 0 0 40
31 0 0 40
32 0 0 40
33 0 0 40
34 0 0 40
35 0 0 40
36 0 0 40
37 0 0 40
38 0 0 40
39 0 0 40
3A 0 0 40
3B 0 0 40
3C 0 0 40
3D 0 0 40
3E 0 0 40
3F 0 0 40
40 0 0 40
41 0 0 40
42 0 0 40
43 0 0 40
44 0 0 40
45 0 0 40
46 0 0 40
47 0 0 40
48 0 0 40
49 0 0 40
4A 0 0 40
4B 0 0 40
4C 0 0 40
4D 0 0 40
4E 0 0 40
4F 0 0 40
50 0 0 40
51 0 0 40
52 0 0 40
53 0 0 40
54 0 0 40
55 0 0 40
56 0 0 40
57 0 0 40
58 0 0 40
59 0 0 40
5A 0 0 40
5B 0 0 40
5C 0 0 40
5D 0 0 40
5E 0 0 40
5F 0 0 40
60 0 0 40
61 0 0 40
62 0 0 40
63 0 0 40
64 0 0 40
65 0 0 40
66 0 0 40
67 0 0 40
68 0 0 40
69 0 0 40
6A 0 0 40
6B 0 0 40
6C 0 0 40
6D 0 0 40
6E 0 0 40
6F 0 0 40
70 0 0 40
71 0 0 40
72 0 0 40
73 0 0 40
74 0 0 40
75 0 0 40
76 0 0 40
77 0 0 40
78 0 0 40
79 0 0 40
7A 0 0 40
7B 0 0 40
7C 0 0 40
7D 0 0 40
7E 0 0 40
7F 0 0 40
80 0 0 40
81 0 0 40
82 0 0 40
83 0 0 40
84 0 0 40
85 0 0 40
86 0 0 40
87 0 0 40
88 0 0 40
89 0 0 40
8A 0 0 40
8B 0 0 40
8C 0 0 40
8D 0 0 40
8E 0 0 40
8F 0 0 40
90 0 0 40
91 0 0 40
92 0 0 40
93 0 0 40
94 0 0 40
95 0 0 40
96 0 0 40
97 0 0 40
98 0 0 40
99 0 0 40
9A 0 0 40
9B 0 0 40
9C 0 0 40
9D 0 0 40
9E 0 0 40
9F 0 0 40
A0 0 0 40
A1 0 0 40
A2 0 0 40
A3 0 0 40
A4 0 0 40
A5 0 0 40
A6 0 0 40
A7 0 0 40
A8 0 0 40
A9 0 0 40
AA 0 0 40
AB 0 0 40
AC 0 0 40
AD 0 0 40
AE 0 0 40
AF 0 0 40
B0 0 0 40
B1 0 0 40
B2 0 0 40
B3 0 0 40
B4 0 0 40
B5 0 0 40
B6 0 0 40
B7 0 0 40
B8 0 0 40
B9 0 0 40
BA 0 0 40
BB 0 0 40
BC 0 0 40
BD 0 0 40
BE 0 0 40
BF 0 0 40
C0 0 0 40
C1 0 0 40
C2 0 0 40
C3 0 0 40
C4 0 0 40
C5 0 0 40
C6 0 0 40
C7 0 0 40
C8 0 0 40
C9 0 0 40
CA 0 0 40
CB 0 0 40
CC 0 0 40
CD 0 0 40
CE 0 0 40
CF 0 0 40
D0 0 0 40
D1 0 0 40
D2 0 0 40
D3 0 0 40
D4 0 0 40
D5 0 0 40
D6 0 0 40
D7 0 0 40
D8 0 0 40
D9 0 0 40
DA 0 0 40
DB 0 0 40
DC 0 0 40
DD 0 0 40
DE 0 0 40
DF 0 0 40
E0 0 0 40
E1 0 0 40
E2 0 0 40
E3 0 0 40
E4 0 0 40
E5 0 0 40
E6 0 0 40
E7 0 0 40
E8 0 0 40
E9 0 0 40
EA 0 0 40
EB 0 0 40
EC 0 0 40
ED 0 0 40
EE 0 0 40
EF 0 0 40
F0 0 0 40
F1 0 0 40
F2 0 0 40
F3 0 0 40
F4 0 0 40
F5 0 0 40
F6 0 0 40
F7 0 0 40
F8 0 0 40
F9 0 0 40
FA 0 0 40
FB 0 0 40
FC 0 0 40
FD 0 0 40
FE 0 0 40
FF 0 0 40
00 0 0 40
01 0 0 40
02 0 0 40
03 0 0 40
04 0 0 40
05 0 0 40
06 0 0 40
07 0 0 40
08 0 0 40
09 0 0 40
0A 0 0 40
0B 0 0 40
0C 0 0 40
0D 0 0 40
0E 0 0 40
0F 0 0 40
10 0 0 40
11 0 0 40
12 0 0 40
13 0 0 40
14 0 0 40
15 0 0 40
16 0 0 40
17 0 0 40
18 0 0 40
19 0 0 40
1A 0 0 40
1B 0 0 40
1C 0 0 40
1D 0 0 40
1E 0 0 40
1F 0 0 40
20 0 0 40
21 0 0 40
22 0 0 40
23 0 0 40
24 0 0 40
25 0 0 40
26 0 0 40
27 0 0 40
28 0 0 40
29 0 0 40
2A 0 0 40
2B 0 0 40
2C 0 0 40
2D 0 0 40
2E 0 0 40
2F 0 0 40
30 0 0 40
31 0 0 40
32 0 0 40
33 0 0 40
34 0 0 40
35 0 0 40
36 0 0 40
37 0 0 40
38 0 0 40
39 0 0 40
3A 0 0 40
3B 0 0 40
3C 0 0 40
3D 0 0 40
3E 0 0 40
3F 0 0 40
40 0 0 40
41 0 0 40
42 0 0 40
43 0 0 40
44 0 0 40
45 0 0 40
46 0 0 40
47 0 0 40
48 0 0 40
49 0 0 40
4A 0 0 40
4B 0 0 40
4C 0 0 40
4D 0 0 40
4E 0 0 40
4F 0 0 40
50 0 0 40
51 0 0 40
52 0 0 40
53 0 0 40
54 0 0 40
55 0 0 40
56 0 0 40
57 0 0 40
58 0 0 40
59 0 0 40
5A 0 0 40
5B 0 0 40
5C 0 0 40
5D 0 0 40
5E 0 0 40
5F 0 0 40
60 0 0 40
61 0 0 40
62 0 0 40
63 0 0 40
64 0 0 40
65 0 0 40
66 0 0 40
67 0 0 40
68 0 0 40
69 0 0 40
6A 0 0 40
6B 0 0 40
6C 0 0 40
6D 0 0 40
6E 0 0 40
6F 0 0 40
70 0 0 40
71 0 0 40
72 0 0 40
73 0 0 40
74 0 0 40
75 0 0 40
76 0 0 40
77 0 0 40
78 0 0 40
79 0 0 40
7A 0 0 40
7B 0 0 40
7C 0 0 40
7D 0 0 40
7E 0 0 40
7F 0 0 40
80 0 0 40
81 0 0 40
82 0 0 40
83 0 0 40
84 0 0 40
85 0 0 40
86 0 0 40
87 0 0 40
88 0 0 40
89 0 0 40
8A 0 0 40
8B 0 0 40
8C 0 0 40
8D 0 0 40
8E 0 0 40
8F 0 0 40
90 0 0 40
91 0 0 40
92 0 0 40
93 0 0 40
94 0 0 40
95 0 0 40
96 0 0 40
97 0 0 40
98 0 0 40
99 0 0 40
9A 0 0 40
9B 0 0 40
9C 0 0 40
9D 0 0 40
9E 0 0 40
9F 0 0 40
A0 0 0 40
A1 0 0 40
A2 0 0 40
A3 0 0 40
A4 0 0 40
A5 0 0 40
A6 0 0 40
A7 0 0 40
A8 0 0 40
A9 0 0 40
AA 0 0 40
AB 0 0 40
AC 0 0 40
AD 0 0 40
AE 0 0 40
AF 0 0 40
B0 0 0 40
B1 0 0 40
B2 0 0 40
B3 0 0 40
B4 0 0 40
B5 0 0 40
B6 0 0 40
B7 0 0 40
B8 0 0 40
B9 0 0 40
BA 0 0 40
BB 0 0 40
BC 0 0 40
BD 0 0 40
BE 0 0 40
BF 0 0 40
C0 0 0 40
C1 0 0 40
C2 0 0 40
C3 0 0 40
C4 0 0 40
C5 0 0 40
C6 0 0 40
C7 0 0 40
C8 0 0 40
C9 0 0 40
CA 0 0 40
CB 0 0 40
CC 0 0 40
CD 0 0 40
CE 0 0 40
CF 0 0 40
D0 0 0 40
D1 0 0 40
D2 0 0 40
D3 0 0 40
D4 0 0 40
D5 0 0 40
D6 0 0 40
D7 0 0 40
D8 0 0 40
D9 0 0 40
DA 0 0 40
DB 0 0 40
DC 0 0 40
DD 0 0 40
DE 0 0 40
DF 0 0 40
E0 0 0 40
E1 0 0 40
E2 0 0 40
E3 0 0 40
E4 0 0 40
E5 0 0 40
E6 0 0 40
E7 0 0 40
E8 0 0 40
E9 0 0 40
EA 0 0 40
EB 0 0 40
EC 0 0 40
ED 0 0 40
EE 0 0 40
EF 0 0 40
F0 0 0 40
F1 0 0 40
F2 0 0 40
F3 0 0 40
F4 0 0 40
F5 0 0 40
F6 0 0 40
F7 0 0 40
F8 0 0 40
F9 0 0 40
FA 0 0 40
FB 0 0 40
FC 0 0 40
FD 0 0 40
FE 0 0 40
FF 0 0 40
00 0 0 40
01 0 0 40
02 0 0 40
03 0 0 40
04 0 0 40
05 0 0 40
06 0 0 40
07 0 0 40
08 0 0 40
09 0 0 40
0A 0 0 40
0B 0 0 40
0C 0 0 40
0D 0 0 40
0E 0 0 40
0F 0 0 40
10 0 0 40
11 0 0 40
12 0 0 40
13 0 0 40
14 0 0 40
15 0 0 40
16 0 0 40
17 0 0 40
18 0 0 40
19 0 0 40
1A 0 0 40
1B 0 0 40
1C 0 0 40
1D 0 0 40
1E 0 0 40
1F 0 0 40
20 0 0 40
21 0 0 40
22 0 0 40
23 0 0 40
24 0 0 40
25 0 0 40
26 0 0 40
27 0 0 40
28 0 0 40
29 0 0 40
2A 0 0 40
2B 0 0 40
2C 0 0 40
2D 0 0 40
2E 0 0 40
2F 0 0 40
30 0 0 40
31 0 0 40
32 0 0 40
33 0 0 40
34 0 0 40
35 0 0 40
36 0 0 40
37 0 0 40
38 0 0 40
39 0 0 40
3A 0 0 40
3B 0 0 40
3C 0 0 40
3D 0 0 40
3E 0 0 40
3F 0 0 40
40 0 0 40
41 0 0 40
42 0 0 40
43 0 0 40
44 0 0 40
45 0 0 40
46 0 0 40
47 0 0 40
48 0 0 40
49 0 0 40
4A 0 0 40
4B 0 0 40
4C 0 0 40
4D 0 0 40
4E 0 0 40
4F 0 0 40
50 0 0 40
51 0 0 40
52 0 0 40
53 0 0 40
54 0 0 40
55 0 0 40
56 0 0 40
57 0 0 40
58 0 0 40
59 0 0 40
5A 0 0 40
5B 0 0 40
5C 0 0 40
5D 0 0 40
5E 0 0 40
5F 0 0 40
60 0 0 40
61 0 0 40
62 0 0 40
63 0 0 40
64 0 0 40
65 0 0 40
66 0 0 40
67 0 0 40
68 0 0 40
69 0 0 40
6A 0 0 40
6B 0 0 40
6C 0 0 40
6D 0 0 40
6E 0 0 40
6F 0 0 40
70 0 0 40
71 0 0 40
72 0 0 40
73 0 0 40
74 0 0 40
75 0 0 40
76 0 0 40
77 0 0 40
78 0 0 40
79 0 0 40
7A 0 0 40
7B 0 0 40
7C 0 0 40
7D 0 0 40
7E 0 0 40
7F 0 0 40
80 0 0 40
81 0 0 40
82 0 0 40
83 0 0 40
84 0 0 40
85 0 0 40
86 0 0 40
87 0 0 40
88 0 0 40
89 0 0 40
8A 0 0 40
8B 0 0 40
8C 0 0 40
8D 0 0 40
8E 0 0 40
8F 0 0 40
90 0 0 40
91 0 0 40
92 0 0 40
93 0 0 40
94 0 0 40
95 0 0 40
96 0 0 40
97 0 0 40
98 0 0 40
99 0 0 40
9A 0 0 40
9B 0 0 40
9C 0 0 40
9D 0 0 40
9E 0 0 40
9F 0 0 40
A0 0 0 40
A1 0 0 40
A2 0 0 40
A3 0 0 40
A4 0 0 40
A5 0 0 40
A6 0 0 40
A7 0 0 40
A8 0 0 40
A9 0 0 40
AA 0 0 40
AB 0 0 40
AC 0 0 40
AD 0 0 40
AE 0 0 40
AF 0 0 40
B0 0 0 40
B1 0 0 40
B2 0 0 40
B3 0 0 40
B4 0 0 40
B5 0 0 40
B6 0 0 40
B7 0 0 40
B8 0 0 40
B9 0 0 40
BA 0 0 40
BB 0 0 40
BC 0 0 40
BD 0 0 40
BE 0 0 40
BF 0 0 40
C0 0 0 40
C1 0 0 40
C2 0 0 40
C3 0 0 40
C4 0 0 40
C5 0 0 40
C6 0 0 40
C7 0 0 40
C8 0 0 40
C9 0 0 40
CA 0 0 40
CB 0 0 40
CC 0 0 40
CD 0 0 40
CE 0 0 40
CF 0 0 40
D0 0 0 40
D1 0 0 40
D2 0 0 40
D3 0 0 40
D4 0 0 40
D5 0 0 40
D6 1 0 40
