# data last user frame sfdCycle
00 0 0 1 19
0A 0 0 1 19
35 0 0 1 19
01 0 0 1 19
02 0 0 1 19
03 0 0 1 19
DE 0 0 1 19
AD 0 0 1 19
BE 0 0 1 19
EF 0 0 1 19
00 0 0 1 19
01 0 0 1 19
08 0 0 1 19
00 0 0 1 19
01 0 0 1 19
00 0 0 1 19
00 0 0 1 19
00 0 0 1 19
00 0 0 1 19
00 0 0 1 19
00 0 0 1 19
00 0 0 1 19
00 0 0 1 19
00 0 0 1 19
00 0 0 1 19
00 0 0 1 19
00 0 0 1 19
00 0 0 1 19
00 0 0 1 19
00 0 0 1 19
00 0 0 1 19
00 0 0 1 19
00 0 0 1 19
00 0 0 1 19
00 0 0 1 19
00 0 0 1 19
00 0 0 1 19
00 0 0 1 19
00 0 0 1 19
00 0 0 1 19
00 0 0 1 19
00 0 0 1 19
00 0 0 1 19
00 0 0 1 19
00 0 0 1 19
00 0 0 1 19
00 0 0 1 19
00 0 0 1 19
00 0 0 1 19
00 0 0 1 19
00 0 0 1 19
00 0 0 1 19
00 0 0 1 19
00 0 0 1 19
00 0 0 1 19
00 0 0 1 19
00 0 0 1 19
00 0 0 1 19
00 0 0 1 19
00 1 1 1 19
00 0 0 2 103
0A 0 0 2 103
35 0 0 2 103
01 0 0 2 103
02 0 0 2 103
03 0 0 2 103
DE 0 0 2 103
AD 0 0 2 103
BE 0 0 2 103
EF 0 0 2 103
00 0 0 2 103
01 0 0 2 103
08 0 0 2 103
00 0 0 2 103
02 0 0 2 103
03 0 0 2 103
04 0 0 2 103
05 0 0 2 103
06 0 0 2 103
07 0 0 2 103
08 0 0 2 103
09 0 0 2 103
0A 0 0 2 103
0B 0 0 2 103
0C 0 0 2 103
0D 0 0 2 103
0E 0 0 2 103
0F 0 0 2 103
10 0 0 2 103
11 0 0 2 103
12 0 0 2 103
13 0 0 2 103
14 0 0 2 103
15 0 0 2 103
16 0 0 2 103
17 0 0 2 103
18 0 0 2 103
19 0 0 2 103
1A 0 0 2 103
1B 0 0 2 103
1C 0 0 2 103
1D 0 0 2 103
1E 0 0 2 103
1F 0 0 2 103
20 0 0 2 103
21 0 0 2 103
22 0 0 2 103
23 0 0 2 103
24 0 0 2 103
25 0 0 2 103
26 0 0 2 103
27 0 0 2 103
28 0 0 2 103
29 0 0 2 103
2A 0 0 2 103
2B 0 0 2 103
2C 0 0 2 103
2D 0 0 2 103
2E 0 0 2 103
00 0 0 2 103
E7 0 0 2 103
E5 0 0 2 103
B5 0 0 2 103
FB 0 0 2 103
00 0 0 2 103
01 0 0 2 103
02 0 0 2 103
03 0 0 2 103
04 0 0 2 103
05 0 0 2 103
06 0 0 2 103
07 0 0 2 103
08 0 0 2 103
09 0 0 2 103
0A 0 0 2 103
0B 0 0 2 103
0C 0 0 2 103
0D 0 0 2 103
0E 0 0 2 103
0F 0 0 2 103
10 0 0 2 103
11 0 0 2 103
12 0 0 2 103
13 0 0 2 103
14 0 0 2 103
15 0 0 2 103
16 0 0 2 103
17 0 0 2 103
18 0 0 2 103
19 0 0 2 103
1A 0 0 2 103
1B 0 0 2 103
1C 0 0 2 103
1D 0 0 2 103
1E 0 0 2 103
1F 0 0 2 103
20 0 0 2 103
21 0 0 2 103
22 0 0 2 103
23 0 0 2 103
24 0 0 2 103
25 0 0 2 103
26 0 0 2 103
27 0 0 2 103
28 0 0 2 103
29 0 0 2 103
2A 0 0 2 103
2B 0 0 2 103
2C 0 0 2 103
2D 0 0 2 103
2E 0 0 2 103
2F 0 0 2 103
30 0 0 2 103
31 0 0 2 103
32 0 0 2 103
33 0 0 2 103
34 0 0 2 103
35 0 0 2 103
36 0 0 2 103
37 0 0 2 103
38 0 0 2 103
39 0 0 2 103
3A 0 0 2 103
3B 0 0 2 103
3C 0 0 2 103
3D 0 0 2 103
3E 0 0 2 103
3F 0 0 2 103
40 0 0 2 103
41 0 0 2 103
42 0 0 2 103
43 0 0 2 103
44 0 0 2 103
45 0 0 2 103
46 0 0 2 103
47 0 0 2 103
48 0 0 2 103
49 0 0 2 103
4A 0 0 2 103
4B 0 0 2 103
4C 0 0 2 103
4D 0 0 2 103
4E 0 0 2 103
4F 0 0 2 103
50 0 0 2 103
51 0 0 2 103
52 0 0 2 103
53 0 0 2 103
54 0 0 2 103
55 0 0 2 103
56 0 0 2 103
57 0 0 2 103
58 0 0 2 103
59 0 0 2 103
5A 0 0 2 103
5B 0 0 2 103
5C 0 0 2 103
5D 0 0 2 103
5E 0 0 2 103
5F 0 0 2 103
60 0 0 2 103
61 0 0 2 103
62 0 0 2 103
63 0 0 2 103
64 0 0 2 103
65 0 0 2 103
66 0 0 2 103
67 0 0 2 103
68 0 0 2 103
69 0 0 2 103
6A 0 0 2 103
6B 0 0 2 103
6C 0 0 2 103
6D 0 0 2 103
6E 0 0 2 103
6F 0 0 2 103
70 0 0 2 103
71 0 0 2 103
72 0 0 2 103
73 0 0 2 103
74 0 0 2 103
75 0 0 2 103
76 0 0 2 103
77 0 0 2 103
78 0 0 2 103
79 0 0 2 103
7A 0 0 2 103
7B 0 0 2 103
7C 0 0 2 103
7D 0 0 2 103
7E 0 0 2 103
7F 0 0 2 103
80 0 0 2 103
81 0 0 2 103
82 0 0 2 103
83 0 0 2 103
84 0 0 2 103
85 0 0 2 103
86 0 0 2 103
87 0 0 2 103
88 0 0 2 103
89 0 0 2 103
8A 0 0 2 103
8B 0 0 2 103
8C 0 0 2 103
8D 0 0 2 103
8E 0 0 2 103
8F 0 0 2 103
90 0 0 2 103
91 0 0 2 103
92 0 0 2 103
93 0 0 2 103
94 0 0 2 103
95 0 0 2 103
96 0 0 2 103
97 0 0 2 103
98 0 0 2 103
99 0 0 2 103
9A 0 0 2 103
9B 0 0 2 103
9C 0 0 2 103
9D 0 0 2 103
9E 0 0 2 103
9F 0 0 2 103
A0 0 0 2 103
A1 0 0 2 103
A2 0 0 2 103
A3 0 0 2 103
A4 0 0 2 103
A5 0 0 2 103
A6 0 0 2 103
A7 0 0 2 103
A8 0 0 2 103
A9 0 0 2 103
AA 0 0 2 103
AB 0 0 2 103
AC 0 0 2 103
AD 0 0 2 103
AE 0 0 2 103
AF 0 0 2 103
B0 0 0 2 103
B1 0 0 2 103
B2 0 0 2 103
B3 0 0 2 103
B4 0 0 2 103
B5 0 0 2 103
B6 0 0 2 103
B7 0 0 2 103
B8 0 0 2 103
B9 0 0 2 103
BA 0 0 2 103
BB 0 0 2 103
BC 0 0 2 103
BD 0 0 2 103
BE 0 0 2 103
BF 0 0 2 103
C0 0 0 2 103
C1 0 0 2 103
C2 0 0 2 103
C3 0 0 2 103
C4 0 0 2 103
C5 0 0 2 103
C6 0 0 2 103
C7 0 0 2 103
C8 0 0 2 103
C9 0 0 2 103
CA 0 0 2 103
CB 0 0 2 103
CC 0 0 2 103
CD 0 0 2 103
CE 0 0 2 103
CF 0 0 2 103
D0 0 0 2 103
D1 0 0 2 103
D2 0 0 2 103
D3 0 0 2 103
D4 0 0 2 103
D5 0 0 2 103
D6 0 0 2 103
D7 0 0 2 103
D8 0 0 2 103
D9 0 0 2 103
DA 0 0 2 103
DB 0 0 2 103
DC 0 0 2 103
DD 0 0 2 103
DE 0 0 2 103
DF 0 0 2 103
E0 0 0 2 103
E1 0 0 2 103
E2 0 0 2 103
E3 0 0 2 103
E4 0 0 2 103
E5 0 0 2 103
E6 0 0 2 103
E7 0 0 2 103
E8 0 0 2 103
E9 0 0 2 103
EA 0 0 2 103
EB 0 0 2 103
EC 0 0 2 103
ED 0 0 2 103
EE 0 0 2 103
EF 0 0 2 103
F0 0 0 2 103
F1 0 0 2 103
F2 0 0 2 103
F3 0 0 2 103
F4 0 0 2 103
F5 0 0 2 103
F6 0 0 2 103
F7 0 0 2 103
F8 0 0 2 103
F9 0 0 2 103
FA 0 0 2 103
FB 0 0 2 103
FC 0 0 2 103
FD 0 0 2 103
FE 0 0 2 103
FF 0 0 2 103
00 0 0 2 103
01 0 0 2 103
02 0 0 2 103
03 0 0 2 103
04 0 0 2 103
05 0 0 2 103
06 0 0 2 103
07 0 0 2 103
08 0 0 2 103
09 0 0 2 103
0A 0 0 2 103
0B 0 0 2 103
0C 0 0 2 103
0D 0 0 2 103
0E 0 0 2 103
0F 0 0 2 103
10 0 0 2 103
11 0 0 2 103
12 0 0 2 103
13 0 0 2 103
14 0 0 2 103
15 0 0 2 103
16 0 0 2 103
17 0 0 2 103
18 0 0 2 103
19 0 0 2 103
1A 0 0 2 103
1B 0 0 2 103
1C 0 0 2 103
1D 0 0 2 103
1E 0 0 2 103
1F 0 0 2 103
20 0 0 2 103
21 0 0 2 103
22 0 0 2 103
23 0 0 2 103
24 0 0 2 103
25 0 0 2 103
26 0 0 2 103
27 0 0 2 103
28 0 0 2 103
29 0 0 2 103
2A 0 0 2 103
2B 0 0 2 103
2C 0 0 2 103
2D 0 0 2 103
2E 0 0 2 103
2F 0 0 2 103
30 0 0 2 103
31 0 0 2 103
32 0 0 2 103
33 0 0 2 103
34 0 0 2 103
35 0 0 2 103
36 0 0 2 103
37 0 0 2 103
38 0 0 2 103
39 0 0 2 103
3A 0 0 2 103
3B 0 0 2 103
3C 0 0 2 103
3D 0 0 2 103
3E 0 0 2 103
3F 0 0 2 103
40 0 0 2 103
41 0 0 2 103
42 0 0 2 103
43 0 0 2 103
44 0 0 2 103
45 0 0 2 103
46 0 0 2 103
47 0 0 2 103
48 0 0 2 103
49 0 0 2 103
4A 0 0 2 103
4B 0 0 2 103
4C 0 0 2 103
4D 0 0 2 103
4E 0 0 2 103
4F 0 0 2 103
50 0 0 2 103
51 0 0 2 103
52 0 0 2 103
53 0 0 2 103
54 0 0 2 103
55 0 0 2 103
56 0 0 2 103
57 0 0 2 103
58 0 0 2 103
59 0 0 2 103
5A 0 0 2 103
5B 0 0 2 103
5C 0 0 2 103
5D 0 0 2 103
5E 0 0 2 103
5F 0 0 2 103
60 0 0 2 103
61 0 0 2 103
62 0 0 2 103
63 0 0 2 103
64 0 0 2 103
65 0 0 2 103
66 0 0 2 103
67 0 0 2 103
68 0 0 2 103
69 0 0 2 103
6A 0 0 2 103
6B 0 0 2 103
6C 0 0 2 103
6D 0 0 2 103
6E 0 0 2 103
6F 0 0 2 103
70 0 0 2 103
71 0 0 2 103
72 0 0 2 103
73 0 0 2 103
74 0 0 2 103
75 0 0 2 103
76 0 0 2 103
77 0 0 2 103
78 0 0 2 103
79 0 0 2 103
7A 0 0 2 103
7B 0 0 2 103
7C 0 0 2 103
7D 0 0 2 103
7E 0 0 2 103
7F 0 0 2 103
80 0 0 2 103
81 0 0 2 103
82 0 0 2 103
83 0 0 2 103
84 0 0 2 103
85 0 0 2 103
86 0 0 2 103
87 0 0 2 103
88 0 0 2 103
89 0 0 2 103
8A 0 0 2 103
8B 0 0 2 103
8C 0 0 2 103
8D 0 0 2 103
8E 0 0 2 103
8F 0 0 2 103
90 0 0 2 103
91 0 0 2 103
92 0 0 2 103
93 0 0 2 103
94 0 0 2 103
95 0 0 2 103
96 0 0 2 103
97 0 0 2 103
98 0 0 2 103
99 0 0 2 103
9A 0 0 2 103
9B 0 0 2 103
9C 0 0 2 103
9D 0 0 2 103
9E 0 0 2 103
9F 0 0 2 103
A0 0 0 2 103
A1 0 0 2 103
A2 0 0 2 103
A3 0 0 2 103
A4 0 0 2 103
A5 0 0 2 103
A6 0 0 2 103
A7 0 0 2 103
A8 0 0 2 103
A9 0 0 2 103
AA 0 0 2 103
AB 0 0 2 103
AC 0 0 2 103
AD 0 0 2 103
AE 0 0 2 103
AF 0 0 2 103
B0 0 0 2 103
B1 0 0 2 103
B2 0 0 2 103
B3 0 0 2 103
B4 0 0 2 103
B5 0 0 2 103
B6 0 0 2 103
B7 0 0 2 103
B8 0 0 2 103
B9 0 0 2 103
BA 0 0 2 103
BB 0 0 2 103
BC 0 0 2 103
BD 0 0 2 103
BE 0 0 2 103
BF 0 0 2 103
C0 0 0 2 103
C1 0 0 2 103
C2 0 0 2 103
C3 0 0 2 103
C4 0 0 2 103
C5 0 0 2 103
C6 0 0 2 103
C7 0 0 2 103
C8 0 0 2 103
C9 0 0 2 103
CA 0 0 2 103
CB 0 0 2 103
CC 0 0 2 103
CD 0 0 2 103
CE 0 0 2 103
CF 0 0 2 103
D0 0 0 2 103
D1 0 0 2 103
D2 0 0 2 103
D3 0 0 2 103
D4 0 0 2 103
D5 0 0 2 103
D6 0 0 2 103
D7 0 0 2 103
D8 0 0 2 103
D9 0 0 2 103
DA 0 0 2 103
DB 0 0 2 103
DC 0 0 2 103
DD 0 0 2 103
DE 0 0 2 103
DF 0 0 2 103
E0 0 0 2 103
E1 0 0 2 103
E2 0 0 2 103
E3 0 0 2 103
E4 0 0 2 103
E5 0 0 2 103
E6 0 0 2 103
E7 0 0 2 103
E8 0 0 2 103
E9 0 0 2 103
EA 0 0 2 103
EB 0 0 2 103
EC 0 0 2 103
ED 0 0 2 103
EE 0 0 2 103
EF 0 0 2 103
F0 0 0 2 103
F1 0 0 2 103
F2 0 0 2 103
F3 0 0 2 103
F4 0 0 2 103
F5 0 0 2 103
F6 0 0 2 103
F7 0 0 2 103
F8 0 0 2 103
F9 0 0 2 103
FA 0 0 2 103
FB 0 0 2 103
FC 0 0 2 103
FD 0 0 2 103
FE 0 0 2 103
FF 0 0 2 103
00 0 0 2 103
01 0 0 2 103
02 0 0 2 103
03 0 0 2 103
04 0 0 2 103
05 0 0 2 103
06 0 0 2 103
07 0 0 2 103
08 0 0 2 103
09 0 0 2 103
0A 0 0 2 103
0B 0 0 2 103
0C 0 0 2 103
0D 0 0 2 103
0E 0 0 2 103
0F 0 0 2 103
10 0 0 2 103
11 0 0 2 103
12 0 0 2 103
13 0 0 2 103
14 0 0 2 103
15 0 0 2 103
16 0 0 2 103
17 0 0 2 103
18 0 0 2 103
19 0 0 2 103
1A 0 0 2 103
1B 0 0 2 103
1C 0 0 2 103
1D 0 0 2 103
1E 0 0 2 103
1F 0 0 2 103
20 0 0 2 103
21 0 0 2 103
22 0 0 2 103
23 0 0 2 103
24 0 0 2 103
25 0 0 2 103
26 0 0 2 103
27 0 0 2 103
28 0 0 2 103
29 0 0 2 103
2A 0 0 2 103
2B 0 0 2 103
2C 0 0 2 103
2D 0 0 2 103
2E 0 0 2 103
2F 0 0 2 103
30 0 0 2 103
31 0 0 2 103
32 0 0 2 103
33 0 0 2 103
34 0 0 2 103
35 0 0 2 103
36 0 0 2 103
37 0 0 2 103
38 0 0 2 103
39 0 0 2 103
3A 0 0 2 103
3B 0 0 2 103
3C 0 0 2 103
3D 0 0 2 103
3E 0 0 2 103
3F 0 0 2 103
40 0 0 2 103
41 0 0 2 103
42 0 0 2 103
43 0 0 2 103
44 0 0 2 103
45 0 0 2 103
46 0 0 2 103
47 0 0 2 103
48 0 0 2 103
49 0 0 2 103
4A 0 0 2 103
4B 0 0 2 103
4C 0 0 2 103
4D 0 0 2 103
4E 0 0 2 103
4F 0 0 2 103
50 0 0 2 103
51 0 0 2 103
52 0 0 2 103
53 0 0 2 103
54 0 0 2 103
55 0 0 2 103
56 0 0 2 103
57 0 0 2 103
58 0 0 2 103
59 0 0 2 103
5A 0 0 2 103
5B 0 0 2 103
5C 0 0 2 103
5D 0 0 2 103
5E 0 0 2 103
5F 0 0 2 103
60 0 0 2 103
61 0 0 2 103
62 0 0 2 103
63 0 0 2 103
64 0 0 2 103
65 0 0 2 103
66 0 0 2 103
67 0 0 2 103
68 0 0 2 103
69 0 0 2 103
6A 0 0 2 103
6B 0 0 2 103
6C 0 0 2 103
6D 0 0 2 103
6E 0 0 2 103
6F 0 0 2 103
70 0 0 2 103
71 0 0 2 103
72 0 0 2 103
73 0 0 2 103
74 0 0 2 103
75 0 0 2 103
76 0 0 2 103
77 0 0 2 103
78 0 0 2 103
79 0 0 2 103
7A 0 0 2 103
7B 0 0 2 103
7C 0 0 2 103
7D 0 0 2 103
7E 0 0 2 103
7F 0 0 2 103
80 0 0 2 103
81 0 0 2 103
82 0 0 2 103
83 0 0 2 103
84 0 0 2 103
85 0 0 2 103
86 0 0 2 103
87 0 0 2 103
88 0 0 2 103
89 0 0 2 103
8A 0 0 2 103
8B 0 0 2 103
8C 0 0 2 103
8D 0 0 2 103
8E 0 0 2 103
8F 0 0 2 103
90 0 0 2 103
91 0 0 2 103
92 0 0 2 103
93 0 0 2 103
94 0 0 2 103
95 0 0 2 103
96 0 0 2 103
97 0 0 2 103
98 0 0 2 103
99 0 0 2 103
9A 0 0 2 103
9B 0 0 2 103
9C 0 0 2 103
9D 0 0 2 103
9E 0 0 2 103
9F 0 0 2 103
A0 0 0 2 103
A1 0 0 2 103
A2 0 0 2 103
A3 0 0 2 103
A4 0 0 2 103
A5 0 0 2 103
A6 0 0 2 103
A7 0 0 2 103
A8 0 0 2 103
A9 0 0 2 103
AA 0 0 2 103
AB 0 0 2 103
AC 0 0 2 103
AD 0 0 2 103
AE 0 0 2 103
AF 0 0 2 103
B0 0 0 2 103
B1 0 0 2 103
B2 0 0 2 103
B3 0 0 2 103
B4 0 0 2 103
B5 0 0 2 103
B6 0 0 2 103
B7 0 0 2 103
B8 0 0 2 103
B9 0 0 2 103
BA 0 0 2 103
BB 0 0 2 103
BC 0 0 2 103
BD 0 0 2 103
BE 0 0 2 103
BF 0 0 2 103
C0 0 0 2 103
C1 0 0 2 103
C2 0 0 2 103
C3 0 0 2 103
C4 0 0 2 103
C5 0 0 2 103
C6 0 0 2 103
C7 0 0 2 103
C8 0 0 2 103
C9 0 0 2 103
CA 0 0 2 103
CB 0 0 2 103
CC 0 0 2 103
CD 0 0 2 103
CE 0 0 2 103
CF 0 0 2 103
D0 0 0 2 103
D1 0 0 2 103
D2 0 0 2 103
D3 0 0 2 103
D4 0 0 2 103
D5 0 0 2 103
D6 0 0 2 103
D7 0 0 2 103
D8 0 0 2 103
D9 0 0 2 103
DA 0 0 2 103
DB 0 0 2 103
DC 0 0 2 103
DD 0 0 2 103
DE 0 0 2 103
DF 0 0 2 103
E0 0 0 2 103
E1 0 0 2 103
E2 0 0 2 103
E3 0 0 2 103
E4 0 0 2 103
E5 0 0 2 103
E6 0 0 2 103
E7 0 0 2 103
E8 0 0 2 103
E9 0 0 2 103
EA 0 0 2 103
EB 0 0 2 103
EC 0 0 2 103
ED 0 0 2 103
EE 0 0 2 103
EF 0 0 2 103
F0 0 0 2 103
F1 0 0 2 103
F2 0 0 2 103
F3 0 0 2 103
F4 0 0 2 103
F5 0 0 2 103
F6 0 0 2 103
F7 0 0 2 103
F8 0 0 2 103
F9 0 0 2 103
FA 0 0 2 103
FB 0 0 2 103
FC 0 0 2 103
FD 0 0 2 103
FE 0 0 2 103
FF 0 0 2 103
00 0 0 2 103
01 0 0 2 103
02 0 0 2 103
03 0 0 2 103
04 0 0 2 103
05 0 0 2 103
06 0 0 2 103
07 0 0 2 103
08 0 0 2 103
09 0 0 2 103
0A 0 0 2 103
0B 0 0 2 103
0C 0 0 2 103
0D 0 0 2 103
0E 0 0 2 103
0F 0 0 2 103
10 0 0 2 103
11 0 0 2 103
12 0 0 2 103
13 0 0 2 103
14 0 0 2 103
15 0 0 2 103
16 0 0 2 103
17 0 0 2 103
18 0 0 2 103
19 0 0 2 103
1A 0 0 2 103
1B 0 0 2 103
1C 0 0 2 103
1D 0 0 2 103
1E 0 0 2 103
1F 0 0 2 103
20 0 0 2 103
21 0 0 2 103
22 0 0 2 103
23 0 0 2 103
24 0 0 2 103
25 0 0 2 103
26 0 0 2 103
27 0 0 2 103
28 0 0 2 103
29 0 0 2 103
2A 0 0 2 103
2B 0 0 2 103
2C 0 0 2 103
2D 0 0 2 103
2E 0 0 2 103
2F 0 0 2 103
30 0 0 2 103
31 0 0 2 103
32 0 0 2 103
33 0 0 2 103
34 0 0 2 103
35 0 0 2 103
36 0 0 2 103
37 0 0 2 103
38 0 0 2 103
39 0 0 2 103
3A 0 0 2 103
3B 0 0 2 103
3C 0 0 2 103
3D 0 0 2 103
3E 0 0 2 103
3F 0 0 2 103
40 0 0 2 103
41 0 0 2 103
42 0 0 2 103
43 0 0 2 103
44 0 0 2 103
45 0 0 2 103
46 0 0 2 103
47 0 0 2 103
48 0 0 2 103
49 0 0 2 103
4A 0 0 2 103
4B 0 0 2 103
4C 0 0 2 103
4D 0 0 2 103
4E 0 0 2 103
4F 0 0 2 103
50 0 0 2 103
51 0 0 2 103
52 0 0 2 103
53 0 0 2 103
54 0 0 2 103
55 0 0 2 103
56 0 0 2 103
57 0 0 2 103
58 0 0 2 103
59 0 0 2 103
5A 0 0 2 103
5B 0 0 2 103
5C 0 0 2 103
5D 0 0 2 103
5E 0 0 2 103
5F 0 0 2 103
60 0 0 2 103
61 0 0 2 103
62 0 0 2 103
63 0 0 2 103
64 0 0 2 103
65 0 0 2 103
66 0 0 2 103
67 0 0 2 103
68 0 0 2 103
69 0 0 2 103
6A 0 0 2 103
6B 0 0 2 103
6C 0 0 2 103
6D 0 0 2 103
6E 0 0 2 103
6F 0 0 2 103
70 0 0 2 103
71 0 0 2 103
72 0 0 2 103
73 0 0 2 103
74 0 0 2 103
75 0 0 2 103
76 0 0 2 103
77 0 0 2 103
78 0 0 2 103
79 0 0 2 103
7A 0 0 2 103
7B 0 0 2 103
7C 0 0 2 103
7D 0 0 2 103
7E 0 0 2 103
7F 0 0 2 103
80 0 0 2 103
81 0 0 2 103
82 0 0 2 103
83 0 0 2 103
84 0 0 2 103
85 0 0 2 103
86 0 0 2 103
87 0 0 2 103
88 0 0 2 103
89 0 0 2 103
8A 0 0 2 103
8B 0 0 2 103
8C 0 0 2 103
8D 0 0 2 103
8E 0 0 2 103
8F 0 0 2 103
90 0 0 2 103
91 0 0 2 103
92 0 0 2 103
93 0 0 2 103
94 0 0 2 103
95 0 0 2 103
96 0 0 2 103
97 0 0 2 103
98 0 0 2 103
99 0 0 2 103
9A 0 0 2 103
9B 0 0 2 103
9C 0 0 2 103
9D 0 0 2 103
9E 0 0 2 103
9F 0 0 2 103
A0 0 0 2 103
A1 0 0 2 103
A2 0 0 2 103
A3 0 0 2 103
A4 0 0 2 103
A5 0 0 2 103
A6 0 0 2 103
A7 0 0 2 103
A8 0 0 2 103
A9 0 0 2 103
AA 0 0 2 103
AB 0 0 2 103
AC 0 0 2 103
AD 0 0 2 103
AE 0 0 2 103
AF 0 0 2 103
B0 0 0 2 103
B1 0 0 2 103
B2 0 0 2 103
B3 0 0 2 103
B4 0 0 2 103
B5 0 0 2 103
B6 0 0 2 103
B7 0 0 2 103
B8 0 0 2 103
B9 0 0 2 103
BA 0 0 2 103
BB 0 0 2 103
BC 0 0 2 103
BD 0 0 2 103
BE 0 0 2 103
BF 0 0 2 103
C0 0 0 2 103
C1 0 0 2 103
C2 0 0 2 103
C3 0 0 2 103
C4 0 0 2 103
C5 0 0 2 103
C6 0 0 2 103
C7 0 0 2 103
C8 0 0 2 103
C9 0 0 2 103
CA 0 0 2 103
CB 0 0 2 103
CC 0 0 2 103
CD 0 0 2 103
CE 0 0 2 103
CF 0 0 2 103
D0 0 0 2 103
D1 0 0 2 103
D2 0 0 2 103
D3 0 0 2 103
D4 0 0 2 103
D5 0 0 2 103
D6 0 0 2 103
D7 0 0 2 103
D8 0 0 2 103
D9 0 0 2 103
DA 0 0 2 103
DB 0 0 2 103
DC 0 0 2 103
DD 0 0 2 103
DE 0 0 2 103
DF 0 0 2 103
E0 0 0 2 103
E1 0 0 2 103
E2 0 0 2 103
E3 0 0 2 103
E4 0 0 2 103
E5 0 0 2 103
E6 0 0 2 103
E7 0 0 2 103
E8 0 0 2 103
E9 0 0 2 103
EA 0 0 2 103
EB 0 0 2 103
EC 0 0 2 103
ED 0 0 2 103
EE 0 0 2 103
EF 0 0 2 103
F0 0 0 2 103
F1 0 0 2 103
F2 0 0 2 103
F3 0 0 2 103
F4 0 0 2 103
F5 0 0 2 103
F6 0 0 2 103
F7 0 0 2 103
F8 0 0 2 103
F9 0 0 2 103
FA 0 0 2 103
FB 0 0 2 103
FC 0 0 2 103
FD 0 0 2 103
FE 0 0 2 103
FF 0 0 2 103
00 0 0 2 103
01 0 0 2 103
02 0 0 2 103
03 0 0 2 103
04 0 0 2 103
05 0 0 2 103
06 0 0 2 103
07 0 0 2 103
08 0 0 2 103
09 0 0 2 103
0A 0 0 2 103
0B 0 0 2 103
0C 0 0 2 103
0D 0 0 2 103
0E 0 0 2 103
0F 0 0 2 103
10 0 0 2 103
11 0 0 2 103
12 0 0 2 103
13 0 0 2 103
14 0 0 2 103
15 0 0 2 103
16 0 0 2 103
17 0 0 2 103
18 0 0 2 103
19 0 0 2 103
1A 0 0 2 103
1B 0 0 2 103
1C 0 0 2 103
1D 0 0 2 103
1E 0 0 2 103
1F 0 0 2 103
20 0 0 2 103
21 0 0 2 103
22 0 0 2 103
23 0 0 2 103
24 0 0 2 103
25 0 0 2 103
26 0 0 2 103
27 0 0 2 103
28 0 0 2 103
29 0 0 2 103
2A 0 0 2 103
2B 0 0 2 103
2C 0 0 2 103
2D 0 0 2 103
2E 0 0 2 103
2F 0 0 2 103
30 0 0 2 103
31 0 0 2 103
32 0 0 2 103
33 0 0 2 103
34 0 0 2 103
35 0 0 2 103
36 0 0 2 103
37 0 0 2 103
38 0 0 2 103
39 0 0 2 103
3A 0 0 2 103
3B 0 0 2 103
3C 0 0 2 103
3D 0 0 2 103
3E 0 0 2 103
3F 0 0 2 103
40 0 0 2 103
41 0 0 2 103
42 0 0 2 103
43 0 0 2 103
44 0 0 2 103
45 0 0 2 103
46 0 0 2 103
47 0 0 2 103
48 0 0 2 103
49 0 0 2 103
4A 0 0 2 103
4B 0 0 2 103
4C 0 0 2 103
4D 0 0 2 103
4E 0 0 2 103
4F 0 0 2 103
50 0 0 2 103
51 0 0 2 103
52 0 0 2 103
53 0 0 2 103
54 0 0 2 103
55 0 0 2 103
56 0 0 2 103
57 0 0 2 103
58 0 0 2 103
59 0 0 2 103
5A 0 0 2 103
5B 0 0 2 103
5C 0 0 2 103
5D 0 0 2 103
5E 0 0 2 103
5F 0 0 2 103
60 0 0 2 103
61 0 0 2 103
62 0 0 2 103
63 0 0 2 103
64 0 0 2 103
65 0 0 2 103
66 0 0 2 103
67 0 0 2 103
68 0 0 2 103
69 0 0 2 103
6A 0 0 2 103
6B 0 0 2 103
6C 0 0 2 103
6D 0 0 2 103
6E 0 0 2 103
6F 0 0 2 103
70 0 0 2 103
71 0 0 2 103
72 0 0 2 103
73 0 0 2 103
74 0 0 2 103
75 0 0 2 103
76 0 0 2 103
77 0 0 2 103
78 0 0 2 103
79 0 0 2 103
7A 0 0 2 103
7B 0 0 2 103
7C 0 0 2 103
7D 0 0 2 103
7E 0 0 2 103
7F 0 0 2 103
80 0 0 2 103
81 0 0 2 103
82 0 0 2 103
83 0 0 2 103
84 0 0 2 103
85 0 0 2 103
86 0 0 2 103
87 0 0 2 103
88 0 0 2 103
89 0 0 2 103
8A 0 0 2 103
8B 0 0 2 103
8C 0 0 2 103
8D 0 0 2 103
8E 0 0 2 103
8F 0 0 2 103
90 0 0 2 103
91 0 0 2 103
92 0 0 2 103
93 0 0 2 103
94 0 0 2 103
95 0 0 2 103
96 0 0 2 103
97 0 0 2 103
98 0 0 2 103
99 0 0 2 103
9A 0 0 2 103
9B 0 0 2 103
9C 0 0 2 103
9D 0 0 2 103
9E 0 0 2 103
9F 0 0 2 103
A0 0 0 2 103
A1 0 0 2 103
A2 0 0 2 103
A3 0 0 2 103
A4 0 0 2 103
A5 0 0 2 103
A6 0 0 2 103
A7 0 0 2 103
A8 0 0 2 103
A9 0 0 2 103
AA 0 0 2 103
AB 0 0 2 103
AC 0 0 2 103
AD 0 0 2 103
AE 0 0 2 103
AF 0 0 2 103
B0 0 0 2 103
B1 0 0 2 103
B2 0 0 2 103
B3 0 0 2 103
B4 0 0 2 103
B5 0 0 2 103
B6 0 0 2 103
B7 0 0 2 103
B8 0 0 2 103
B9 0 0 2 103
BA 0 0 2 103
BB 0 0 2 103
BC 0 0 2 103
BD 0 0 2 103
BE 0 0 2 103
BF 0 0 2 103
C0 0 0 2 103
C1 0 0 2 103
C2 0 0 2 103
C3 0 0 2 103
C4 0 0 2 103
C5 0 0 2 103
C6 0 0 2 103
C7 0 0 2 103
C8 0 0 2 103
C9 0 0 2 103
CA 0 0 2 103
CB 0 0 2 103
CC 0 0 2 103
CD 0 0 2 103
CE 0 0 2 103
CF 0 0 2 103
D0 0 0 2 103
D1 0 0 2 103
D2 0 0 2 103
D3 0 0 2 103
D4 0 0 2 103
D5 0 0 2 103
D6 0 0 2 103
D7 0 0 2 103
D8 0 0 2 103
D9 0 0 2 103
DA 0 0 2 103
DB 0 0 2 103
DC 0 0 2 103
DD 0 0 2 103
DE 0 0 2 103
DF 0 0 2 103
E0 0 0 2 103
E1 0 0 2 103
E2 0 0 2 103
E3 0 0 2 103
E4 0 0 2 103
E5 0 0 2 103
E6 0 0 2 103
E7 0 0 2 103
E8 0 0 2 103
E9 0 0 2 103
EA 0 0 2 103
EB 0 0 2 103
EC 0 0 2 103
ED 0 0 2 103
EE 0 0 2 103
EF 0 0 2 103
F0 0 0 2 103
F1 0 0 2 103
F2 0 0 2 103
F3 0 0 2 103
F4 0 0 2 103
F5 0 0 2 103
F6 0 0 2 103
F7 0 0 2 103
F8 0 0 2 103
F9 0 0 2 103
FA 0 0 2 103
FB 0 0 2 103
FC 0 0 2 103
FD 0 0 2 103
FE 0 0 2 103
FF 0 0 2 103
00 0 0 2 103
01 0 0 2 103
02 0 0 2 103
03 0 0 2 103
04 0 0 2 103
05 0 0 2 103
06 0 0 2 103
07 0 0 2 103
08 0 0 2 103
09 0 0 2 103
0A 0 0 2 103
0B 0 0 2 103
0C 0 0 2 103
0D 0 0 2 103
0E 0 0 2 103
0F 0 0 2 103
10 0 0 2 103
11 0 0 2 103
12 0 0 2 103
13 0 0 2 103
14 0 0 2 103
15 0 0 2 103
16 0 0 2 103
17 0 0 2 103
18 0 0 2 103
19 0 0 2 103
1A 0 0 2 103
1B 0 0 2 103
1C 0 0 2 103
1D 0 0 2 103
1E 0 0 2 103
1F 0 0 2 103
20 0 0 2 103
21 0 0 2 103
22 0 0 2 103
23 0 0 2 103
24 0 0 2 103
25 0 0 2 103
26 0 0 2 103
27 0 0 2 103
28 0 0 2 103
29 0 0 2 103
2A 0 0 2 103
2B 0 0 2 103
2C 0 0 2 103
2D 0 0 2 103
2E 0 0 2 103
2F 0 0 2 103
30 0 0 2 103
31 0 0 2 103
32 0 0 2 103
33 0 0 2 103
34 0 0 2 103
35 0 0 2 103
36 0 0 2 103
37 0 0 2 103
38 0 0 2 103
39 0 0 2 103
3A 0 0 2 103
3B 0 0 2 103
3C 0 0 2 103
3D 0 0 2 103
3E 0 0 2 103
3F 0 0 2 103
40 0 0 2 103
41 0 0 2 103
42 0 0 2 103
43 0 0 2 103
44 0 0 2 103
45 0 0 2 103
46 0 0 2 103
47 0 0 2 103
48 0 0 2 103
49 0 0 2 103
4A 0 0 2 103
4B 0 0 2 103
4C 0 0 2 103
4D 0 0 2 103
4E 0 0 2 103
4F 0 0 2 103
50 0 0 2 103
51 0 0 2 103
52 0 0 2 103
53 0 0 2 103
54 0 0 2 103
55 0 0 2 103
56 0 0 2 103
57 0 0 2 103
58 0 0 2 103
59 0 0 2 103
5A 0 0 2 103
5B 0 0 2 103
5C 0 0 2 103
5D 0 0 2 103
5E 0 0 2 103
5F 0 0 2 103
60 0 0 2 103
61 0 0 2 103
62 0 0 2 103
63 0 0 2 103
64 0 0 2 103
65 0 0 2 103
66 0 0 2 103
67 0 0 2 103
68 0 0 2 103
69 0 0 2 103
6A 0 0 2 103
6B 0 0 2 103
6C 0 0 2 103
6D 0 0 2 103
6E 0 0 2 103
6F 0 0 2 103
70 0 0 2 103
71 0 0 2 103
72 0 0 2 103
73 0 0 2 103
74 0 0 2 103
75 0 0 2 103
76 0 0 2 103
77 0 0 2 103
78 0 0 2 103
79 0 0 2 103
7A 0 0 2 103
7B 0 0 2 103
7C 0 0 2 103
7D 0 0 2 103
7E 0 0 2 103
7F 0 0 2 103
80 0 0 2 103
81 0 0 2 103
82 0 0 2 103
83 0 0 2 103
84 0 0 2 103
85 0 0 2 103
86 0 0 2 103
87 0 0 2 103
88 0 0 2 103
89 0 0 2 103
8A 0 0 2 103
8B 0 0 2 103
8C 0 0 2 103
8D 0 0 2 103
8E 0 0 2 103
8F 0 0 2 103
90 0 0 2 103
91 0 0 2 103
92 0 0 2 103
93 0 0 2 103
94 0 0 2 103
95 0 0 2 103
96 0 0 2 103
97 0 0 2 103
98 0 0 2 103
99 0 0 2 103
9A 0 0 2 103
9B 0 0 2 103
9C 0 0 2 103
9D 0 0 2 103
9E 0 0 2 103
9F 0 0 2 103
A0 0 0 2 103
A1 0 0 2 103
A2 0 0 2 103
A3 0 0 2 103
A4 0 0 2 103
A5 0 0 2 103
A6 0 0 2 103
A7 0 0 2 103
A8 0 0 2 103
A9 0 0 2 103
AA 1 0 2 103
00 0 0 3 1642
0A 0 0 3 1642
35 0 0 3 1642
01 0 0 3 1642
02 0 0 3 1642
03 0 0 3 1642
DE 0 0 3 1642
AD 0 0 3 1642
BE 0 0 3 1642
EF 0 0 3 1642
00 0 0 3 1642
01 0 0 3 1642
08 0 0 3 1642
00 0 0 3 1642
03 0 0 3 1642
04 0 0 3 1642
05 0 0 3 1642
06 0 0 3 1642
07 0 0 3 1642
08 0 0 3 1642
09 0 0 3 1642
0A 0 0 3 1642
0B 0 0 3 1642
0C 0 0 3 1642
0D 0 0 3 1642
0E 0 0 3 1642
0F 0 0 3 1642
10 0 0 3 1642
11 0 0 3 1642
12 0 0 3 1642
13 0 0 3 1642
14 0 0 3 1642
15 0 0 3 1642
16 0 0 3 1642
17 0 0 3 1642
18 0 0 3 1642
19 0 0 3 1642
1A 0 0 3 1642
1B 0 0 3 1642
1C 0 0 3 1642
1D 0 0 3 1642
1E 0 0 3 1642
1F 0 0 3 1642
20 0 0 3 1642
21 0 0 3 1642
22 0 0 3 1642
23 0 0 3 1642
24 0 0 3 1642
25 0 0 3 1642
26 0 0 3 1642
27 0 0 3 1642
28 0 0 3 1642
29 0 0 3 1642
2A 0 0 3 1642
2B 0 0 3 1642
2C 0 0 3 1642
2D 0 0 3 1642
2E 0 0 3 1642
2F 0 0 3 1642
30 1 1 3 1642
00 0 0 4 1726
0A 0 0 4 1726
35 0 0 4 1726
01 0 0 4 1726
02 0 0 4 1726
03 0 0 4 1726
DE 0 0 4 1726
AD 0 0 4 1726
BE 0 0 4 1726
EF 0 0 4 1726
00 0 0 4 1726
01 0 0 4 1726
08 0 0 4 1726
00 0 0 4 1726
04 0 0 4 1726
05 0 0 4 1726
06 0 0 4 1726
07 0 0 4 1726
08 0 0 4 1726
09 0 0 4 1726
0A 0 0 4 1726
0B 0 0 4 1726
0C 0 0 4 1726
0D 0 0 4 1726
0E 0 0 4 1726
0F 0 0 4 1726
10 0 0 4 1726
11 0 0 4 1726
12 0 0 4 1726
13 0 0 4 1726
14 0 0 4 1726
15 0 0 4 1726
16 0 0 4 1726
17 0 0 4 1726
18 0 0 4 1726
19 0 0 4 1726
1A 0 0 4 1726
1B 0 0 4 1726
1C 0 0 4 1726
1D 0 0 4 1726
1E 0 0 4 1726
1F 0 0 4 1726
20 0 0 4 1726
21 0 0 4 1726
22 0 0 4 1726
23 0 0 4 1726
24 0 0 4 1726
25 0 0 4 1726
26 0 0 4 1726
27 0 0 4 1726
28 0 0 4 1726
29 0 0 4 1726
2A 0 0 4 1726
2B 0 0 4 1726
2C 0 0 4 1726
2D 0 0 4 1726
2E 0 0 4 1726
2F 0 0 4 1726
30 0 0 4 1726
31 0 0 4 1726
32 0 0 4 1726
68 0 0 4 1726
0B 0 0 4 1726
F8 0 0 4 1726
7C 0 0 4 1726
00 0 0 4 1726
01 0 0 4 1726
02 0 0 4 1726
03 0 0 4 1726
04 0 0 4 1726
05 0 0 4 1726
06 0 0 4 1726
07 0 0 4 1726
08 0 0 4 1726
09 0 0 4 1726
0A 0 0 4 1726
0B 0 0 4 1726
0C 0 0 4 1726
0D 0 0 4 1726
0E 0 0 4 1726
0F 0 0 4 1726
10 0 0 4 1726
11 0 0 4 1726
12 0 0 4 1726
13 0 0 4 1726
14 0 0 4 1726
15 0 0 4 1726
16 0 0 4 1726
17 0 0 4 1726
18 0 0 4 1726
19 0 0 4 1726
1A 0 0 4 1726
1B 0 0 4 1726
1C 0 0 4 1726
1D 0 0 4 1726
1E 0 0 4 1726
1F 0 0 4 1726
20 0 0 4 1726
21 0 0 4 1726
22 0 0 4 1726
23 0 0 4 1726
24 0 0 4 1726
25 0 0 4 1726
26 0 0 4 1726
27 0 0 4 1726
28 0 0 4 1726
29 0 0 4 1726
2A 0 0 4 1726
2B 0 0 4 1726
2C 0 0 4 1726
2D 0 0 4 1726
2E 0 0 4 1726
2F 0 0 4 1726
30 0 0 4 1726
31 0 0 4 1726
32 0 0 4 1726
33 0 0 4 1726
34 0 0 4 1726
35 0 0 4 1726
36 0 0 4 1726
37 0 0 4 1726
38 0 0 4 1726
39 0 0 4 1726
3A 0 0 4 1726
3B 0 0 4 1726
3C 0 0 4 1726
3D 0 0 4 1726
3E 0 0 4 1726
3F 0 0 4 1726
40 0 0 4 1726
41 0 0 4 1726
42 0 0 4 1726
43 0 0 4 1726
44 0 0 4 1726
45 0 0 4 1726
46 0 0 4 1726
47 0 0 4 1726
48 0 0 4 1726
49 0 0 4 1726
4A 0 0 4 1726
4B 0 0 4 1726
4C 0 0 4 1726
4D 0 0 4 1726
4E 0 0 4 1726
4F 0 0 4 1726
50 0 0 4 1726
51 0 0 4 1726
52 0 0 4 1726
53 0 0 4 1726
54 0 0 4 1726
55 0 0 4 1726
56 0 0 4 1726
57 0 0 4 1726
58 0 0 4 1726
59 0 0 4 1726
5A 0 0 4 1726
5B 0 0 4 1726
5C 0 0 4 1726
5D 0 0 4 1726
5E 0 0 4 1726
5F 0 0 4 1726
60 0 0 4 1726
61 0 0 4 1726
62 0 0 4 1726
63 0 0 4 1726
64 0 0 4 1726
65 0 0 4 1726
66 0 0 4 1726
67 0 0 4 1726
68 0 0 4 1726
69 0 0 4 1726
6A 0 0 4 1726
6B 0 0 4 1726
6C 0 0 4 1726
6D 0 0 4 1726
6E 0 0 4 1726
6F 0 0 4 1726
70 0 0 4 1726
71 0 0 4 1726
72 0 0 4 1726
73 0 0 4 1726
74 0 0 4 1726
75 0 0 4 1726
76 0 0 4 1726
77 0 0 4 1726
78 0 0 4 1726
79 0 0 4 1726
7A 0 0 4 1726
7B 0 0 4 1726
7C 0 0 4 1726
7D 0 0 4 1726
7E 0 0 4 1726
7F 0 0 4 1726
80 0 0 4 1726
81 0 0 4 1726
82 0 0 4 1726
83 0 0 4 1726
84 0 0 4 1726
85 0 0 4 1726
86 0 0 4 1726
87 0 0 4 1726
88 0 0 4 1726
89 0 0 4 1726
8A 0 0 4 1726
8B 0 0 4 1726
8C 0 0 4 1726
8D 0 0 4 1726
8E 0 0 4 1726
8F 0 0 4 1726
90 0 0 4 1726
91 0 0 4 1726
92 0 0 4 1726
93 0 0 4 1726
94 0 0 4 1726
95 0 0 4 1726
96 0 0 4 1726
97 0 0 4 1726
98 0 0 4 1726
99 0 0 4 1726
9A 0 0 4 1726
9B 0 0 4 1726
9C 0 0 4 1726
9D 0 0 4 1726
9E 0 0 4 1726
9F 0 0 4 1726
A0 0 0 4 1726
A1 0 0 4 1726
A2 0 0 4 1726
A3 0 0 4 1726
A4 0 0 4 1726
A5 0 0 4 1726
A6 0 0 4 1726
A7 0 0 4 1726
A8 0 0 4 1726
A9 0 0 4 1726
AA 0 0 4 1726
AB 0 0 4 1726
AC 0 0 4 1726
AD 0 0 4 1726
AE 0 0 4 1726
AF 0 0 4 1726
B0 0 0 4 1726
B1 0 0 4 1726
B2 0 0 4 1726
B3 0 0 4 1726
B4 0 0 4 1726
B5 0 0 4 1726
B6 0 0 4 1726
B7 0 0 4 1726
B8 0 0 4 1726
B9 0 0 4 1726
BA 0 0 4 1726
BB 0 0 4 1726
BC 0 0 4 1726
BD 0 0 4 1726
BE 0 0 4 1726
BF 0 0 4 1726
C0 0 0 4 1726
C1 0 0 4 1726
C2 0 0 4 1726
C3 0 0 4 1726
C4 0 0 4 1726
C5 0 0 4 1726
C6 0 0 4 1726
C7 0 0 4 1726
C8 0 0 4 1726
C9 0 0 4 1726
CA 0 0 4 1726
CB 0 0 4 1726
CC 0 0 4 1726
CD 0 0 4 1726
CE 0 0 4 1726
CF 0 0 4 1726
D0 0 0 4 1726
D1 0 0 4 1726
D2 0 0 4 1726
D3 0 0 4 1726
D4 0 0 4 1726
D5 0 0 4 1726
D6 0 0 4 1726
D7 0 0 4 1726
D8 0 0 4 1726
D9 0 0 4 1726
DA 0 0 4 1726
DB 0 0 4 1726
DC 0 0 4 1726
DD 0 0 4 1726
DE 0 0 4 1726
DF 0 0 4 1726
E0 0 0 4 1726
E1 0 0 4 1726
E2 0 0 4 1726
E3 0 0 4 1726
E4 0 0 4 1726
E5 0 0 4 1726
E6 0 0 4 1726
E7 0 0 4 1726
E8 0 0 4 1726
E9 0 0 4 1726
EA 0 0 4 1726
EB 0 0 4 1726
EC 0 0 4 1726
ED 0 0 4 1726
EE 0 0 4 1726
EF 0 0 4 1726
F0 0 0 4 1726
F1 0 0 4 1726
F2 0 0 4 1726
F3 0 0 4 1726
F4 0 0 4 1726
F5 0 0 4 1726
F6 0 0 4 1726
F7 0 0 4 1726
F8 0 0 4 1726
F9 0 0 4 1726
FA 0 0 4 1726
FB 0 0 4 1726
FC 0 0 4 1726
FD 0 0 4 1726
FE 0 0 4 1726
FF 0 0 4 1726
00 0 0 4 1726
01 0 0 4 1726
02 0 0 4 1726
03 0 0 4 1726
04 0 0 4 1726
05 0 0 4 1726
06 0 0 4 1726
07 0 0 4 1726
08 0 0 4 1726
09 0 0 4 1726
0A 0 0 4 1726
0B 0 0 4 1726
0C 0 0 4 1726
0D 0 0 4 1726
0E 0 0 4 1726
0F 0 0 4 1726
10 0 0 4 1726
11 0 0 4 1726
12 0 0 4 1726
13 0 0 4 1726
14 0 0 4 1726
15 0 0 4 1726
16 0 0 4 1726
17 0 0 4 1726
18 0 0 4 1726
19 0 0 4 1726
1A 0 0 4 1726
1B 0 0 4 1726
1C 0 0 4 1726
1D 0 0 4 1726
1E 0 0 4 1726
1F 0 0 4 1726
20 0 0 4 1726
21 0 0 4 1726
22 0 0 4 1726
23 0 0 4 1726
24 0 0 4 1726
25 0 0 4 1726
26 0 0 4 1726
27 0 0 4 1726
28 0 0 4 1726
29 0 0 4 1726
2A 0 0 4 1726
2B 0 0 4 1726
2C 0 0 4 1726
2D 0 0 4 1726
2E 0 0 4 1726
2F 0 0 4 1726
30 0 0 4 1726
31 0 0 4 1726
32 0 0 4 1726
33 0 0 4 1726
34 0 0 4 1726
35 0 0 4 1726
36 0 0 4 1726
37 0 0 4 1726
38 0 0 4 1726
39 0 0 4 1726
3A 0 0 4 1726
3B 0 0 4 1726
3C 0 0 4 1726
3D 0 0 4 1726
3E 0 0 4 1726
3F 0 0 4 1726
40 0 0 4 1726
41 0 0 4 1726
42 0 0 4 1726
43 0 0 4 1726
44 0 0 4 1726
45 0 0 4 1726
46 0 0 4 1726
47 0 0 4 1726
48 0 0 4 1726
49 0 0 4 1726
4A 0 0 4 1726
4B 0 0 4 1726
4C 0 0 4 1726
4D 0 0 4 1726
4E 0 0 4 1726
4F 0 0 4 1726
50 0 0 4 1726
51 0 0 4 1726
52 0 0 4 1726
53 0 0 4 1726
54 0 0 4 1726
55 0 0 4 1726
56 0 0 4 1726
57 0 0 4 1726
58 0 0 4 1726
59 0 0 4 1726
5A 0 0 4 1726
5B 0 0 4 1726
5C 0 0 4 1726
5D 0 0 4 1726
5E 0 0 4 1726
5F 0 0 4 1726
60 0 0 4 1726
61 0 0 4 1726
62 0 0 4 1726
63 0 0 4 1726
64 0 0 4 1726
65 0 0 4 1726
66 0 0 4 1726
67 0 0 4 1726
68 0 0 4 1726
69 0 0 4 1726
6A 0 0 4 1726
6B 0 0 4 1726
6C 0 0 4 1726
6D 0 0 4 1726
6E 0 0 4 1726
6F 0 0 4 1726
70 0 0 4 1726
71 0 0 4 1726
72 0 0 4 1726
73 0 0 4 1726
74 0 0 4 1726
75 0 0 4 1726
76 0 0 4 1726
77 0 0 4 1726
78 0 0 4 1726
79 0 0 4 1726
7A 0 0 4 1726
7B 0 0 4 1726
7C 0 0 4 1726
7D 0 0 4 1726
7E 0 0 4 1726
7F 0 0 4 1726
80 0 0 4 1726
81 0 0 4 1726
82 0 0 4 1726
83 0 0 4 1726
84 0 0 4 1726
85 0 0 4 1726
86 0 0 4 1726
87 0 0 4 1726
88 0 0 4 1726
89 0 0 4 1726
8A 0 0 4 1726
8B 0 0 4 1726
8C 0 0 4 1726
8D 0 0 4 1726
8E 0 0 4 1726
8F 0 0 4 1726
90 0 0 4 1726
91 0 0 4 1726
92 0 0 4 1726
93 0 0 4 1726
94 0 0 4 1726
95 0 0 4 1726
96 0 0 4 1726
97 0 0 4 1726
98 0 0 4 1726
99 0 0 4 1726
9A 0 0 4 1726
9B 0 0 4 1726
9C 0 0 4 1726
9D 0 0 4 1726
9E 0 0 4 1726
9F 0 0 4 1726
A0 0 0 4 1726
A1 0 0 4 1726
A2 0 0 4 1726
A3 0 0 4 1726
A4 0 0 4 1726
A5 0 0 4 1726
A6 0 0 4 1726
A7 0 0 4 1726
A8 0 0 4 1726
A9 0 0 4 1726
AA 0 0 4 1726
AB 0 0 4 1726
AC 0 0 4 1726
AD 0 0 4 1726
AE 0 0 4 1726
AF 0 0 4 1726
B0 0 0 4 1726
B1 0 0 4 1726
B2 0 0 4 1726
B3 0 0 4 1726
B4 0 0 4 1726
B5 0 0 4 1726
B6 0 0 4 1726
B7 0 0 4 1726
B8 0 0 4 1726
B9 0 0 4 1726
BA 0 0 4 1726
BB 0 0 4 1726
BC 0 0 4 1726
BD 0 0 4 1726
BE 0 0 4 1726
BF 0 0 4 1726
C0 0 0 4 1726
C1 0 0 4 1726
C2 0 0 4 1726
C3 0 0 4 1726
C4 0 0 4 1726
C5 0 0 4 1726
C6 0 0 4 1726
C7 0 0 4 1726
C8 0 0 4 1726
C9 0 0 4 1726
CA 0 0 4 1726
CB 0 0 4 1726
CC 0 0 4 1726
CD 0 0 4 1726
CE 0 0 4 1726
CF 0 0 4 1726
D0 0 0 4 1726
D1 0 0 4 1726
D2 0 0 4 1726
D3 0 0 4 1726
D4 0 0 4 1726
D5 0 0 4 1726
D6 0 0 4 1726
D7 0 0 4 1726
D8 0 0 4 1726
D9 0 0 4 1726
DA 0 0 4 1726
DB 0 0 4 1726
DC 0 0 4 1726
DD 0 0 4 1726
DE 0 0 4 1726
DF 0 0 4 1726
E0 0 0 4 1726
E1 0 0 4 1726
E2 0 0 4 1726
E3 0 0 4 1726
E4 0 0 4 1726
E5 0 0 4 1726
E6 0 0 4 1726
E7 0 0 4 1726
E8 0 0 4 1726
E9 0 0 4 1726
EA 0 0 4 1726
EB 0 0 4 1726
EC 0 0 4 1726
ED 0 0 4 1726
EE 0 0 4 1726
EF 0 0 4 1726
F0 0 0 4 1726
F1 0 0 4 1726
F2 0 0 4 1726
F3 0 0 4 1726
F4 0 0 4 1726
F5 0 0 4 1726
F6 0 0 4 1726
F7 0 0 4 1726
F8 0 0 4 1726
F9 0 0 4 1726
FA 0 0 4 1726
FB 0 0 4 1726
FC 0 0 4 1726
FD 0 0 4 1726
FE 0 0 4 1726
FF 0 0 4 1726
00 0 0 4 1726
01 0 0 4 1726
02 0 0 4 1726
03 0 0 4 1726
04 0 0 4 1726
05 0 0 4 1726
06 0 0 4 1726
07 0 0 4 1726
08 0 0 4 1726
09 0 0 4 1726
0A 0 0 4 1726
0B 0 0 4 1726
0C 0 0 4 1726
0D 0 0 4 1726
0E 0 0 4 1726
0F 0 0 4 1726
10 0 0 4 1726
11 0 0 4 1726
12 0 0 4 1726
13 0 0 4 1726
14 0 0 4 1726
15 0 0 4 1726
16 0 0 4 1726
17 0 0 4 1726
18 0 0 4 1726
19 0 0 4 1726
1A 0 0 4 1726
1B 0 0 4 1726
1C 0 0 4 1726
1D 0 0 4 1726
1E 0 0 4 1726
1F 0 0 4 1726
20 0 0 4 1726
21 0 0 4 1726
22 0 0 4 1726
23 0 0 4 1726
24 0 0 4 1726
25 0 0 4 1726
26 0 0 4 1726
27 0 0 4 1726
28 0 0 4 1726
29 0 0 4 1726
2A 0 0 4 1726
2B 0 0 4 1726
2C 0 0 4 1726
2D 0 0 4 1726
2E 0 0 4 1726
2F 0 0 4 1726
30 0 0 4 1726
31 0 0 4 1726
32 0 0 4 1726
33 0 0 4 1726
34 0 0 4 1726
35 0 0 4 1726
36 0 0 4 1726
37 0 0 4 1726
38 0 0 4 1726
39 0 0 4 1726
3A 0 0 4 1726
3B 0 0 4 1726
3C 0 0 4 1726
3D 0 0 4 1726
3E 0 0 4 1726
3F 0 0 4 1726
40 0 0 4 1726
41 0 0 4 1726
42 0 0 4 1726
43 0 0 4 1726
44 0 0 4 1726
45 0 0 4 1726
46 0 0 4 1726
47 0 0 4 1726
48 0 0 4 1726
49 0 0 4 1726
4A 0 0 4 1726
4B 0 0 4 1726
4C 0 0 4 1726
4D 0 0 4 1726
4E 0 0 4 1726
4F 0 0 4 1726
50 0 0 4 1726
51 0 0 4 1726
52 0 0 4 1726
53 0 0 4 1726
54 0 0 4 1726
55 0 0 4 1726
56 0 0 4 1726
57 0 0 4 1726
58 0 0 4 1726
59 0 0 4 1726
5A 0 0 4 1726
5B 0 0 4 1726
5C 0 0 4 1726
5D 0 0 4 1726
5E 0 0 4 1726
5F 0 0 4 1726
60 0 0 4 1726
61 0 0 4 1726
62 0 0 4 1726
63 0 0 4 1726
64 0 0 4 1726
65 0 0 4 1726
66 0 0 4 1726
67 0 0 4 1726
68 0 0 4 1726
69 0 0 4 1726
6A 0 0 4 1726
6B 0 0 4 1726
6C 0 0 4 1726
6D 0 0 4 1726
6E 0 0 4 1726
6F 0 0 4 1726
70 0 0 4 1726
71 0 0 4 1726
72 0 0 4 1726
73 0 0 4 1726
74 0 0 4 1726
75 0 0 4 1726
76 0 0 4 1726
77 0 0 4 1726
78 0 0 4 1726
79 0 0 4 1726
7A 0 0 4 1726
7B 0 0 4 1726
7C 0 0 4 1726
7D 0 0 4 1726
7E 0 0 4 1726
7F 0 0 4 1726
80 0 0 4 1726
81 0 0 4 1726
82 0 0 4 1726
83 0 0 4 1726
84 0 0 4 1726
85 0 0 4 1726
86 0 0 4 1726
87 0 0 4 1726
88 0 0 4 1726
89 0 0 4 1726
8A 0 0 4 1726
8B 0 0 4 1726
8C 0 0 4 1726
8D 0 0 4 1726
8E 0 0 4 1726
8F 0 0 4 1726
90 0 0 4 1726
91 0 0 4 1726
92 0 0 4 1726
93 0 0 4 1726
94 0 0 4 1726
95 0 0 4 1726
96 0 0 4 1726
97 0 0 4 1726
98 0 0 4 1726
99 0 0 4 1726
9A 0 0 4 1726
9B 0 0 4 1726
9C 0 0 4 1726
9D 0 0 4 1726
9E 0 0 4 1726
9F 0 0 4 1726
A0 0 0 4 1726
A1 0 0 4 1726
A2 0 0 4 1726
A3 0 0 4 1726
A4 0 0 4 1726
A5 0 0 4 1726
A6 0 0 4 1726
A7 0 0 4 1726
A8 0 0 4 1726
A9 0 0 4 1726
AA 0 0 4 1726
AB 0 0 4 1726
AC 0 0 4 1726
AD 0 0 4 1726
AE 0 0 4 1726
AF 0 0 4 1726
B0 0 0 4 1726
B1 0 0 4 1726
B2 0 0 4 1726
B3 0 0 4 1726
B4 0 0 4 1726
B5 0 0 4 1726
B6 0 0 4 1726
B7 0 0 4 1726
B8 0 0 4 1726
B9 0 0 4 1726
BA 0 0 4 1726
BB 0 0 4 1726
BC 0 0 4 1726
BD 0 0 4 1726
BE 0 0 4 1726
BF 0 0 4 1726
C0 0 0 4 1726
C1 0 0 4 1726
C2 0 0 4 1726
C3 0 0 4 1726
C4 0 0 4 1726
C5 0 0 4 1726
C6 0 0 4 1726
C7 0 0 4 1726
C8 0 0 4 1726
C9 0 0 4 1726
CA 0 0 4 1726
CB 0 0 4 1726
CC 0 0 4 1726
CD 0 0 4 1726
CE 0 0 4 1726
CF 0 0 4 1726
D0 0 0 4 1726
D1 0 0 4 1726
D2 0 0 4 1726
D3 0 0 4 1726
D4 0 0 4 1726
D5 0 0 4 1726
D6 0 0 4 1726
D7 0 0 4 1726
D8 0 0 4 1726
D9 0 0 4 1726
DA 0 0 4 1726
DB 0 0 4 1726
DC 0 0 4 1726
DD 0 0 4 1726
DE 0 0 4 1726
DF 0 0 4 1726
E0 0 0 4 1726
E1 0 0 4 1726
E2 0 0 4 1726
E3 0 0 4 1726
E4 0 0 4 1726
E5 0 0 4 1726
E6 0 0 4 1726
E7 0 0 4 1726
E8 0 0 4 1726
E9 0 0 4 1726
EA 0 0 4 1726
EB 0 0 4 1726
EC 0 0 4 1726
ED 0 0 4 1726
EE 0 0 4 1726
EF 0 0 4 1726
F0 0 0 4 1726
F1 0 0 4 1726
F2 0 0 4 1726
F3 0 0 4 1726
F4 0 0 4 1726
F5 0 0 4 1726
F6 0 0 4 1726
F7 0 0 4 1726
F8 0 0 4 1726
F9 0 0 4 1726
FA 0 0 4 1726
FB 0 0 4 1726
FC 0 0 4 1726
FD 0 0 4 1726
FE 0 0 4 1726
FF 0 0 4 1726
00 0 0 4 1726
01 0 0 4 1726
02 0 0 4 1726
03 0 0 4 1726
04 0 0 4 1726
05 0 0 4 1726
06 0 0 4 1726
07 0 0 4 1726
08 0 0 4 1726
09 0 0 4 1726
0A 0 0 4 1726
0B 0 0 4 1726
0C 0 0 4 1726
0D 0 0 4 1726
0E 0 0 4 1726
0F 0 0 4 1726
10 0 0 4 1726
11 0 0 4 1726
12 0 0 4 1726
13 0 0 4 1726
14 0 0 4 1726
15 0 0 4 1726
16 0 0 4 1726
17 0 0 4 1726
18 0 0 4 1726
19 0 0 4 1726
1A 0 0 4 1726
1B 0 0 4 1726
1C 0 0 4 1726
1D 0 0 4 1726
1E 0 0 4 1726
1F 0 0 4 1726
20 0 0 4 1726
21 0 0 4 1726
22 0 0 4 1726
23 0 0 4 1726
24 0 0 4 1726
25 0 0 4 1726
26 0 0 4 1726
27 0 0 4 1726
28 0 0 4 1726
29 0 0 4 1726
2A 0 0 4 1726
2B 0 0 4 1726
2C 0 0 4 1726
2D 0 0 4 1726
2E 0 0 4 1726
2F 0 0 4 1726
30 0 0 4 1726
31 0 0 4 1726
32 0 0 4 1726
33 0 0 4 1726
34 0 0 4 1726
35 0 0 4 1726
36 0 0 4 1726
37 0 0 4 1726
38 0 0 4 1726
39 0 0 4 1726
3A 0 0 4 1726
3B 0 0 4 1726
3C 0 0 4 1726
3D 0 0 4 1726
3E 0 0 4 1726
3F 0 0 4 1726
40 0 0 4 1726
41 0 0 4 1726
42 0 0 4 1726
43 0 0 4 1726
44 0 0 4 1726
45 0 0 4 1726
46 0 0 4 1726
47 0 0 4 1726
48 0 0 4 1726
49 0 0 4 1726
4A 0 0 4 1726
4B 0 0 4 1726
4C 0 0 4 1726
4D 0 0 4 1726
4E 0 0 4 1726
4F 0 0 4 1726
50 0 0 4 1726
51 0 0 4 1726
52 0 0 4 1726
53 0 0 4 1726
54 0 0 4 1726
55 0 0 4 1726
56 0 0 4 1726
57 0 0 4 1726
58 0 0 4 1726
59 0 0 4 1726
5A 0 0 4 1726
5B 0 0 4 1726
5C 0 0 4 1726
5D 0 0 4 1726
5E 0 0 4 1726
5F 0 0 4 1726
60 0 0 4 1726
61 0 0 4 1726
62 0 0 4 1726
63 0 0 4 1726
64 0 0 4 1726
65 0 0 4 1726
66 0 0 4 1726
67 0 0 4 1726
68 0 0 4 1726
69 0 0 4 1726
6A 0 0 4 1726
6B 0 0 4 1726
6C 0 0 4 1726
6D 0 0 4 1726
6E 0 0 4 1726
6F 0 0 4 1726
70 0 0 4 1726
71 0 0 4 1726
72 0 0 4 1726
73 0 0 4 1726
74 0 0 4 1726
75 0 0 4 1726
76 0 0 4 1726
77 0 0 4 1726
78 0 0 4 1726
79 0 0 4 1726
7A 0 0 4 1726
7B 0 0 4 1726
7C 0 0 4 1726
7D 0 0 4 1726
7E 0 0 4 1726
7F 0 0 4 1726
80 0 0 4 1726
81 0 0 4 1726
82 0 0 4 1726
83 0 0 4 1726
84 0 0 4 1726
85 0 0 4 1726
86 0 0 4 1726
87 0 0 4 1726
88 0 0 4 1726
89 0 0 4 1726
8A 0 0 4 1726
8B 0 0 4 1726
8C 0 0 4 1726
8D 0 0 4 1726
8E 0 0 4 1726
8F 0 0 4 1726
90 0 0 4 1726
91 0 0 4 1726
92 0 0 4 1726
93 0 0 4 1726
94 0 0 4 1726
95 0 0 4 1726
96 0 0 4 1726
97 0 0 4 1726
98 0 0 4 1726
99 0 0 4 1726
9A 0 0 4 1726
9B 0 0 4 1726
9C 0 0 4 1726
9D 0 0 4 1726
9E 0 0 4 1726
9F 0 0 4 1726
A0 0 0 4 1726
A1 0 0 4 1726
A2 0 0 4 1726
A3 0 0 4 1726
A4 0 0 4 1726
A5 0 0 4 1726
A6 0 0 4 1726
A7 0 0 4 1726
A8 0 0 4 1726
A9 0 0 4 1726
AA 0 0 4 1726
AB 0 0 4 1726
AC 0 0 4 1726
AD 0 0 4 1726
AE 0 0 4 1726
AF 0 0 4 1726
B0 0 0 4 1726
B1 0 0 4 1726
B2 0 0 4 1726
B3 0 0 4 1726
B4 0 0 4 1726
B5 0 0 4 1726
B6 0 0 4 1726
B7 0 0 4 1726
B8 0 0 4 1726
B9 0 0 4 1726
BA 0 0 4 1726
BB 0 0 4 1726
BC 0 0 4 1726
BD 0 0 4 1726
BE 0 0 4 1726
BF 0 0 4 1726
C0 0 0 4 1726
C1 0 0 4 1726
C2 0 0 4 1726
C3 0 0 4 1726
C4 0 0 4 1726
C5 0 0 4 1726
C6 0 0 4 1726
C7 0 0 4 1726
C8 0 0 4 1726
C9 0 0 4 1726
CA 0 0 4 1726
CB 0 0 4 1726
CC 0 0 4 1726
CD 0 0 4 1726
CE 0 0 4 1726
CF 0 0 4 1726
D0 0 0 4 1726
D1 0 0 4 1726
D2 0 0 4 1726
D3 0 0 4 1726
D4 0 0 4 1726
D5 0 0 4 1726
D6 0 0 4 1726
D7 0 0 4 1726
D8 0 0 4 1726
D9 0 0 4 1726
DA 0 0 4 1726
DB 0 0 4 1726
DC 0 0 4 1726
DD 0 0 4 1726
DE 0 0 4 1726
DF 0 0 4 1726
E0 0 0 4 1726
E1 0 0 4 1726
E2 0 0 4 1726
E3 0 0 4 1726
E4 0 0 4 1726
E5 0 0 4 1726
E6 0 0 4 1726
E7 0 0 4 1726
E8 0 0 4 1726
E9 0 0 4 1726
EA 0 0 4 1726
EB 0 0 4 1726
EC 0 0 4 1726
ED 0 0 4 1726
EE 0 0 4 1726
EF 0 0 4 1726
F0 0 0 4 1726
F1 0 0 4 1726
F2 0 0 4 1726
F3 0 0 4 1726
F4 0 0 4 1726
F5 0 0 4 1726
F6 0 0 4 1726
F7 0 0 4 1726
F8 0 0 4 1726
F9 0 0 4 1726
FA 0 0 4 1726
FB 0 0 4 1726
FC 0 0 4 1726
FD 0 0 4 1726
FE 0 0 4 1726
FF 0 0 4 1726
00 0 0 4 1726
01 0 0 4 1726
02 0 0 4 1726
03 0 0 4 1726
04 0 0 4 1726
05 0 0 4 1726
06 0 0 4 1726
07 0 0 4 1726
08 0 0 4 1726
09 0 0 4 1726
0A 0 0 4 1726
0B 0 0 4 1726
0C 0 0 4 1726
0D 0 0 4 1726
0E 0 0 4 1726
0F 0 0 4 1726
10 0 0 4 1726
11 0 0 4 1726
12 0 0 4 1726
13 0 0 4 1726
14 0 0 4 1726
15 0 0 4 1726
16 0 0 4 1726
17 0 0 4 1726
18 0 0 4 1726
19 0 0 4 1726
1A 0 0 4 1726
1B 0 0 4 1726
1C 0 0 4 1726
1D 0 0 4 1726
1E 0 0 4 1726
1F 0 0 4 1726
20 0 0 4 1726
21 0 0 4 1726
22 0 0 4 1726
23 0 0 4 1726
24 0 0 4 1726
25 0 0 4 1726
26 0 0 4 1726
27 0 0 4 1726
28 0 0 4 1726
29 0 0 4 1726
2A 0 0 4 1726
2B 0 0 4 1726
2C 0 0 4 1726
2D 0 0 4 1726
2E 0 0 4 1726
2F 0 0 4 1726
30 0 0 4 1726
31 0 0 4 1726
32 0 0 4 1726
33 0 0 4 1726
34 0 0 4 1726
35 0 0 4 1726
36 0 0 4 1726
37 0 0 4 1726
38 0 0 4 1726
39 0 0 4 1726
3A 0 0 4 1726
3B 0 0 4 1726
3C 0 0 4 1726
3D 0 0 4 1726
3E 0 0 4 1726
3F 0 0 4 1726
40 0 0 4 1726
41 0 0 4 1726
42 0 0 4 1726
43 0 0 4 1726
44 0 0 4 1726
45 0 0 4 1726
46 0 0 4 1726
47 0 0 4 1726
48 0 0 4 1726
49 0 0 4 1726
4A 0 0 4 1726
4B 0 0 4 1726
4C 0 0 4 1726
4D 0 0 4 1726
4E 0 0 4 1726
4F 0 0 4 1726
50 0 0 4 1726
51 0 0 4 1726
52 0 0 4 1726
53 0 0 4 1726
54 0 0 4 1726
55 0 0 4 1726
56 0 0 4 1726
57 0 0 4 1726
58 0 0 4 1726
59 0 0 4 1726
5A 0 0 4 1726
5B 0 0 4 1726
5C 0 0 4 1726
5D 0 0 4 1726
5E 0 0 4 1726
5F 0 0 4 1726
60 0 0 4 1726
61 0 0 4 1726
62 0 0 4 1726
63 0 0 4 1726
64 0 0 4 1726
65 0 0 4 1726
66 0 0 4 1726
67 0 0 4 1726
68 0 0 4 1726
69 0 0 4 1726
6A 0 0 4 1726
6B 0 0 4 1726
6C 0 0 4 1726
6D 0 0 4 1726
6E 0 0 4 1726
6F 0 0 4 1726
70 0 0 4 1726
71 0 0 4 1726
72 0 0 4 1726
73 0 0 4 1726
74 0 0 4 1726
75 0 0 4 1726
76 0 0 4 1726
77 0 0 4 1726
78 0 0 4 1726
79 0 0 4 1726
7A 0 0 4 1726
7B 0 0 4 1726
7C 0 0 4 1726
7D 0 0 4 1726
7E 0 0 4 1726
7F 0 0 4 1726
80 0 0 4 1726
81 0 0 4 1726
82 0 0 4 1726
83 0 0 4 1726
84 0 0 4 1726
85 0 0 4 1726
86 0 0 4 1726
87 0 0 4 1726
88 0 0 4 1726
89 0 0 4 1726
8A 0 0 4 1726
8B 0 0 4 1726
8C 0 0 4 1726
8D 0 0 4 1726
8E 0 0 4 1726
8F 0 0 4 1726
90 0 0 4 1726
91 0 0 4 1726
92 0 0 4 1726
93 0 0 4 1726
94 0 0 4 1726
95 0 0 4 1726
96 0 0 4 1726
97 0 0 4 1726
98 0 0 4 1726
99 0 0 4 1726
9A 0 0 4 1726
9B 0 0 4 1726
9C 0 0 4 1726
9D 0 0 4 1726
9E 0 0 4 1726
9F 0 0 4 1726
A0 0 0 4 1726
A1 0 0 4 1726
A2 0 0 4 1726
A3 0 0 4 1726
A4 0 0 4 1726
A5 0 0 4 1726
A6 0 0 4 1726
A7 0 0 4 1726
A8 0 0 4 1726
A9 0 0 4 1726
AA 0 0 4 1726
AB 0 0 4 1726
AC 0 0 4 1726
AD 0 0 4 1726
AE 0 0 4 1726
AF 0 0 4 1726
B0 0 0 4 1726
B1 0 0 4 1726
B2 0 0 4 1726
B3 0 0 4 1726
B4 0 0 4 1726
B5 0 0 4 1726
B6 0 0 4 1726
B7 0 0 4 1726
B8 0 0 4 1726
B9 0 0 4 1726
BA 0 0 4 1726
BB 0 0 4 1726
BC 0 0 4 1726
BD 0 0 4 1726
BE 0 0 4 1726
BF 0 0 4 1726
C0 0 0 4 1726
C1 0 0 4 1726
C2 0 0 4 1726
C3 0 0 4 1726
C4 0 0 4 1726
C5 0 0 4 1726
C6 0 0 4 1726
C7 0 0 4 1726
C8 0 0 4 1726
C9 0 0 4 1726
CA 0 0 4 1726
CB 0 0 4 1726
CC 0 0 4 1726
CD 0 0 4 1726
CE 0 0 4 1726
CF 0 0 4 1726
D0 0 0 4 1726
D1 0 0 4 1726
D2 0 0 4 1726
D3 0 0 4 1726
D4 0 0 4 1726
D5 0 0 4 1726
D6 0 0 4 1726
D7 0 0 4 1726
D8 0 0 4 1726
D9 0 0 4 1726
DA 0 0 4 1726
DB 0 0 4 1726
DC 0 0 4 1726
DD 0 0 4 1726
DE 0 0 4 1726
DF 0 0 4 1726
E0 0 0 4 1726
E1 0 0 4 1726
E2 0 0 4 1726
E3 0 0 4 1726
E4 0 0 4 1726
E5 0 0 4 1726
E6 0 0 4 1726
E7 0 0 4 1726
E8 0 0 4 1726
E9 0 0 4 1726
EA 0 0 4 1726
EB 0 0 4 1726
EC 0 0 4 1726
ED 0 0 4 1726
EE 0 0 4 1726
EF 0 0 4 1726
F0 0 0 4 1726
F1 0 0 4 1726
F2 0 0 4 1726
F3 0 0 4 1726
F4 0 0 4 1726
F5 0 0 4 1726
F6 0 0 4 1726
F7 0 0 4 1726
F8 0 0 4 1726
F9 0 0 4 1726
FA 0 0 4 1726
FB 0 0 4 1726
FC 0 0 4 1726
FD 0 0 4 1726
FE 0 0 4 1726
FF 0 0 4 1726
00 0 0 4 1726
01 0 0 4 1726
02 0 0 4 1726
03 0 0 4 1726
04 0 0 4 1726
05 0 0 4 1726
06 0 0 4 1726
07 0 0 4 1726
08 0 0 4 1726
09 0 0 4 1726
0A 0 0 4 1726
0B 0 0 4 1726
0C 0 0 4 1726
0D 0 0 4 1726
0E 0 0 4 1726
0F 0 0 4 1726
10 0 0 4 1726
11 0 0 4 1726
12 0 0 4 1726
13 0 0 4 1726
14 0 0 4 1726
15 0 0 4 1726
16 0 0 4 1726
17 0 0 4 1726
18 0 0 4 1726
19 0 0 4 1726
1A 0 0 4 1726
1B 0 0 4 1726
1C 0 0 4 1726
1D 0 0 4 1726
1E 0 0 4 1726
1F 0 0 4 1726
20 0 0 4 1726
21 0 0 4 1726
22 0 0 4 1726
23 0 0 4 1726
24 0 0 4 1726
25 0 0 4 1726
26 0 0 4 1726
27 0 0 4 1726
28 0 0 4 1726
29 0 0 4 1726
2A 0 0 4 1726
2B 0 0 4 1726
2C 0 0 4 1726
2D 0 0 4 1726
2E 0 0 4 1726
2F 0 0 4 1726
30 0 0 4 1726
31 0 0 4 1726
32 0 0 4 1726
33 0 0 4 1726
34 0 0 4 1726
35 0 0 4 1726
36 0 0 4 1726
37 0 0 4 1726
38 0 0 4 1726
39 0 0 4 1726
3A 0 0 4 1726
3B 0 0 4 1726
3C 0 0 4 1726
3D 0 0 4 1726
3E 0 0 4 1726
3F 0 0 4 1726
40 0 0 4 1726
41 0 0 4 1726
42 0 0 4 1726
43 0 0 4 1726
44 0 0 4 1726
45 0 0 4 1726
46 0 0 4 1726
47 0 0 4 1726
48 0 0 4 1726
49 0 0 4 1726
4A 0 0 4 1726
4B 0 0 4 1726
4C 0 0 4 1726
4D 0 0 4 1726
4E 0 0 4 1726
4F 0 0 4 1726
50 0 0 4 1726
51 0 0 4 1726
52 0 0 4 1726
53 0 0 4 1726
54 0 0 4 1726
55 0 0 4 1726
56 0 0 4 1726
57 0 0 4 1726
58 0 0 4 1726
59 0 0 4 1726
5A 0 0 4 1726
5B 0 0 4 1726
5C 0 0 4 1726
5D 0 0 4 1726
5E 0 0 4 1726
5F 0 0 4 1726
60 0 0 4 1726
61 0 0 4 1726
62 0 0 4 1726
63 0 0 4 1726
64 0 0 4 1726
65 0 0 4 1726
66 0 0 4 1726
67 0 0 4 1726
68 0 0 4 1726
69 0 0 4 1726
6A 0 0 4 1726
6B 0 0 4 1726
6C 0 0 4 1726
6D 0 0 4 1726
6E 0 0 4 1726
6F 0 0 4 1726
70 0 0 4 1726
71 0 0 4 1726
72 0 0 4 1726
73 0 0 4 1726
74 0 0 4 1726
75 0 0 4 1726
76 0 0 4 1726
77 0 0 4 1726
78 0 0 4 1726
79 0 0 4 1726
7A 0 0 4 1726
7B 0 0 4 1726
7C 0 0 4 1726
7D 0 0 4 1726
7E 0 0 4 1726
7F 0 0 4 1726
80 0 0 4 1726
81 0 0 4 1726
82 0 0 4 1726
83 0 0 4 1726
84 0 0 4 1726
85 0 0 4 1726
86 0 0 4 1726
87 0 0 4 1726
88 0 0 4 1726
89 0 0 4 1726
8A 0 0 4 1726
8B 0 0 4 1726
8C 0 0 4 1726
8D 0 0 4 1726
8E 0 0 4 1726
8F 0 0 4 1726
90 0 0 4 1726
91 0 0 4 1726
92 0 0 4 1726
93 0 0 4 1726
94 0 0 4 1726
95 0 0 4 1726
96 0 0 4 1726
97 0 0 4 1726
98 0 0 4 1726
99 0 0 4 1726
9A 0 0 4 1726
9B 0 0 4 1726
9C 0 0 4 1726
9D 0 0 4 1726
9E 0 0 4 1726
9F 0 0 4 1726
A0 0 0 4 1726
A1 0 0 4 1726
A2 0 0 4 1726
A3 0 0 4 1726
A4 0 0 4 1726
A5 0 0 4 1726
A6 0 0 4 1726
A7 0 0 4 1726
A8 0 0 4 1726
A9 0 0 4 1726
AA 0 0 4 1726
AB 0 0 4 1726
AC 0 0 4 1726
AD 0 0 4 1726
AE 0 0 4 1726
AF 0 0 4 1726
B0 0 0 4 1726
B1 0 0 4 1726
B2 0 0 4 1726
B3 0 0 4 1726
B4 0 0 4 1726
B5 0 0 4 1726
B6 0 0 4 1726
B7 0 0 4 1726
B8 0 0 4 1726
B9 0 0 4 1726
BA 0 0 4 1726
BB 0 0 4 1726
BC 0 0 4 1726
BD 0 0 4 1726
BE 0 0 4 1726
BF 0 0 4 1726
C0 0 0 4 1726
C1 0 0 4 1726
C2 0 0 4 1726
C3 0 0 4 1726
C4 0 0 4 1726
C5 0 0 4 1726
C6 0 0 4 1726
C7 0 0 4 1726
C8 0 0 4 1726
C9 0 0 4 1726
CA 0 0 4 1726
CB 0 0 4 1726
CC 0 0 4 1726
CD 0 0 4 1726
CE 0 0 4 1726
CF 0 0 4 1726
D0 0 0 4 1726
D1 0 0 4 1726
D2 0 0 4 1726
D3 0 0 4 1726
D4 0 0 4 1726
D5 0 0 4 1726
D6 0 0 4 1726
D7 0 0 4 1726
D8 0 0 4 1726
D9 0 0 4 1726
DA 0 0 4 1726
DB 0 0 4 1726
DC 0 0 4 1726
DD 0 0 4 1726
DE 0 0 4 1726
DF 0 0 4 1726
E0 0 0 4 1726
E1 0 0 4 1726
E2 0 0 4 1726
E3 0 0 4 1726
E4 0 0 4 1726
E5 0 0 4 1726
E6 0 0 4 1726
E7 1 0 4 1726
00 0 0 5 3327
0A 0 0 5 3327
35 0 0 5 3327
01 0 0 5 3327
02 0 0 5 3327
03 0 0 5 3327
DE 0 0 5 3327
AD 0 0 5 3327
BE 0 0 5 3327
EF 0 0 5 3327
00 0 0 5 3327
01 0 0 5 3327
08 0 0 5 3327
00 0 0 5 3327
05 0 0 5 3327
06 0 0 5 3327
07 0 0 5 3327
08 0 0 5 3327
09 0 0 5 3327
0A 0 0 5 3327
0B 0 0 5 3327
0C 0 0 5 3327
0D 0 0 5 3327
0E 0 0 5 3327
0F 0 0 5 3327
10 0 0 5 3327
11 0 0 5 3327
12 0 0 5 3327
13 0 0 5 3327
14 0 0 5 3327
15 0 0 5 3327
16 0 0 5 3327
17 0 0 5 3327
18 0 0 5 3327
19 0 0 5 3327
1A 0 0 5 3327
1B 0 0 5 3327
1C 0 0 5 3327
1D 0 0 5 3327
1E 0 0 5 3327
1F 0 0 5 3327
20 0 0 5 3327
21 0 0 5 3327
22 0 0 5 3327
23 0 0 5 3327
24 0 0 5 3327
25 0 0 5 3327
26 0 0 5 3327
27 0 0 5 3327
28 0 0 5 3327
29 0 0 5 3327
2A 0 0 5 3327
2B 0 0 5 3327
2C 0 0 5 3327
2D 0 0 5 3327
2E 0 0 5 3327
2F 0 0 5 3327
30 0 0 5 3327
31 0 0 5 3327
32 0 0 5 3327
33 0 0 5 3327
34 0 0 5 3327
35 0 0 5 3327
36 0 0 5 3327
37 0 0 5 3327
38 0 0 5 3327
39 0 0 5 3327
3A 0 0 5 3327
3B 0 0 5 3327
3C 0 0 5 3327
3D 0 0 5 3327
3E 0 0 5 3327
3F 0 0 5 3327
40 0 0 5 3327
41 0 0 5 3327
42 0 0 5 3327
43 1 1 5 3327
00 0 0 6 3428
0A 0 0 6 3428
35 0 0 6 3428
01 0 0 6 3428
02 0 0 6 3428
03 0 0 6 3428
DE 0 0 6 3428
AD 0 0 6 3428
BE 0 0 6 3428
EF 0 0 6 3428
00 0 0 6 3428
01 0 0 6 3428
08 0 0 6 3428
00 0 0 6 3428
06 0 0 6 3428
07 0 0 6 3428
08 0 0 6 3428
09 0 0 6 3428
0A 0 0 6 3428
0B 0 0 6 3428
0C 0 0 6 3428
0D 0 0 6 3428
0E 0 0 6 3428
0F 0 0 6 3428
10 0 0 6 3428
11 0 0 6 3428
12 0 0 6 3428
13 0 0 6 3428
14 0 0 6 3428
15 0 0 6 3428
16 0 0 6 3428
17 0 0 6 3428
18 0 0 6 3428
19 0 0 6 3428
1A 0 0 6 3428
1B 0 0 6 3428
1C 0 0 6 3428
1D 0 0 6 3428
1E 0 0 6 3428
1F 0 0 6 3428
20 0 0 6 3428
21 0 0 6 3428
22 0 0 6 3428
23 0 0 6 3428
24 0 0 6 3428
25 0 0 6 3428
26 0 0 6 3428
27 0 0 6 3428
28 0 0 6 3428
29 0 0 6 3428
2A 0 0 6 3428
2B 0 0 6 3428
2C 0 0 6 3428
2D 0 0 6 3428
2E 0 0 6 3428
2F 0 0 6 3428
30 0 0 6 3428
31 0 0 6 3428
32 0 0 6 3428
33 0 0 6 3428
34 0 0 6 3428
35 0 0 6 3428
36 0 0 6 3428
37 0 0 6 3428
38 0 0 6 3428
39 0 0 6 3428
3A 0 0 6 3428
3B 0 0 6 3428
3C 0 0 6 3428
3D 0 0 6 3428
3E 0 0 6 3428
3F 0 0 6 3428
40 0 0 6 3428
41 0 0 6 3428
42 0 0 6 3428
43 0 0 6 3428
44 0 0 6 3428
45 0 0 6 3428
97 0 0 6 3428
9C 0 0 6 3428
A7 0 0 6 3428
FE 0 0 6 3428
00 0 0 6 3428
01 0 0 6 3428
02 0 0 6 3428
03 0 0 6 3428
04 0 0 6 3428
05 0 0 6 3428
06 0 0 6 3428
07 0 0 6 3428
08 0 0 6 3428
09 0 0 6 3428
0A 0 0 6 3428
0B 0 0 6 3428
0C 0 0 6 3428
0D 0 0 6 3428
0E 0 0 6 3428
0F 0 0 6 3428
10 0 0 6 3428
11 0 0 6 3428
12 0 0 6 3428
13 0 0 6 3428
14 0 0 6 3428
15 0 0 6 3428
16 0 0 6 3428
17 0 0 6 3428
18 0 0 6 3428
19 0 0 6 3428
1A 0 0 6 3428
1B 0 0 6 3428
1C 0 0 6 3428
1D 0 0 6 3428
1E 0 0 6 3428
1F 0 0 6 3428
20 0 0 6 3428
21 0 0 6 3428
22 0 0 6 3428
23 0 0 6 3428
24 0 0 6 3428
25 0 0 6 3428
26 0 0 6 3428
27 0 0 6 3428
28 0 0 6 3428
29 0 0 6 3428
2A 0 0 6 3428
2B 0 0 6 3428
2C 0 0 6 3428
2D 0 0 6 3428
2E 0 0 6 3428
2F 0 0 6 3428
30 0 0 6 3428
31 0 0 6 3428
32 0 0 6 3428
33 0 0 6 3428
34 0 0 6 3428
35 0 0 6 3428
36 0 0 6 3428
37 0 0 6 3428
38 0 0 6 3428
39 0 0 6 3428
3A 0 0 6 3428
3B 0 0 6 3428
3C 0 0 6 3428
3D 0 0 6 3428
3E 0 0 6 3428
3F 0 0 6 3428
40 0 0 6 3428
41 0 0 6 3428
42 0 0 6 3428
43 0 0 6 3428
44 0 0 6 3428
45 0 0 6 3428
46 0 0 6 3428
47 0 0 6 3428
48 0 0 6 3428
49 0 0 6 3428
4A 0 0 6 3428
4B 0 0 6 3428
4C 0 0 6 3428
4D 0 0 6 3428
4E 0 0 6 3428
4F 0 0 6 3428
50 0 0 6 3428
51 0 0 6 3428
52 0 0 6 3428
53 0 0 6 3428
54 0 0 6 3428
55 0 0 6 3428
56 0 0 6 3428
57 0 0 6 3428
58 0 0 6 3428
59 0 0 6 3428
5A 0 0 6 3428
5B 0 0 6 3428
5C 0 0 6 3428
5D 0 0 6 3428
5E 0 0 6 3428
5F 0 0 6 3428
60 0 0 6 3428
61 0 0 6 3428
62 0 0 6 3428
63 0 0 6 3428
64 0 0 6 3428
65 0 0 6 3428
66 0 0 6 3428
67 0 0 6 3428
68 0 0 6 3428
69 0 0 6 3428
6A 0 0 6 3428
6B 0 0 6 3428
6C 0 0 6 3428
6D 0 0 6 3428
6E 0 0 6 3428
6F 0 0 6 3428
70 0 0 6 3428
71 0 0 6 3428
72 0 0 6 3428
73 0 0 6 3428
74 0 0 6 3428
75 0 0 6 3428
76 0 0 6 3428
77 0 0 6 3428
78 0 0 6 3428
79 0 0 6 3428
7A 0 0 6 3428
7B 0 0 6 3428
7C 0 0 6 3428
7D 0 0 6 3428
7E 0 0 6 3428
7F 0 0 6 3428
80 0 0 6 3428
81 0 0 6 3428
82 0 0 6 3428
83 0 0 6 3428
84 0 0 6 3428
85 0 0 6 3428
86 0 0 6 3428
87 0 0 6 3428
88 0 0 6 3428
89 0 0 6 3428
8A 0 0 6 3428
8B 0 0 6 3428
8C 0 0 6 3428
8D 0 0 6 3428
8E 0 0 6 3428
8F 0 0 6 3428
90 0 0 6 3428
91 0 0 6 3428
92 0 0 6 3428
93 0 0 6 3428
94 0 0 6 3428
95 0 0 6 3428
96 0 0 6 3428
97 0 0 6 3428
98 0 0 6 3428
99 0 0 6 3428
9A 0 0 6 3428
9B 0 0 6 3428
9C 0 0 6 3428
9D 0 0 6 3428
9E 0 0 6 3428
9F 0 0 6 3428
A0 0 0 6 3428
A1 0 0 6 3428
A2 0 0 6 3428
A3 0 0 6 3428
A4 0 0 6 3428
A5 0 0 6 3428
A6 0 0 6 3428
A7 0 0 6 3428
A8 0 0 6 3428
A9 0 0 6 3428
AA 0 0 6 3428
AB 0 0 6 3428
AC 0 0 6 3428
AD 0 0 6 3428
AE 0 0 6 3428
AF 0 0 6 3428
B0 0 0 6 3428
B1 0 0 6 3428
B2 0 0 6 3428
B3 0 0 6 3428
B4 0 0 6 3428
B5 0 0 6 3428
B6 0 0 6 3428
B7 0 0 6 3428
B8 0 0 6 3428
B9 0 0 6 3428
BA 0 0 6 3428
BB 0 0 6 3428
BC 0 0 6 3428
BD 0 0 6 3428
BE 0 0 6 3428
BF 0 0 6 3428
C0 0 0 6 3428
C1 0 0 6 3428
C2 0 0 6 3428
C3 0 0 6 3428
C4 0 0 6 3428
C5 0 0 6 3428
C6 0 0 6 3428
C7 0 0 6 3428
C8 0 0 6 3428
C9 0 0 6 3428
CA 0 0 6 3428
CB 0 0 6 3428
CC 0 0 6 3428
CD 0 0 6 3428
CE 0 0 6 3428
CF 0 0 6 3428
D0 0 0 6 3428
D1 0 0 6 3428
D2 0 0 6 3428
D3 0 0 6 3428
D4 0 0 6 3428
D5 0 0 6 3428
D6 0 0 6 3428
D7 0 0 6 3428
D8 0 0 6 3428
D9 0 0 6 3428
DA 0 0 6 3428
DB 0 0 6 3428
DC 0 0 6 3428
DD 0 0 6 3428
DE 0 0 6 3428
DF 0 0 6 3428
E0 0 0 6 3428
E1 0 0 6 3428
E2 0 0 6 3428
E3 0 0 6 3428
E4 0 0 6 3428
E5 0 0 6 3428
E6 0 0 6 3428
E7 0 0 6 3428
E8 0 0 6 3428
E9 0 0 6 3428
EA 0 0 6 3428
EB 0 0 6 3428
EC 0 0 6 3428
ED 0 0 6 3428
EE 0 0 6 3428
EF 0 0 6 3428
F0 0 0 6 3428
F1 0 0 6 3428
F2 0 0 6 3428
F3 0 0 6 3428
F4 0 0 6 3428
F5 0 0 6 3428
F6 0 0 6 3428
F7 0 0 6 3428
F8 0 0 6 3428
F9 0 0 6 3428
FA 0 0 6 3428
FB 0 0 6 3428
FC 0 0 6 3428
FD 0 0 6 3428
FE 0 0 6 3428
FF 0 0 6 3428
00 0 0 6 3428
01 0 0 6 3428
02 0 0 6 3428
03 0 0 6 3428
04 0 0 6 3428
05 0 0 6 3428
06 0 0 6 3428
07 0 0 6 3428
08 0 0 6 3428
09 0 0 6 3428
0A 0 0 6 3428
0B 0 0 6 3428
0C 0 0 6 3428
0D 0 0 6 3428
0E 0 0 6 3428
0F 0 0 6 3428
10 0 0 6 3428
11 0 0 6 3428
12 0 0 6 3428
13 0 0 6 3428
14 0 0 6 3428
15 0 0 6 3428
16 0 0 6 3428
17 0 0 6 3428
18 0 0 6 3428
19 0 0 6 3428
1A 0 0 6 3428
1B 0 0 6 3428
1C 0 0 6 3428
1D 0 0 6 3428
1E 0 0 6 3428
1F 0 0 6 3428
20 0 0 6 3428
21 0 0 6 3428
22 0 0 6 3428
23 0 0 6 3428
24 0 0 6 3428
25 0 0 6 3428
26 0 0 6 3428
27 0 0 6 3428
28 0 0 6 3428
29 0 0 6 3428
2A 0 0 6 3428
2B 0 0 6 3428
2C 0 0 6 3428
2D 0 0 6 3428
2E 0 0 6 3428
2F 0 0 6 3428
30 0 0 6 3428
31 0 0 6 3428
32 0 0 6 3428
33 0 0 6 3428
34 0 0 6 3428
35 0 0 6 3428
36 0 0 6 3428
37 0 0 6 3428
38 0 0 6 3428
39 0 0 6 3428
3A 0 0 6 3428
3B 0 0 6 3428
3C 0 0 6 3428
3D 0 0 6 3428
3E 0 0 6 3428
3F 0 0 6 3428
40 0 0 6 3428
41 0 0 6 3428
42 0 0 6 3428
43 0 0 6 3428
44 0 0 6 3428
45 0 0 6 3428
46 0 0 6 3428
47 0 0 6 3428
48 0 0 6 3428
49 0 0 6 3428
4A 0 0 6 3428
4B 0 0 6 3428
4C 0 0 6 3428
4D 0 0 6 3428
4E 0 0 6 3428
4F 0 0 6 3428
50 0 0 6 3428
51 0 0 6 3428
52 0 0 6 3428
53 0 0 6 3428
54 0 0 6 3428
55 0 0 6 3428
56 0 0 6 3428
57 0 0 6 3428
58 0 0 6 3428
59 0 0 6 3428
5A 0 0 6 3428
5B 0 0 6 3428
5C 0 0 6 3428
5D 0 0 6 3428
5E 0 0 6 3428
5F 0 0 6 3428
60 0 0 6 3428
61 0 0 6 3428
62 0 0 6 3428
63 0 0 6 3428
64 0 0 6 3428
65 0 0 6 3428
66 0 0 6 3428
67 0 0 6 3428
68 0 0 6 3428
69 0 0 6 3428
6A 0 0 6 3428
6B 0 0 6 3428
6C 0 0 6 3428
6D 0 0 6 3428
6E 0 0 6 3428
6F 0 0 6 3428
70 0 0 6 3428
71 0 0 6 3428
72 0 0 6 3428
73 0 0 6 3428
74 0 0 6 3428
75 0 0 6 3428
76 0 0 6 3428
77 0 0 6 3428
78 0 0 6 3428
79 0 0 6 3428
7A 0 0 6 3428
7B 0 0 6 3428
7C 0 0 6 3428
7D 0 0 6 3428
7E 0 0 6 3428
7F 0 0 6 3428
80 0 0 6 3428
81 0 0 6 3428
82 0 0 6 3428
83 0 0 6 3428
84 0 0 6 3428
85 0 0 6 3428
86 0 0 6 3428
87 0 0 6 3428
88 0 0 6 3428
89 0 0 6 3428
8A 0 0 6 3428
8B 0 0 6 3428
8C 0 0 6 3428
8D 0 0 6 3428
8E 0 0 6 3428
8F 0 0 6 3428
90 0 0 6 3428
91 0 0 6 3428
92 0 0 6 3428
93 0 0 6 3428
94 0 0 6 3428
95 0 0 6 3428
96 0 0 6 3428
97 0 0 6 3428
98 0 0 6 3428
99 0 0 6 3428
9A 0 0 6 3428
9B 0 0 6 3428
9C 0 0 6 3428
9D 0 0 6 3428
9E 0 0 6 3428
9F 0 0 6 3428
A0 0 0 6 3428
A1 0 0 6 3428
A2 0 0 6 3428
A3 0 0 6 3428
A4 0 0 6 3428
A5 0 0 6 3428
A6 0 0 6 3428
A7 0 0 6 3428
A8 0 0 6 3428
A9 0 0 6 3428
AA 0 0 6 3428
AB 0 0 6 3428
AC 0 0 6 3428
AD 0 0 6 3428
AE 0 0 6 3428
AF 0 0 6 3428
B0 0 0 6 3428
B1 0 0 6 3428
B2 0 0 6 3428
B3 0 0 6 3428
B4 0 0 6 3428
B5 0 0 6 3428
B6 0 0 6 3428
B7 0 0 6 3428
B8 0 0 6 3428
B9 0 0 6 3428
BA 0 0 6 3428
BB 0 0 6 3428
BC 0 0 6 3428
BD 0 0 6 3428
BE 0 0 6 3428
BF 0 0 6 3428
C0 0 0 6 3428
C1 0 0 6 3428
C2 0 0 6 3428
C3 0 0 6 3428
C4 0 0 6 3428
C5 0 0 6 3428
C6 0 0 6 3428
C7 0 0 6 3428
C8 0 0 6 3428
C9 0 0 6 3428
CA 0 0 6 3428
CB 0 0 6 3428
CC 0 0 6 3428
CD 0 0 6 3428
CE 0 0 6 3428
CF 0 0 6 3428
D0 0 0 6 3428
D1 0 0 6 3428
D2 0 0 6 3428
D3 0 0 6 3428
D4 0 0 6 3428
D5 0 0 6 3428
D6 0 0 6 3428
D7 0 0 6 3428
D8 0 0 6 3428
D9 0 0 6 3428
DA 0 0 6 3428
DB 0 0 6 3428
DC 0 0 6 3428
DD 0 0 6 3428
DE 0 0 6 3428
DF 0 0 6 3428
E0 0 0 6 3428
E1 0 0 6 3428
E2 0 0 6 3428
E3 0 0 6 3428
E4 0 0 6 3428
E5 0 0 6 3428
E6 0 0 6 3428
E7 0 0 6 3428
E8 0 0 6 3428
E9 0 0 6 3428
EA 0 0 6 3428
EB 0 0 6 3428
EC 0 0 6 3428
ED 0 0 6 3428
EE 0 0 6 3428
EF 0 0 6 3428
F0 0 0 6 3428
F1 0 0 6 3428
F2 0 0 6 3428
F3 0 0 6 3428
F4 0 0 6 3428
F5 0 0 6 3428
F6 0 0 6 3428
F7 0 0 6 3428
F8 0 0 6 3428
F9 0 0 6 3428
FA 0 0 6 3428
FB 0 0 6 3428
FC 0 0 6 3428
FD 0 0 6 3428
FE 0 0 6 3428
FF 0 0 6 3428
00 0 0 6 3428
01 0 0 6 3428
02 0 0 6 3428
03 0 0 6 3428
04 0 0 6 3428
05 0 0 6 3428
06 0 0 6 3428
07 0 0 6 3428
08 0 0 6 3428
09 0 0 6 3428
0A 0 0 6 3428
0B 0 0 6 3428
0C 0 0 6 3428
0D 0 0 6 3428
0E 0 0 6 3428
0F 0 0 6 3428
10 0 0 6 3428
11 0 0 6 3428
12 0 0 6 3428
13 0 0 6 3428
14 0 0 6 3428
15 0 0 6 3428
16 0 0 6 3428
17 0 0 6 3428
18 0 0 6 3428
19 0 0 6 3428
1A 0 0 6 3428
1B 0 0 6 3428
1C 0 0 6 3428
1D 0 0 6 3428
1E 0 0 6 3428
1F 0 0 6 3428
20 0 0 6 3428
21 0 0 6 3428
22 0 0 6 3428
23 0 0 6 3428
24 0 0 6 3428
25 0 0 6 3428
26 0 0 6 3428
27 0 0 6 3428
28 0 0 6 3428
29 0 0 6 3428
2A 0 0 6 3428
2B 0 0 6 3428
2C 0 0 6 3428
2D 0 0 6 3428
2E 0 0 6 3428
2F 0 0 6 3428
30 0 0 6 3428
31 0 0 6 3428
32 0 0 6 3428
33 0 0 6 3428
34 0 0 6 3428
35 0 0 6 3428
36 0 0 6 3428
37 0 0 6 3428
38 0 0 6 3428
39 0 0 6 3428
3A 0 0 6 3428
3B 0 0 6 3428
3C 0 0 6 3428
3D 0 0 6 3428
3E 0 0 6 3428
3F 0 0 6 3428
40 0 0 6 3428
41 0 0 6 3428
42 0 0 6 3428
43 0 0 6 3428
44 0 0 6 3428
45 0 0 6 3428
46 0 0 6 3428
47 0 0 6 3428
48 0 0 6 3428
49 0 0 6 3428
4A 0 0 6 3428
4B 0 0 6 3428
4C 0 0 6 3428
4D 0 0 6 3428
4E 0 0 6 3428
4F 0 0 6 3428
50 0 0 6 3428
51 0 0 6 3428
52 0 0 6 3428
53 0 0 6 3428
54 0 0 6 3428
55 0 0 6 3428
56 0 0 6 3428
57 0 0 6 3428
58 0 0 6 3428
59 0 0 6 3428
5A 0 0 6 3428
5B 0 0 6 3428
5C 0 0 6 3428
5D 0 0 6 3428
5E 0 0 6 3428
5F 0 0 6 3428
60 0 0 6 3428
61 0 0 6 3428
62 0 0 6 3428
63 0 0 6 3428
64 0 0 6 3428
65 0 0 6 3428
66 0 0 6 3428
67 0 0 6 3428
68 0 0 6 3428
69 0 0 6 3428
6A 0 0 6 3428
6B 0 0 6 3428
6C 0 0 6 3428
6D 0 0 6 3428
6E 0 0 6 3428
6F 0 0 6 3428
70 0 0 6 3428
71 0 0 6 3428
72 0 0 6 3428
73 0 0 6 3428
74 0 0 6 3428
75 0 0 6 3428
76 0 0 6 3428
77 0 0 6 3428
78 0 0 6 3428
79 0 0 6 3428
7A 0 0 6 3428
7B 0 0 6 3428
7C 0 0 6 3428
7D 0 0 6 3428
7E 0 0 6 3428
7F 0 0 6 3428
80 0 0 6 3428
81 0 0 6 3428
82 0 0 6 3428
83 0 0 6 3428
84 0 0 6 3428
85 0 0 6 3428
86 0 0 6 3428
87 0 0 6 3428
88 0 0 6 3428
89 0 0 6 3428
8A 0 0 6 3428
8B 0 0 6 3428
8C 0 0 6 3428
8D 0 0 6 3428
8E 0 0 6 3428
8F 0 0 6 3428
90 0 0 6 3428
91 0 0 6 3428
92 0 0 6 3428
93 0 0 6 3428
94 0 0 6 3428
95 0 0 6 3428
96 0 0 6 3428
97 0 0 6 3428
98 0 0 6 3428
99 0 0 6 3428
9A 0 0 6 3428
9B 0 0 6 3428
9C 0 0 6 3428
9D 0 0 6 3428
9E 0 0 6 3428
9F 0 0 6 3428
A0 0 0 6 3428
A1 0 0 6 3428
A2 0 0 6 3428
A3 0 0 6 3428
A4 0 0 6 3428
A5 0 0 6 3428
A6 0 0 6 3428
A7 0 0 6 3428
A8 0 0 6 3428
A9 0 0 6 3428
AA 0 0 6 3428
AB 0 0 6 3428
AC 0 0 6 3428
AD 0 0 6 3428
AE 0 0 6 3428
AF 0 0 6 3428
B0 0 0 6 3428
B1 0 0 6 3428
B2 0 0 6 3428
B3 0 0 6 3428
B4 0 0 6 3428
B5 0 0 6 3428
B6 0 0 6 3428
B7 0 0 6 3428
B8 0 0 6 3428
B9 0 0 6 3428
BA 0 0 6 3428
BB 0 0 6 3428
BC 0 0 6 3428
BD 0 0 6 3428
BE 0 0 6 3428
BF 0 0 6 3428
C0 0 0 6 3428
C1 0 0 6 3428
C2 0 0 6 3428
C3 0 0 6 3428
C4 0 0 6 3428
C5 0 0 6 3428
C6 0 0 6 3428
C7 0 0 6 3428
C8 0 0 6 3428
C9 0 0 6 3428
CA 0 0 6 3428
CB 0 0 6 3428
CC 0 0 6 3428
CD 0 0 6 3428
CE 0 0 6 3428
CF 0 0 6 3428
D0 0 0 6 3428
D1 0 0 6 3428
D2 0 0 6 3428
D3 0 0 6 3428
D4 0 0 6 3428
D5 0 0 6 3428
D6 0 0 6 3428
D7 0 0 6 3428
D8 0 0 6 3428
D9 0 0 6 3428
DA 0 0 6 3428
DB 0 0 6 3428
DC 0 0 6 3428
DD 0 0 6 3428
DE 0 0 6 3428
DF 0 0 6 3428
E0 0 0 6 3428
E1 0 0 6 3428
E2 0 0 6 3428
E3 0 0 6 3428
E4 0 0 6 3428
E5 0 0 6 3428
E6 0 0 6 3428
E7 0 0 6 3428
E8 0 0 6 3428
E9 0 0 6 3428
EA 0 0 6 3428
EB 0 0 6 3428
EC 0 0 6 3428
ED 0 0 6 3428
EE 0 0 6 3428
EF 0 0 6 3428
F0 0 0 6 3428
F1 0 0 6 3428
F2 0 0 6 3428
F3 0 0 6 3428
F4 0 0 6 3428
F5 0 0 6 3428
F6 0 0 6 3428
F7 0 0 6 3428
F8 0 0 6 3428
F9 0 0 6 3428
FA 0 0 6 3428
FB 0 0 6 3428
FC 0 0 6 3428
FD 0 0 6 3428
FE 0 0 6 3428
FF 0 0 6 3428
00 0 0 6 3428
01 0 0 6 3428
02 0 0 6 3428
03 0 0 6 3428
04 0 0 6 3428
05 0 0 6 3428
06 0 0 6 3428
07 0 0 6 3428
08 0 0 6 3428
09 0 0 6 3428
0A 0 0 6 3428
0B 0 0 6 3428
0C 0 0 6 3428
0D 0 0 6 3428
0E 0 0 6 3428
0F 0 0 6 3428
10 0 0 6 3428
11 0 0 6 3428
12 0 0 6 3428
13 0 0 6 3428
14 0 0 6 3428
15 0 0 6 3428
16 0 0 6 3428
17 0 0 6 3428
18 0 0 6 3428
19 0 0 6 3428
1A 0 0 6 3428
1B 0 0 6 3428
1C 0 0 6 3428
1D 0 0 6 3428
1E 0 0 6 3428
1F 0 0 6 3428
20 0 0 6 3428
21 0 0 6 3428
22 0 0 6 3428
23 0 0 6 3428
24 0 0 6 3428
25 0 0 6 3428
26 0 0 6 3428
27 0 0 6 3428
28 0 0 6 3428
29 0 0 6 3428
2A 0 0 6 3428
2B 0 0 6 3428
2C 0 0 6 3428
2D 0 0 6 3428
2E 0 0 6 3428
2F 0 0 6 3428
30 0 0 6 3428
31 0 0 6 3428
32 0 0 6 3428
33 0 0 6 3428
34 0 0 6 3428
35 0 0 6 3428
36 0 0 6 3428
37 0 0 6 3428
38 0 0 6 3428
39 0 0 6 3428
3A 0 0 6 3428
3B 0 0 6 3428
3C 0 0 6 3428
3D 0 0 6 3428
3E 0 0 6 3428
3F 0 0 6 3428
40 0 0 6 3428
41 0 0 6 3428
42 0 0 6 3428
43 0 0 6 3428
44 0 0 6 3428
45 0 0 6 3428
46 0 0 6 3428
47 0 0 6 3428
48 0 0 6 3428
49 0 0 6 3428
4A 0 0 6 3428
4B 0 0 6 3428
4C 0 0 6 3428
4D 0 0 6 3428
4E 0 0 6 3428
4F 0 0 6 3428
50 0 0 6 3428
51 0 0 6 3428
52 0 0 6 3428
53 0 0 6 3428
54 0 0 6 3428
55 0 0 6 3428
56 0 0 6 3428
57 0 0 6 3428
58 0 0 6 3428
59 0 0 6 3428
5A 0 0 6 3428
5B 0 0 6 3428
5C 0 0 6 3428
5D 0 0 6 3428
5E 0 0 6 3428
5F 0 0 6 3428
60 0 0 6 3428
61 0 0 6 3428
62 0 0 6 3428
63 0 0 6 3428
64 0 0 6 3428
65 0 0 6 3428
66 0 0 6 3428
67 0 0 6 3428
68 0 0 6 3428
69 0 0 6 3428
6A 0 0 6 3428
6B 0 0 6 3428
6C 0 0 6 3428
6D 0 0 6 3428
6E 0 0 6 3428
6F 0 0 6 3428
70 0 0 6 3428
71 0 0 6 3428
72 0 0 6 3428
73 0 0 6 3428
74 0 0 6 3428
75 0 0 6 3428
76 0 0 6 3428
77 0 0 6 3428
78 0 0 6 3428
79 0 0 6 3428
7A 0 0 6 3428
7B 0 0 6 3428
7C 0 0 6 3428
7D 0 0 6 3428
7E 0 0 6 3428
7F 0 0 6 3428
80 0 0 6 3428
81 0 0 6 3428
82 0 0 6 3428
83 0 0 6 3428
84 0 0 6 3428
85 0 0 6 3428
86 0 0 6 3428
87 0 0 6 3428
88 0 0 6 3428
89 0 0 6 3428
8A 0 0 6 3428
8B 0 0 6 3428
8C 0 0 6 3428
8D 0 0 6 3428
8E 0 0 6 3428
8F 0 0 6 3428
90 0 0 6 3428
91 0 0 6 3428
92 0 0 6 3428
93 0 0 6 3428
94 0 0 6 3428
95 0 0 6 3428
96 0 0 6 3428
97 0 0 6 3428
98 0 0 6 3428
99 0 0 6 3428
9A 0 0 6 3428
9B 0 0 6 3428
9C 0 0 6 3428
9D 0 0 6 3428
9E 0 0 6 3428
9F 0 0 6 3428
A0 0 0 6 3428
A1 0 0 6 3428
A2 0 0 6 3428
A3 0 0 6 3428
A4 0 0 6 3428
A5 0 0 6 3428
A6 0 0 6 3428
A7 0 0 6 3428
A8 0 0 6 3428
A9 0 0 6 3428
AA 0 0 6 3428
AB 0 0 6 3428
AC 0 0 6 3428
AD 0 0 6 3428
AE 0 0 6 3428
AF 0 0 6 3428
B0 0 0 6 3428
B1 0 0 6 3428
B2 0 0 6 3428
B3 0 0 6 3428
B4 0 0 6 3428
B5 0 0 6 3428
B6 0 0 6 3428
B7 0 0 6 3428
B8 0 0 6 3428
B9 0 0 6 3428
BA 0 0 6 3428
BB 0 0 6 3428
BC 0 0 6 3428
BD 0 0 6 3428
BE 0 0 6 3428
BF 0 0 6 3428
C0 0 0 6 3428
C1 0 0 6 3428
C2 0 0 6 3428
C3 0 0 6 3428
C4 0 0 6 3428
C5 0 0 6 3428
C6 0 0 6 3428
C7 0 0 6 3428
C8 0 0 6 3428
C9 0 0 6 3428
CA 0 0 6 3428
CB 0 0 6 3428
CC 0 0 6 3428
CD 0 0 6 3428
CE 0 0 6 3428
CF 0 0 6 3428
D0 0 0 6 3428
D1 0 0 6 3428
D2 0 0 6 3428
D3 0 0 6 3428
D4 0 0 6 3428
D5 0 0 6 3428
D6 0 0 6 3428
D7 0 0 6 3428
D8 0 0 6 3428
D9 0 0 6 3428
DA 0 0 6 3428
DB 0 0 6 3428
DC 0 0 6 3428
DD 0 0 6 3428
DE 0 0 6 3428
DF 0 0 6 3428
E0 0 0 6 3428
E1 0 0 6 3428
E2 0 0 6 3428
E3 0 0 6 3428
E4 0 0 6 3428
E5 0 0 6 3428
E6 0 0 6 3428
E7 0 0 6 3428
E8 0 0 6 3428
E9 0 0 6 3428
EA 0 0 6 3428
EB 0 0 6 3428
EC 0 0 6 3428
ED 0 0 6 3428
EE 0 0 6 3428
EF 0 0 6 3428
F0 0 0 6 3428
F1 0 0 6 3428
F2 0 0 6 3428
F3 0 0 6 3428
F4 0 0 6 3428
F5 0 0 6 3428
F6 0 0 6 3428
F7 0 0 6 3428
F8 0 0 6 3428
F9 0 0 6 3428
FA 0 0 6 3428
FB 0 0 6 3428
FC 0 0 6 3428
FD 0 0 6 3428
FE 0 0 6 3428
FF 0 0 6 3428
00 0 0 6 3428
01 0 0 6 3428
02 0 0 6 3428
03 0 0 6 3428
04 0 0 6 3428
05 0 0 6 3428
06 0 0 6 3428
07 0 0 6 3428
08 0 0 6 3428
09 0 0 6 3428
0A 0 0 6 3428
0B 0 0 6 3428
0C 0 0 6 3428
0D 0 0 6 3428
0E 0 0 6 3428
0F 0 0 6 3428
10 0 0 6 3428
11 0 0 6 3428
12 0 0 6 3428
13 0 0 6 3428
14 0 0 6 3428
15 0 0 6 3428
16 0 0 6 3428
17 0 0 6 3428
18 0 0 6 3428
19 0 0 6 3428
1A 0 0 6 3428
1B 0 0 6 3428
1C 0 0 6 3428
1D 0 0 6 3428
1E 0 0 6 3428
1F 0 0 6 3428
20 0 0 6 3428
21 0 0 6 3428
22 0 0 6 3428
23 0 0 6 3428
24 0 0 6 3428
25 0 0 6 3428
26 0 0 6 3428
27 0 0 6 3428
28 0 0 6 3428
29 0 0 6 3428
2A 0 0 6 3428
2B 0 0 6 3428
2C 0 0 6 3428
2D 0 0 6 3428
2E 0 0 6 3428
2F 0 0 6 3428
30 0 0 6 3428
31 0 0 6 3428
32 0 0 6 3428
33 0 0 6 3428
34 0 0 6 3428
35 0 0 6 3428
36 0 0 6 3428
37 0 0 6 3428
38 0 0 6 3428
39 0 0 6 3428
3A 0 0 6 3428
3B 0 0 6 3428
3C 0 0 6 3428
3D 0 0 6 3428
3E 0 0 6 3428
3F 0 0 6 3428
40 0 0 6 3428
41 0 0 6 3428
42 0 0 6 3428
43 0 0 6 3428
44 0 0 6 3428
45 0 0 6 3428
46 0 0 6 3428
47 0 0 6 3428
48 0 0 6 3428
49 0 0 6 3428
4A 0 0 6 3428
4B 0 0 6 3428
4C 0 0 6 3428
4D 0 0 6 3428
4E 0 0 6 3428
4F 0 0 6 3428
50 0 0 6 3428
51 0 0 6 3428
52 0 0 6 3428
53 0 0 6 3428
54 0 0 6 3428
55 0 0 6 3428
56 0 0 6 3428
57 0 0 6 3428
58 0 0 6 3428
59 0 0 6 3428
5A 0 0 6 3428
5B 0 0 6 3428
5C 0 0 6 3428
5D 0 0 6 3428
5E 0 0 6 3428
5F 0 0 6 3428
60 0 0 6 3428
61 0 0 6 3428
62 0 0 6 3428
63 0 0 6 3428
64 0 0 6 3428
65 0 0 6 3428
66 0 0 6 3428
67 0 0 6 3428
68 0 0 6 3428
69 0 0 6 3428
6A 0 0 6 3428
6B 0 0 6 3428
6C 0 0 6 3428
6D 0 0 6 3428
6E 0 0 6 3428
6F 0 0 6 3428
70 0 0 6 3428
71 0 0 6 3428
72 0 0 6 3428
73 0 0 6 3428
74 0 0 6 3428
75 0 0 6 3428
76 0 0 6 3428
77 0 0 6 3428
78 0 0 6 3428
79 0 0 6 3428
7A 0 0 6 3428
7B 0 0 6 3428
7C 0 0 6 3428
7D 0 0 6 3428
7E 0 0 6 3428
7F 0 0 6 3428
80 0 0 6 3428
81 0 0 6 3428
82 0 0 6 3428
83 0 0 6 3428
84 0 0 6 3428
85 0 0 6 3428
86 0 0 6 3428
87 0 0 6 3428
88 0 0 6 3428
89 0 0 6 3428
8A 0 0 6 3428
8B 0 0 6 3428
8C 0 0 6 3428
8D 0 0 6 3428
8E 0 0 6 3428
8F 0 0 6 3428
90 0 0 6 3428
91 0 0 6 3428
92 0 0 6 3428
93 0 0 6 3428
94 0 0 6 3428
95 0 0 6 3428
96 0 0 6 3428
97 0 0 6 3428
98 0 0 6 3428
99 0 0 6 3428
9A 0 0 6 3428
9B 0 0 6 3428
9C 0 0 6 3428
9D 0 0 6 3428
9E 0 0 6 3428
9F 0 0 6 3428
A0 0 0 6 3428
A1 0 0 6 3428
A2 0 0 6 3428
A3 0 0 6 3428
A4 0 0 6 3428
A5 0 0 6 3428
A6 0 0 6 3428
A7 0 0 6 3428
A8 0 0 6 3428
A9 0 0 6 3428
AA 0 0 6 3428
AB 0 0 6 3428
AC 0 0 6 3428
AD 0 0 6 3428
AE 0 0 6 3428
AF 0 0 6 3428
B0 0 0 6 3428
B1 0 0 6 3428
B2 0 0 6 3428
B3 0 0 6 3428
B4 0 0 6 3428
B5 0 0 6 3428
B6 0 0 6 3428
B7 0 0 6 3428
B8 0 0 6 3428
B9 0 0 6 3428
BA 0 0 6 3428
BB 0 0 6 3428
BC 0 0 6 3428
BD 0 0 6 3428
BE 0 0 6 3428
BF 0 0 6 3428
C0 0 0 6 3428
C1 0 0 6 3428
C2 0 0 6 3428
C3 0 0 6 3428
C4 0 0 6 3428
C5 0 0 6 3428
C6 0 0 6 3428
C7 0 0 6 3428
C8 0 0 6 3428
C9 0 0 6 3428
CA 0 0 6 3428
CB 0 0 6 3428
CC 0 0 6 3428
CD 0 0 6 3428
CE 0 0 6 3428
CF 0 0 6 3428
D0 0 0 6 3428
D1 0 0 6 3428
D2 0 0 6 3428
D3 0 0 6 3428
D4 0 0 6 3428
D5 0 0 6 3428
D6 0 0 6 3428
D7 0 0 6 3428
D8 0 0 6 3428
D9 0 0 6 3428
DA 0 0 6 3428
DB 0 0 6 3428
DC 0 0 6 3428
DD 0 0 6 3428
DE 0 0 6 3428
DF 0 0 6 3428
E0 0 0 6 3428
E1 0 0 6 3428
E2 0 0 6 3428
E3 0 0 6 3428
E4 0 0 6 3428
E5 0 0 6 3428
E6 0 0 6 3428
E7 0 0 6 3428
E8 0 0 6 3428
E9 0 0 6 3428
EA 0 0 6 3428
EB 0 0 6 3428
EC 0 0 6 3428
ED 0 0 6 3428
EE 0 0 6 3428
EF 0 0 6 3428
F0 0 0 6 3428
F1 0 0 6 3428
F2 0 0 6 3428
F3 0 0 6 3428
F4 0 0 6 3428
F5 0 0 6 3428
F6 0 0 6 3428
F7 0 0 6 3428
F8 0 0 6 3428
F9 0 0 6 3428
FA 0 0 6 3428
FB 0 0 6 3428
FC 0 0 6 3428
FD 0 0 6 3428
FE 0 0 6 3428
FF 0 0 6 3428
00 0 0 6 3428
01 0 0 6 3428
02 0 0 6 3428
03 0 0 6 3428
04 0 0 6 3428
05 0 0 6 3428
06 0 0 6 3428
07 0 0 6 3428
08 0 0 6 3428
09 0 0 6 3428
0A 0 0 6 3428
0B 0 0 6 3428
0C 0 0 6 3428
0D 0 0 6 3428
0E 0 0 6 3428
0F 0 0 6 3428
10 0 0 6 3428
11 0 0 6 3428
12 0 0 6 3428
13 0 0 6 3428
14 0 0 6 3428
15 0 0 6 3428
16 0 0 6 3428
17 0 0 6 3428
18 0 0 6 3428
19 0 0 6 3428
1A 0 0 6 3428
1B 0 0 6 3428
1C 0 0 6 3428
1D 0 0 6 3428
1E 0 0 6 3428
1F 0 0 6 3428
20 0 0 6 3428
21 0 0 6 3428
22 0 0 6 3428
23 0 0 6 3428
24 0 0 6 3428
25 0 0 6 3428
26 0 0 6 3428
27 0 0 6 3428
28 0 0 6 3428
29 0 0 6 3428
2A 0 0 6 3428
2B 0 0 6 3428
2C 0 0 6 3428
2D 0 0 6 3428
2E 0 0 6 3428
2F 0 0 6 3428
30 0 0 6 3428
31 0 0 6 3428
32 0 0 6 3428
33 0 0 6 3428
34 0 0 6 3428
35 0 0 6 3428
36 0 0 6 3428
37 0 0 6 3428
38 0 0 6 3428
39 0 0 6 3428
3A 0 0 6 3428
3B 0 0 6 3428
3C 0 0 6 3428
3D 0 0 6 3428
3E 0 0 6 3428
3F 0 0 6 3428
40 0 0 6 3428
41 0 0 6 3428
42 0 0 6 3428
43 0 0 6 3428
44 0 0 6 3428
45 0 0 6 3428
46 0 0 6 3428
47 0 0 6 3428
48 0 0 6 3428
49 0 0 6 3428
4A 0 0 6 3428
4B 0 0 6 3428
4C 0 0 6 3428
4D 0 0 6 3428
4E 0 0 6 3428
4F 0 0 6 3428
50 0 0 6 3428
51 0 0 6 3428
52 0 0 6 3428
53 0 0 6 3428
54 0 0 6 3428
55 0 0 6 3428
56 0 0 6 3428
57 0 0 6 3428
58 0 0 6 3428
59 0 0 6 3428
5A 0 0 6 3428
5B 0 0 6 3428
5C 0 0 6 3428
5D 0 0 6 3428
5E 0 0 6 3428
5F 0 0 6 3428
60 0 0 6 3428
61 0 0 6 3428
62 0 0 6 3428
63 0 0 6 3428
64 0 0 6 3428
65 0 0 6 3428
66 0 0 6 3428
67 0 0 6 3428
68 0 0 6 3428
69 0 0 6 3428
6A 0 0 6 3428
6B 0 0 6 3428
6C 0 0 6 3428
6D 0 0 6 3428
6E 0 0 6 3428
6F 0 0 6 3428
70 0 0 6 3428
71 0 0 6 3428
72 0 0 6 3428
73 0 0 6 3428
74 0 0 6 3428
75 0 0 6 3428
76 0 0 6 3428
77 0 0 6 3428
78 0 0 6 3428
79 0 0 6 3428
7A 0 0 6 3428
7B 0 0 6 3428
7C 0 0 6 3428
7D 0 0 6 3428
7E 0 0 6 3428
7F 0 0 6 3428
80 0 0 6 3428
81 0 0 6 3428
82 0 0 6 3428
83 0 0 6 3428
84 0 0 6 3428
85 0 0 6 3428
86 0 0 6 3428
87 0 0 6 3428
88 0 0 6 3428
89 0 0 6 3428
8A 0 0 6 3428
8B 0 0 6 3428
8C 0 0 6 3428
8D 0 0 6 3428
8E 0 0 6 3428
8F 0 0 6 3428
90 0 0 6 3428
91 0 0 6 3428
92 0 0 6 3428
93 0 0 6 3428
94 0 0 6 3428
95 0 0 6 3428
96 0 0 6 3428
97 0 0 6 3428
98 0 0 6 3428
99 0 0 6 3428
9A 0 0 6 3428
9B 0 0 6 3428
9C 0 0 6 3428
9D 0 0 6 3428
9E 0 0 6 3428
9F 0 0 6 3428
A0 0 0 6 3428
A1 0 0 6 3428
A2 0 0 6 3428
A3 0 0 6 3428
A4 0 0 6 3428
A5 0 0 6 3428
A6 0 0 6 3428
A7 0 0 6 3428
A8 0 0 6 3428
A9 0 0 6 3428
AA 0 0 6 3428
AB 0 0 6 3428
AC 0 0 6 3428
AD 0 0 6 3428
AE 0 0 6 3428
AF 0 0 6 3428
B0 0 0 6 3428
B1 0 0 6 3428
B2 0 0 6 3428
B3 1 0 6 3428
00 0 0 7 4994
0A 0 0 7 4994
35 0 0 7 4994
01 0 0 7 4994
02 0 0 7 4994
03 0 0 7 4994
DE 0 0 7 4994
AD 0 0 7 4994
BE 0 0 7 4994
EF 0 0 7 4994
00 0 0 7 4994
01 0 0 7 4994
08 0 0 7 4994
00 0 0 7 4994
07 0 0 7 4994
08 0 0 7 4994
09 0 0 7 4994
0A 0 0 7 4994
0B 0 0 7 4994
0C 0 0 7 4994
0D 0 0 7 4994
0E 0 0 7 4994
0F 0 0 7 4994
10 0 0 7 4994
11 0 0 7 4994
12 0 0 7 4994
13 0 0 7 4994
14 0 0 7 4994
15 0 0 7 4994
16 0 0 7 4994
17 0 0 7 4994
18 0 0 7 4994
19 0 0 7 4994
1A 0 0 7 4994
1B 0 0 7 4994
1C 0 0 7 4994
1D 0 0 7 4994
1E 0 0 7 4994
1F 0 0 7 4994
20 0 0 7 4994
21 0 0 7 4994
22 0 0 7 4994
23 0 0 7 4994
24 0 0 7 4994
25 0 0 7 4994
26 0 0 7 4994
27 0 0 7 4994
28 0 0 7 4994
29 0 0 7 4994
2A 0 0 7 4994
2B 0 0 7 4994
2C 0 0 7 4994
2D 0 0 7 4994
2E 0 0 7 4994
2F 0 0 7 4994
30 0 0 7 4994
31 0 0 7 4994
32 0 0 7 4994
33 0 0 7 4994
34 0 0 7 4994
35 0 0 7 4994
36 0 0 7 4994
37 0 0 7 4994
38 0 0 7 4994
39 0 0 7 4994
3A 0 0 7 4994
3B 0 0 7 4994
3C 0 0 7 4994
3D 0 0 7 4994
3E 0 0 7 4994
3F 0 0 7 4994
40 0 0 7 4994
41 0 0 7 4994
42 0 0 7 4994
43 0 0 7 4994
44 0 0 7 4994
45 0 0 7 4994
46 0 0 7 4994
47 1 1 7 4994
00 0 0 8 5097
0A 0 0 8 5097
35 0 0 8 5097
01 0 0 8 5097
02 0 0 8 5097
03 0 0 8 5097
DE 0 0 8 5097
AD 0 0 8 5097
BE 0 0 8 5097
EF 0 0 8 5097
00 0 0 8 5097
01 0 0 8 5097
08 0 0 8 5097
00 0 0 8 5097
08 0 0 8 5097
09 0 0 8 5097
0A 0 0 8 5097
0B 0 0 8 5097
0C 0 0 8 5097
0D 0 0 8 5097
0E 0 0 8 5097
0F 0 0 8 5097
10 0 0 8 5097
11 0 0 8 5097
12 0 0 8 5097
13 0 0 8 5097
14 0 0 8 5097
15 0 0 8 5097
16 0 0 8 5097
17 0 0 8 5097
18 0 0 8 5097
19 0 0 8 5097
1A 0 0 8 5097
1B 0 0 8 5097
1C 0 0 8 5097
1D 0 0 8 5097
1E 0 0 8 5097
1F 0 0 8 5097
20 0 0 8 5097
21 0 0 8 5097
22 0 0 8 5097
23 0 0 8 5097
24 0 0 8 5097
25 0 0 8 5097
26 0 0 8 5097
27 0 0 8 5097
28 0 0 8 5097
29 0 0 8 5097
2A 0 0 8 5097
2B 0 0 8 5097
2C 0 0 8 5097
2D 0 0 8 5097
2E 0 0 8 5097
2F 0 0 8 5097
30 0 0 8 5097
31 0 0 8 5097
32 0 0 8 5097
33 0 0 8 5097
34 0 0 8 5097
35 0 0 8 5097
36 0 0 8 5097
37 0 0 8 5097
38 0 0 8 5097
39 0 0 8 5097
3A 0 0 8 5097
3B 0 0 8 5097
3C 0 0 8 5097
3D 0 0 8 5097
3E 0 0 8 5097
3F 0 0 8 5097
40 0 0 8 5097
41 0 0 8 5097
42 0 0 8 5097
43 0 0 8 5097
44 0 0 8 5097
45 0 0 8 5097
46 0 0 8 5097
47 0 0 8 5097
48 0 0 8 5097
49 0 0 8 5097
4A 0 0 8 5097
4B 0 0 8 5097
4C 0 0 8 5097
4D 0 0 8 5097
4E 0 0 8 5097
4F 0 0 8 5097
50 0 0 8 5097
51 0 0 8 5097
52 0 0 8 5097
53 0 0 8 5097
54 0 0 8 5097
55 0 0 8 5097
56 0 0 8 5097
57 0 0 8 5097
58 0 0 8 5097
59 0 0 8 5097
5A 0 0 8 5097
5B 0 0 8 5097
5C 0 0 8 5097
5D 0 0 8 5097
5E 0 0 8 5097
5F 0 0 8 5097
60 0 0 8 5097
61 0 0 8 5097
62 0 0 8 5097
63 0 0 8 5097
64 0 0 8 5097
65 0 0 8 5097
66 0 0 8 5097
67 0 0 8 5097
68 0 0 8 5097
69 0 0 8 5097
6A 0 0 8 5097
6B 0 0 8 5097
27 0 0 8 5097
91 0 0 8 5097
A0 0 0 8 5097
6D 0 0 8 5097
00 0 0 8 5097
01 0 0 8 5097
02 0 0 8 5097
03 0 0 8 5097
04 0 0 8 5097
05 0 0 8 5097
06 0 0 8 5097
07 0 0 8 5097
08 0 0 8 5097
09 0 0 8 5097
0A 0 0 8 5097
0B 0 0 8 5097
0C 0 0 8 5097
0D 0 0 8 5097
0E 0 0 8 5097
0F 0 0 8 5097
10 0 0 8 5097
11 0 0 8 5097
12 0 0 8 5097
13 0 0 8 5097
14 0 0 8 5097
15 0 0 8 5097
16 0 0 8 5097
17 0 0 8 5097
18 0 0 8 5097
19 0 0 8 5097
1A 0 0 8 5097
1B 0 0 8 5097
1C 0 0 8 5097
1D 0 0 8 5097
1E 0 0 8 5097
1F 0 0 8 5097
20 0 0 8 5097
21 0 0 8 5097
22 0 0 8 5097
23 0 0 8 5097
24 0 0 8 5097
25 0 0 8 5097
26 0 0 8 5097
27 0 0 8 5097
28 0 0 8 5097
29 0 0 8 5097
2A 0 0 8 5097
2B 0 0 8 5097
2C 0 0 8 5097
2D 0 0 8 5097
2E 0 0 8 5097
2F 0 0 8 5097
30 0 0 8 5097
31 0 0 8 5097
32 0 0 8 5097
33 0 0 8 5097
34 0 0 8 5097
35 0 0 8 5097
36 0 0 8 5097
37 0 0 8 5097
38 0 0 8 5097
39 0 0 8 5097
3A 0 0 8 5097
3B 0 0 8 5097
3C 0 0 8 5097
3D 0 0 8 5097
3E 0 0 8 5097
3F 0 0 8 5097
40 0 0 8 5097
41 0 0 8 5097
42 0 0 8 5097
43 0 0 8 5097
44 0 0 8 5097
45 0 0 8 5097
46 0 0 8 5097
47 0 0 8 5097
48 0 0 8 5097
49 0 0 8 5097
4A 0 0 8 5097
4B 0 0 8 5097
4C 0 0 8 5097
4D 0 0 8 5097
4E 0 0 8 5097
4F 0 0 8 5097
50 0 0 8 5097
51 0 0 8 5097
52 0 0 8 5097
53 0 0 8 5097
54 0 0 8 5097
55 0 0 8 5097
56 0 0 8 5097
57 0 0 8 5097
58 0 0 8 5097
59 0 0 8 5097
5A 0 0 8 5097
5B 0 0 8 5097
5C 0 0 8 5097
5D 0 0 8 5097
5E 0 0 8 5097
5F 0 0 8 5097
60 0 0 8 5097
61 0 0 8 5097
62 0 0 8 5097
63 0 0 8 5097
64 0 0 8 5097
65 0 0 8 5097
66 0 0 8 5097
67 0 0 8 5097
68 0 0 8 5097
69 0 0 8 5097
6A 0 0 8 5097
6B 0 0 8 5097
6C 0 0 8 5097
6D 0 0 8 5097
6E 0 0 8 5097
6F 0 0 8 5097
70 0 0 8 5097
71 0 0 8 5097
72 0 0 8 5097
73 0 0 8 5097
74 0 0 8 5097
75 0 0 8 5097
76 0 0 8 5097
77 0 0 8 5097
78 0 0 8 5097
79 0 0 8 5097
7A 0 0 8 5097
7B 0 0 8 5097
7C 0 0 8 5097
7D 0 0 8 5097
7E 0 0 8 5097
7F 0 0 8 5097
80 0 0 8 5097
81 0 0 8 5097
82 0 0 8 5097
83 0 0 8 5097
84 0 0 8 5097
85 0 0 8 5097
86 0 0 8 5097
87 0 0 8 5097
88 0 0 8 5097
89 0 0 8 5097
8A 0 0 8 5097
8B 0 0 8 5097
8C 0 0 8 5097
8D 0 0 8 5097
8E 0 0 8 5097
8F 0 0 8 5097
90 0 0 8 5097
91 0 0 8 5097
92 0 0 8 5097
93 0 0 8 5097
94 0 0 8 5097
95 0 0 8 5097
96 0 0 8 5097
97 0 0 8 5097
98 0 0 8 5097
99 0 0 8 5097
9A 0 0 8 5097
9B 0 0 8 5097
9C 0 0 8 5097
9D 0 0 8 5097
9E 0 0 8 5097
9F 0 0 8 5097
A0 0 0 8 5097
A1 0 0 8 5097
A2 0 0 8 5097
A3 0 0 8 5097
A4 0 0 8 5097
A5 0 0 8 5097
A6 0 0 8 5097
A7 0 0 8 5097
A8 0 0 8 5097
A9 0 0 8 5097
AA 0 0 8 5097
AB 0 0 8 5097
AC 0 0 8 5097
AD 0 0 8 5097
AE 0 0 8 5097
AF 0 0 8 5097
B0 0 0 8 5097
B1 0 0 8 5097
B2 0 0 8 5097
B3 0 0 8 5097
B4 0 0 8 5097
B5 0 0 8 5097
B6 0 0 8 5097
B7 0 0 8 5097
B8 0 0 8 5097
B9 0 0 8 5097
BA 0 0 8 5097
BB 0 0 8 5097
BC 0 0 8 5097
BD 0 0 8 5097
BE 0 0 8 5097
BF 0 0 8 5097
C0 0 0 8 5097
C1 0 0 8 5097
C2 0 0 8 5097
C3 0 0 8 5097
C4 0 0 8 5097
C5 0 0 8 5097
C6 0 0 8 5097
C7 0 0 8 5097
C8 0 0 8 5097
C9 0 0 8 5097
CA 0 0 8 5097
CB 0 0 8 5097
CC 0 0 8 5097
CD 0 0 8 5097
CE 0 0 8 5097
CF 0 0 8 5097
D0 0 0 8 5097
D1 0 0 8 5097
D2 0 0 8 5097
D3 0 0 8 5097
D4 0 0 8 5097
D5 0 0 8 5097
D6 0 0 8 5097
D7 0 0 8 5097
D8 0 0 8 5097
D9 0 0 8 5097
DA 0 0 8 5097
DB 0 0 8 5097
DC 0 0 8 5097
DD 0 0 8 5097
DE 0 0 8 5097
DF 0 0 8 5097
E0 0 0 8 5097
E1 0 0 8 5097
E2 0 0 8 5097
E3 0 0 8 5097
E4 0 0 8 5097
E5 0 0 8 5097
E6 0 0 8 5097
E7 0 0 8 5097
E8 0 0 8 5097
E9 0 0 8 5097
EA 0 0 8 5097
EB 0 0 8 5097
EC 0 0 8 5097
ED 0 0 8 5097
EE 0 0 8 5097
EF 0 0 8 5097
F0 0 0 8 5097
F1 0 0 8 5097
F2 0 0 8 5097
F3 0 0 8 5097
F4 0 0 8 5097
F5 0 0 8 5097
F6 0 0 8 5097
F7 0 0 8 5097
F8 0 0 8 5097
F9 0 0 8 5097
FA 0 0 8 5097
FB 0 0 8 5097
FC 0 0 8 5097
FD 0 0 8 5097
FE 0 0 8 5097
FF 0 0 8 5097
00 0 0 8 5097
01 0 0 8 5097
02 0 0 8 5097
03 0 0 8 5097
04 0 0 8 5097
05 0 0 8 5097
06 0 0 8 5097
07 0 0 8 5097
08 0 0 8 5097
09 0 0 8 5097
0A 0 0 8 5097
0B 0 0 8 5097
0C 0 0 8 5097
0D 0 0 8 5097
0E 0 0 8 5097
0F 0 0 8 5097
10 0 0 8 5097
11 0 0 8 5097
12 0 0 8 5097
13 0 0 8 5097
14 0 0 8 5097
15 0 0 8 5097
16 0 0 8 5097
17 0 0 8 5097
18 0 0 8 5097
19 0 0 8 5097
1A 0 0 8 5097
1B 0 0 8 5097
1C 0 0 8 5097
1D 0 0 8 5097
1E 0 0 8 5097
1F 0 0 8 5097
20 0 0 8 5097
21 0 0 8 5097
22 0 0 8 5097
23 0 0 8 5097
24 0 0 8 5097
25 0 0 8 5097
26 0 0 8 5097
27 0 0 8 5097
28 0 0 8 5097
29 0 0 8 5097
2A 0 0 8 5097
2B 0 0 8 5097
2C 0 0 8 5097
2D 0 0 8 5097
2E 0 0 8 5097
2F 0 0 8 5097
30 0 0 8 5097
31 0 0 8 5097
32 0 0 8 5097
33 0 0 8 5097
34 0 0 8 5097
35 0 0 8 5097
36 0 0 8 5097
37 0 0 8 5097
38 0 0 8 5097
39 0 0 8 5097
3A 0 0 8 5097
3B 0 0 8 5097
3C 0 0 8 5097
3D 0 0 8 5097
3E 0 0 8 5097
3F 0 0 8 5097
40 0 0 8 5097
41 0 0 8 5097
42 0 0 8 5097
43 0 0 8 5097
44 0 0 8 5097
45 0 0 8 5097
46 0 0 8 5097
47 0 0 8 5097
48 0 0 8 5097
49 0 0 8 5097
4A 0 0 8 5097
4B 0 0 8 5097
4C 0 0 8 5097
4D 0 0 8 5097
4E 0 0 8 5097
4F 0 0 8 5097
50 0 0 8 5097
51 0 0 8 5097
52 0 0 8 5097
53 0 0 8 5097
54 0 0 8 5097
55 0 0 8 5097
56 0 0 8 5097
57 0 0 8 5097
58 0 0 8 5097
59 0 0 8 5097
5A 0 0 8 5097
5B 0 0 8 5097
5C 0 0 8 5097
5D 0 0 8 5097
5E 0 0 8 5097
5F 0 0 8 5097
60 0 0 8 5097
61 0 0 8 5097
62 0 0 8 5097
63 0 0 8 5097
64 0 0 8 5097
65 0 0 8 5097
66 0 0 8 5097
67 0 0 8 5097
68 0 0 8 5097
69 0 0 8 5097
6A 0 0 8 5097
6B 0 0 8 5097
6C 0 0 8 5097
6D 0 0 8 5097
6E 0 0 8 5097
6F 0 0 8 5097
70 0 0 8 5097
71 0 0 8 5097
72 0 0 8 5097
73 0 0 8 5097
74 0 0 8 5097
75 0 0 8 5097
76 0 0 8 5097
77 0 0 8 5097
78 0 0 8 5097
79 0 0 8 5097
7A 0 0 8 5097
7B 0 0 8 5097
7C 0 0 8 5097
7D 0 0 8 5097
7E 0 0 8 5097
7F 0 0 8 5097
80 0 0 8 5097
81 0 0 8 5097
82 0 0 8 5097
83 0 0 8 5097
84 0 0 8 5097
85 0 0 8 5097
86 0 0 8 5097
87 0 0 8 5097
88 0 0 8 5097
89 0 0 8 5097
8A 0 0 8 5097
8B 0 0 8 5097
8C 0 0 8 5097
8D 0 0 8 5097
8E 0 0 8 5097
8F 0 0 8 5097
90 0 0 8 5097
91 0 0 8 5097
92 0 0 8 5097
93 0 0 8 5097
94 0 0 8 5097
95 0 0 8 5097
96 0 0 8 5097
97 0 0 8 5097
98 0 0 8 5097
99 0 0 8 5097
9A 0 0 8 5097
9B 0 0 8 5097
9C 0 0 8 5097
9D 0 0 8 5097
9E 0 0 8 5097
9F 0 0 8 5097
A0 0 0 8 5097
A1 0 0 8 5097
A2 0 0 8 5097
A3 0 0 8 5097
A4 0 0 8 5097
A5 0 0 8 5097
A6 0 0 8 5097
A7 0 0 8 5097
A8 0 0 8 5097
A9 0 0 8 5097
AA 0 0 8 5097
AB 0 0 8 5097
AC 0 0 8 5097
AD 0 0 8 5097
AE 0 0 8 5097
AF 0 0 8 5097
B0 0 0 8 5097
B1 0 0 8 5097
B2 0 0 8 5097
B3 0 0 8 5097
B4 0 0 8 5097
B5 0 0 8 5097
B6 0 0 8 5097
B7 0 0 8 5097
B8 0 0 8 5097
B9 0 0 8 5097
BA 0 0 8 5097
BB 0 0 8 5097
BC 0 0 8 5097
BD 0 0 8 5097
BE 0 0 8 5097
BF 0 0 8 5097
C0 0 0 8 5097
C1 0 0 8 5097
C2 0 0 8 5097
C3 0 0 8 5097
C4 0 0 8 5097
C5 0 0 8 5097
C6 0 0 8 5097
C7 0 0 8 5097
C8 0 0 8 5097
C9 0 0 8 5097
CA 0 0 8 5097
CB 0 0 8 5097
CC 0 0 8 5097
CD 0 0 8 5097
CE 0 0 8 5097
CF 0 0 8 5097
D0 0 0 8 5097
D1 0 0 8 5097
D2 0 0 8 5097
D3 0 0 8 5097
D4 0 0 8 5097
D5 0 0 8 5097
D6 0 0 8 5097
D7 0 0 8 5097
D8 0 0 8 5097
D9 0 0 8 5097
DA 0 0 8 5097
DB 0 0 8 5097
DC 0 0 8 5097
DD 0 0 8 5097
DE 0 0 8 5097
DF 0 0 8 5097
E0 0 0 8 5097
E1 0 0 8 5097
E2 0 0 8 5097
E3 0 0 8 5097
E4 0 0 8 5097
E5 0 0 8 5097
E6 0 0 8 5097
E7 0 0 8 5097
E8 0 0 8 5097
E9 0 0 8 5097
EA 0 0 8 5097
EB 0 0 8 5097
EC 0 0 8 5097
ED 0 0 8 5097
EE 0 0 8 5097
EF 0 0 8 5097
F0 0 0 8 5097
F1 0 0 8 5097
F2 0 0 8 5097
F3 0 0 8 5097
F4 0 0 8 5097
F5 0 0 8 5097
F6 0 0 8 5097
F7 0 0 8 5097
F8 0 0 8 5097
F9 0 0 8 5097
FA 0 0 8 5097
FB 0 0 8 5097
FC 0 0 8 5097
FD 0 0 8 5097
FE 0 0 8 5097
FF 0 0 8 5097
00 0 0 8 5097
01 0 0 8 5097
02 0 0 8 5097
03 0 0 8 5097
04 0 0 8 5097
05 0 0 8 5097
06 0 0 8 5097
07 0 0 8 5097
08 0 0 8 5097
09 0 0 8 5097
0A 0 0 8 5097
0B 0 0 8 5097
0C 0 0 8 5097
0D 0 0 8 5097
0E 0 0 8 5097
0F 0 0 8 5097
10 0 0 8 5097
11 0 0 8 5097
12 0 0 8 5097
13 0 0 8 5097
14 0 0 8 5097
15 0 0 8 5097
16 0 0 8 5097
17 0 0 8 5097
18 0 0 8 5097
19 0 0 8 5097
1A 0 0 8 5097
1B 0 0 8 5097
1C 0 0 8 5097
1D 0 0 8 5097
1E 0 0 8 5097
1F 0 0 8 5097
20 0 0 8 5097
21 0 0 8 5097
22 0 0 8 5097
23 0 0 8 5097
24 0 0 8 5097
25 0 0 8 5097
26 0 0 8 5097
27 0 0 8 5097
28 0 0 8 5097
29 0 0 8 5097
2A 0 0 8 5097
2B 0 0 8 5097
2C 0 0 8 5097
2D 0 0 8 5097
2E 0 0 8 5097
2F 0 0 8 5097
30 0 0 8 5097
31 0 0 8 5097
32 0 0 8 5097
33 0 0 8 5097
34 0 0 8 5097
35 0 0 8 5097
36 0 0 8 5097
37 0 0 8 5097
38 0 0 8 5097
39 0 0 8 5097
3A 0 0 8 5097
3B 0 0 8 5097
3C 0 0 8 5097
3D 0 0 8 5097
3E 0 0 8 5097
3F 0 0 8 5097
40 0 0 8 5097
41 0 0 8 5097
42 0 0 8 5097
43 0 0 8 5097
44 0 0 8 5097
45 0 0 8 5097
46 0 0 8 5097
47 0 0 8 5097
48 0 0 8 5097
49 0 0 8 5097
4A 0 0 8 5097
4B 0 0 8 5097
4C 0 0 8 5097
4D 0 0 8 5097
4E 0 0 8 5097
4F 0 0 8 5097
50 0 0 8 5097
51 0 0 8 5097
52 0 0 8 5097
53 0 0 8 5097
54 0 0 8 5097
55 0 0 8 5097
56 0 0 8 5097
57 0 0 8 5097
58 0 0 8 5097
59 0 0 8 5097
5A 0 0 8 5097
5B 0 0 8 5097
5C 0 0 8 5097
5D 0 0 8 5097
5E 0 0 8 5097
5F 0 0 8 5097
60 0 0 8 5097
61 0 0 8 5097
62 0 0 8 5097
63 0 0 8 5097
64 0 0 8 5097
65 0 0 8 5097
66 0 0 8 5097
67 0 0 8 5097
68 0 0 8 5097
69 0 0 8 5097
6A 0 0 8 5097
6B 0 0 8 5097
6C 0 0 8 5097
6D 0 0 8 5097
6E 0 0 8 5097
6F 0 0 8 5097
70 0 0 8 5097
71 0 0 8 5097
72 0 0 8 5097
73 0 0 8 5097
74 0 0 8 5097
75 0 0 8 5097
76 0 0 8 5097
77 0 0 8 5097
78 0 0 8 5097
79 0 0 8 5097
7A 0 0 8 5097
7B 0 0 8 5097
7C 0 0 8 5097
7D 0 0 8 5097
7E 0 0 8 5097
7F 0 0 8 5097
80 0 0 8 5097
81 0 0 8 5097
82 0 0 8 5097
83 0 0 8 5097
84 0 0 8 5097
85 0 0 8 5097
86 0 0 8 5097
87 0 0 8 5097
88 0 0 8 5097
89 0 0 8 5097
8A 0 0 8 5097
8B 0 0 8 5097
8C 0 0 8 5097
8D 0 0 8 5097
8E 0 0 8 5097
8F 0 0 8 5097
90 0 0 8 5097
91 0 0 8 5097
92 0 0 8 5097
93 0 0 8 5097
94 0 0 8 5097
95 0 0 8 5097
96 0 0 8 5097
97 0 0 8 5097
98 0 0 8 5097
99 0 0 8 5097
9A 0 0 8 5097
9B 0 0 8 5097
9C 0 0 8 5097
9D 0 0 8 5097
9E 0 0 8 5097
9F 0 0 8 5097
A0 0 0 8 5097
A1 0 0 8 5097
A2 0 0 8 5097
A3 0 0 8 5097
A4 0 0 8 5097
A5 0 0 8 5097
A6 0 0 8 5097
A7 0 0 8 5097
A8 0 0 8 5097
A9 0 0 8 5097
AA 0 0 8 5097
AB 0 0 8 5097
AC 0 0 8 5097
AD 0 0 8 5097
AE 0 0 8 5097
AF 0 0 8 5097
B0 0 0 8 5097
B1 0 0 8 5097
B2 0 0 8 5097
B3 0 0 8 5097
B4 0 0 8 5097
B5 0 0 8 5097
B6 0 0 8 5097
B7 0 0 8 5097
B8 0 0 8 5097
B9 0 0 8 5097
BA 0 0 8 5097
BB 0 0 8 5097
BC 0 0 8 5097
BD 0 0 8 5097
BE 0 0 8 5097
BF 0 0 8 5097
C0 0 0 8 5097
C1 0 0 8 5097
C2 0 0 8 5097
C3 0 0 8 5097
C4 0 0 8 5097
C5 0 0 8 5097
C6 0 0 8 5097
C7 0 0 8 5097
C8 0 0 8 5097
C9 0 0 8 5097
CA 0 0 8 5097
CB 0 0 8 5097
CC 0 0 8 5097
CD 0 0 8 5097
CE 0 0 8 5097
CF 0 0 8 5097
D0 0 0 8 5097
D1 0 0 8 5097
D2 0 0 8 5097
D3 0 0 8 5097
D4 0 0 8 5097
D5 0 0 8 5097
D6 0 0 8 5097
D7 0 0 8 5097
D8 0 0 8 5097
D9 0 0 8 5097
DA 0 0 8 5097
DB 0 0 8 5097
DC 0 0 8 5097
DD 0 0 8 5097
DE 0 0 8 5097
DF 0 0 8 5097
E0 0 0 8 5097
E1 0 0 8 5097
E2 0 0 8 5097
E3 0 0 8 5097
E4 0 0 8 5097
E5 0 0 8 5097
E6 0 0 8 5097
E7 0 0 8 5097
E8 0 0 8 5097
E9 0 0 8 5097
EA 0 0 8 5097
EB 0 0 8 5097
EC 0 0 8 5097
ED 0 0 8 5097
EE 0 0 8 5097
EF 0 0 8 5097
F0 0 0 8 5097
F1 0 0 8 5097
F2 0 0 8 5097
F3 0 0 8 5097
F4 0 0 8 5097
F5 0 0 8 5097
F6 0 0 8 5097
F7 0 0 8 5097
F8 0 0 8 5097
F9 0 0 8 5097
FA 0 0 8 5097
FB 0 0 8 5097
FC 0 0 8 5097
FD 0 0 8 5097
FE 0 0 8 5097
FF 0 0 8 5097
00 0 0 8 5097
01 0 0 8 5097
02 0 0 8 5097
03 0 0 8 5097
04 0 0 8 5097
05 0 0 8 5097
06 0 0 8 5097
07 0 0 8 5097
08 0 0 8 5097
09 0 0 8 5097
0A 0 0 8 5097
0B 0 0 8 5097
0C 0 0 8 5097
0D 0 0 8 5097
0E 0 0 8 5097
0F 0 0 8 5097
10 0 0 8 5097
11 0 0 8 5097
12 0 0 8 5097
13 0 0 8 5097
14 0 0 8 5097
15 0 0 8 5097
16 0 0 8 5097
17 0 0 8 5097
18 0 0 8 5097
19 0 0 8 5097
1A 0 0 8 5097
1B 0 0 8 5097
1C 0 0 8 5097
1D 0 0 8 5097
1E 0 0 8 5097
1F 0 0 8 5097
20 0 0 8 5097
21 0 0 8 5097
22 0 0 8 5097
23 0 0 8 5097
24 0 0 8 5097
25 0 0 8 5097
26 0 0 8 5097
27 0 0 8 5097
28 0 0 8 5097
29 0 0 8 5097
2A 0 0 8 5097
2B 0 0 8 5097
2C 0 0 8 5097
2D 0 0 8 5097
2E 0 0 8 5097
2F 0 0 8 5097
30 0 0 8 5097
31 0 0 8 5097
32 0 0 8 5097
33 0 0 8 5097
34 0 0 8 5097
35 0 0 8 5097
36 0 0 8 5097
37 0 0 8 5097
38 0 0 8 5097
39 0 0 8 5097
3A 0 0 8 5097
3B 0 0 8 5097
3C 0 0 8 5097
3D 0 0 8 5097
3E 0 0 8 5097
3F 0 0 8 5097
40 0 0 8 5097
41 0 0 8 5097
42 0 0 8 5097
43 0 0 8 5097
44 0 0 8 5097
45 0 0 8 5097
46 0 0 8 5097
47 0 0 8 5097
48 0 0 8 5097
49 0 0 8 5097
4A 0 0 8 5097
4B 0 0 8 5097
4C 0 0 8 5097
4D 0 0 8 5097
4E 0 0 8 5097
4F 0 0 8 5097
50 0 0 8 5097
51 0 0 8 5097
52 0 0 8 5097
53 0 0 8 5097
54 0 0 8 5097
55 0 0 8 5097
56 0 0 8 5097
57 0 0 8 5097
58 0 0 8 5097
59 0 0 8 5097
5A 0 0 8 5097
5B 0 0 8 5097
5C 0 0 8 5097
5D 0 0 8 5097
5E 0 0 8 5097
5F 0 0 8 5097
60 0 0 8 5097
61 0 0 8 5097
62 0 0 8 5097
63 0 0 8 5097
64 0 0 8 5097
65 0 0 8 5097
66 0 0 8 5097
67 0 0 8 5097
68 0 0 8 5097
69 0 0 8 5097
6A 0 0 8 5097
6B 0 0 8 5097
6C 0 0 8 5097
6D 0 0 8 5097
6E 0 0 8 5097
6F 0 0 8 5097
70 0 0 8 5097
71 0 0 8 5097
72 0 0 8 5097
73 0 0 8 5097
74 0 0 8 5097
75 0 0 8 5097
76 0 0 8 5097
77 0 0 8 5097
78 0 0 8 5097
79 0 0 8 5097
7A 0 0 8 5097
7B 0 0 8 5097
7C 0 0 8 5097
7D 0 0 8 5097
7E 0 0 8 5097
7F 0 0 8 5097
80 0 0 8 5097
81 0 0 8 5097
82 0 0 8 5097
83 0 0 8 5097
84 0 0 8 5097
85 0 0 8 5097
86 0 0 8 5097
87 0 0 8 5097
88 0 0 8 5097
89 0 0 8 5097
8A 0 0 8 5097
8B 0 0 8 5097
8C 0 0 8 5097
8D 0 0 8 5097
8E 0 0 8 5097
8F 0 0 8 5097
90 0 0 8 5097
91 0 0 8 5097
92 0 0 8 5097
93 0 0 8 5097
94 0 0 8 5097
95 0 0 8 5097
96 0 0 8 5097
97 0 0 8 5097
98 0 0 8 5097
99 0 0 8 5097
9A 0 0 8 5097
9B 0 0 8 5097
9C 0 0 8 5097
9D 0 0 8 5097
9E 0 0 8 5097
9F 0 0 8 5097
A0 0 0 8 5097
A1 0 0 8 5097
A2 0 0 8 5097
A3 0 0 8 5097
A4 0 0 8 5097
A5 0 0 8 5097
A6 0 0 8 5097
A7 0 0 8 5097
A8 0 0 8 5097
A9 0 0 8 5097
AA 0 0 8 5097
AB 0 0 8 5097
AC 0 0 8 5097
AD 0 0 8 5097
AE 0 0 8 5097
AF 0 0 8 5097
B0 0 0 8 5097
B1 0 0 8 5097
B2 0 0 8 5097
B3 0 0 8 5097
B4 0 0 8 5097
B5 0 0 8 5097
B6 0 0 8 5097
B7 0 0 8 5097
B8 0 0 8 5097
B9 0 0 8 5097
BA 0 0 8 5097
BB 0 0 8 5097
BC 0 0 8 5097
BD 0 0 8 5097
BE 0 0 8 5097
BF 0 0 8 5097
C0 0 0 8 5097
C1 0 0 8 5097
C2 0 0 8 5097
C3 0 0 8 5097
C4 0 0 8 5097
C5 0 0 8 5097
C6 0 0 8 5097
C7 0 0 8 5097
C8 0 0 8 5097
C9 0 0 8 5097
CA 0 0 8 5097
CB 0 0 8 5097
CC 0 0 8 5097
CD 0 0 8 5097
CE 0 0 8 5097
CF 0 0 8 5097
D0 0 0 8 5097
D1 0 0 8 5097
D2 0 0 8 5097
D3 0 0 8 5097
D4 0 0 8 5097
D5 0 0 8 5097
D6 0 0 8 5097
D7 0 0 8 5097
D8 0 0 8 5097
D9 0 0 8 5097
DA 0 0 8 5097
DB 0 0 8 5097
DC 0 0 8 5097
DD 0 0 8 5097
DE 0 0 8 5097
DF 0 0 8 5097
E0 0 0 8 5097
E1 0 0 8 5097
E2 0 0 8 5097
E3 0 0 8 5097
E4 0 0 8 5097
E5 0 0 8 5097
E6 0 0 8 5097
E7 0 0 8 5097
E8 0 0 8 5097
E9 0 0 8 5097
EA 0 0 8 5097
EB 0 0 8 5097
EC 0 0 8 5097
ED 0 0 8 5097
EE 0 0 8 5097
EF 0 0 8 5097
F0 0 0 8 5097
F1 0 0 8 5097
F2 0 0 8 5097
F3 0 0 8 5097
F4 0 0 8 5097
F5 0 0 8 5097
F6 0 0 8 5097
F7 0 0 8 5097
F8 0 0 8 5097
F9 0 0 8 5097
FA 0 0 8 5097
FB 0 0 8 5097
FC 0 0 8 5097
FD 0 0 8 5097
FE 0 0 8 5097
FF 0 0 8 5097
00 0 0 8 5097
01 0 0 8 5097
02 0 0 8 5097
03 0 0 8 5097
04 0 0 8 5097
05 0 0 8 5097
06 0 0 8 5097
07 0 0 8 5097
08 0 0 8 5097
09 0 0 8 5097
0A 0 0 8 5097
0B 0 0 8 5097
0C 0 0 8 5097
0D 0 0 8 5097
0E 0 0 8 5097
0F 0 0 8 5097
10 0 0 8 5097
11 0 0 8 5097
12 0 0 8 5097
13 0 0 8 5097
14 0 0 8 5097
15 0 0 8 5097
16 0 0 8 5097
17 0 0 8 5097
18 0 0 8 5097
19 0 0 8 5097
1A 0 0 8 5097
1B 0 0 8 5097
1C 0 0 8 5097
1D 0 0 8 5097
1E 0 0 8 5097
1F 0 0 8 5097
20 0 0 8 5097
21 0 0 8 5097
22 0 0 8 5097
23 0 0 8 5097
24 0 0 8 5097
25 0 0 8 5097
26 0 0 8 5097
27 0 0 8 5097
28 0 0 8 5097
29 0 0 8 5097
2A 0 0 8 5097
2B 0 0 8 5097
2C 0 0 8 5097
2D 0 0 8 5097
2E 0 0 8 5097
2F 0 0 8 5097
30 0 0 8 5097
31 0 0 8 5097
32 0 0 8 5097
33 0 0 8 5097
34 0 0 8 5097
35 0 0 8 5097
36 0 0 8 5097
37 0 0 8 5097
38 0 0 8 5097
39 0 0 8 5097
3A 0 0 8 5097
3B 0 0 8 5097
3C 0 0 8 5097
3D 0 0 8 5097
3E 0 0 8 5097
3F 0 0 8 5097
40 0 0 8 5097
41 0 0 8 5097
42 0 0 8 5097
43 0 0 8 5097
44 0 0 8 5097
45 0 0 8 5097
46 0 0 8 5097
47 0 0 8 5097
48 0 0 8 5097
49 0 0 8 5097
4A 0 0 8 5097
4B 0 0 8 5097
4C 0 0 8 5097
4D 0 0 8 5097
4E 0 0 8 5097
4F 0 0 8 5097
50 0 0 8 5097
51 0 0 8 5097
52 0 0 8 5097
53 0 0 8 5097
54 0 0 8 5097
55 0 0 8 5097
56 0 0 8 5097
57 0 0 8 5097
58 0 0 8 5097
59 0 0 8 5097
5A 0 0 8 5097
5B 0 0 8 5097
5C 0 0 8 5097
5D 0 0 8 5097
5E 0 0 8 5097
5F 0 0 8 5097
60 0 0 8 5097
61 0 0 8 5097
62 0 0 8 5097
63 0 0 8 5097
64 0 0 8 5097
65 0 0 8 5097
66 0 0 8 5097
67 0 0 8 5097
68 0 0 8 5097
69 0 0 8 5097
6A 0 0 8 5097
6B 0 0 8 5097
6C 0 0 8 5097
6D 0 0 8 5097
6E 0 0 8 5097
6F 0 0 8 5097
70 0 0 8 5097
71 0 0 8 5097
72 0 0 8 5097
73 0 0 8 5097
74 0 0 8 5097
75 0 0 8 5097
76 0 0 8 5097
77 0 0 8 5097
78 0 0 8 5097
79 0 0 8 5097
7A 0 0 8 5097
7B 0 0 8 5097
7C 0 0 8 5097
7D 0 0 8 5097
7E 0 0 8 5097
7F 0 0 8 5097
80 0 0 8 5097
81 0 0 8 5097
82 0 0 8 5097
83 0 0 8 5097
84 0 0 8 5097
85 0 0 8 5097
86 0 0 8 5097
87 0 0 8 5097
88 0 0 8 5097
89 0 0 8 5097
8A 0 0 8 5097
8B 0 0 8 5097
8C 0 0 8 5097
8D 0 0 8 5097
8E 0 0 8 5097
8F 0 0 8 5097
90 0 0 8 5097
91 0 0 8 5097
92 0 0 8 5097
93 0 0 8 5097
94 0 0 8 5097
95 0 0 8 5097
96 0 0 8 5097
97 0 0 8 5097
98 0 0 8 5097
99 0 0 8 5097
9A 0 0 8 5097
9B 0 0 8 5097
9C 0 0 8 5097
9D 0 0 8 5097
9E 0 0 8 5097
9F 0 0 8 5097
A0 0 0 8 5097
A1 0 0 8 5097
A2 0 0 8 5097
A3 0 0 8 5097
A4 0 0 8 5097
A5 0 0 8 5097
A6 0 0 8 5097
A7 0 0 8 5097
A8 0 0 8 5097
A9 0 0 8 5097
AA 0 0 8 5097
AB 0 0 8 5097
AC 0 0 8 5097
AD 0 0 8 5097
AE 0 0 8 5097
AF 0 0 8 5097
B0 0 0 8 5097
B1 0 0 8 5097
B2 0 0 8 5097
B3 0 0 8 5097
B4 0 0 8 5097
B5 0 0 8 5097
B6 0 0 8 5097
B7 0 0 8 5097
B8 0 0 8 5097
B9 0 0 8 5097
BA 0 0 8 5097
BB 0 0 8 5097
BC 0 0 8 5097
BD 0 0 8 5097
BE 0 0 8 5097
BF 0 0 8 5097
C0 0 0 8 5097
C1 0 0 8 5097
C2 0 0 8 5097
C3 0 0 8 5097
C4 0 0 8 5097
C5 0 0 8 5097
C6 0 0 8 5097
C7 0 0 8 5097
C8 0 0 8 5097
C9 0 0 8 5097
CA 0 0 8 5097
CB 0 0 8 5097
CC 0 0 8 5097
CD 0 0 8 5097
CE 0 0 8 5097
CF 0 0 8 5097
D0 0 0 8 5097
D1 0 0 8 5097
D2 0 0 8 5097
D3 0 0 8 5097
D4 0 0 8 5097
D5 0 0 8 5097
D6 0 0 8 5097
D7 0 0 8 5097
D8 0 0 8 5097
D9 0 0 8 5097
DA 0 0 8 5097
DB 0 0 8 5097
DC 0 0 8 5097
DD 0 0 8 5097
DE 0 0 8 5097
DF 0 0 8 5097
E0 0 0 8 5097
E1 0 0 8 5097
E2 0 0 8 5097
E3 0 0 8 5097
E4 0 0 8 5097
E5 0 0 8 5097
E6 0 0 8 5097
E7 0 0 8 5097
E8 0 0 8 5097
E9 0 0 8 5097
EA 0 0 8 5097
EB 0 0 8 5097
EC 0 0 8 5097
ED 0 0 8 5097
EE 0 0 8 5097
EF 0 0 8 5097
F0 0 0 8 5097
F1 0 0 8 5097
F2 0 0 8 5097
F3 0 0 8 5097
F4 0 0 8 5097
F5 0 0 8 5097
F6 0 0 8 5097
F7 0 0 8 5097
F8 0 0 8 5097
F9 0 0 8 5097
FA 0 0 8 5097
FB 0 0 8 5097
FC 0 0 8 5097
FD 0 0 8 5097
FE 0 0 8 5097
FF 0 0 8 5097
00 0 0 8 5097
01 0 0 8 5097
02 0 0 8 5097
03 0 0 8 5097
04 0 0 8 5097
05 0 0 8 5097
06 0 0 8 5097
07 0 0 8 5097
08 0 0 8 5097
09 0 0 8 5097
0A 0 0 8 5097
0B 0 0 8 5097
0C 0 0 8 5097
0D 0 0 8 5097
0E 0 0 8 5097
0F 0 0 8 5097
10 0 0 8 5097
11 0 0 8 5097
12 0 0 8 5097
13 0 0 8 5097
14 0 0 8 5097
15 0 0 8 5097
16 0 0 8 5097
17 0 0 8 5097
18 0 0 8 5097
19 0 0 8 5097
1A 0 0 8 5097
1B 0 0 8 5097
1C 0 0 8 5097
1D 0 0 8 5097
1E 0 0 8 5097
1F 0 0 8 5097
20 0 0 8 5097
21 0 0 8 5097
22 0 0 8 5097
23 0 0 8 5097
24 0 0 8 5097
25 0 0 8 5097
26 0 0 8 5097
27 0 0 8 5097
28 0 0 8 5097
29 0 0 8 5097
2A 0 0 8 5097
2B 0 0 8 5097
2C 0 0 8 5097
2D 0 0 8 5097
2E 0 0 8 5097
2F 0 0 8 5097
30 0 0 8 5097
31 0 0 8 5097
32 0 0 8 5097
33 0 0 8 5097
34 0 0 8 5097
35 0 0 8 5097
36 0 0 8 5097
37 0 0 8 5097
38 0 0 8 5097
39 0 0 8 5097
3A 0 0 8 5097
3B 0 0 8 5097
3C 0 0 8 5097
3D 0 0 8 5097
3E 0 0 8 5097
3F 0 0 8 5097
40 0 0 8 5097
41 0 0 8 5097
42 0 0 8 5097
43 0 0 8 5097
44 0 0 8 5097
45 0 0 8 5097
46 0 0 8 5097
47 0 0 8 5097
48 0 0 8 5097
49 0 0 8 5097
4A 0 0 8 5097
4B 0 0 8 5097
4C 0 0 8 5097
4D 0 0 8 5097
4E 0 0 8 5097
4F 0 0 8 5097
50 0 0 8 5097
51 0 0 8 5097
52 0 0 8 5097
53 0 0 8 5097
54 0 0 8 5097
55 0 0 8 5097
56 0 0 8 5097
57 0 0 8 5097
58 0 0 8 5097
59 0 0 8 5097
5A 0 0 8 5097
5B 0 0 8 5097
5C 0 0 8 5097
5D 0 0 8 5097
5E 0 0 8 5097
5F 0 0 8 5097
60 0 0 8 5097
61 0 0 8 5097
62 0 0 8 5097
63 0 0 8 5097
64 0 0 8 5097
65 0 0 8 5097
66 0 0 8 5097
67 0 0 8 5097
68 0 0 8 5097
69 0 0 8 5097
6A 0 0 8 5097
6B 0 0 8 5097
6C 0 0 8 5097
6D 0 0 8 5097
6E 0 0 8 5097
6F 0 0 8 5097
70 0 0 8 5097
71 0 0 8 5097
72 0 0 8 5097
73 0 0 8 5097
74 0 0 8 5097
75 0 0 8 5097
76 0 0 8 5097
77 0 0 8 5097
78 0 0 8 5097
79 0 0 8 5097
7A 0 0 8 5097
7B 0 0 8 5097
7C 0 0 8 5097
7D 0 0 8 5097
7E 0 0 8 5097
7F 0 0 8 5097
80 0 0 8 5097
81 0 0 8 5097
82 0 0 8 5097
83 0 0 8 5097
84 0 0 8 5097
85 0 0 8 5097
86 0 0 8 5097
87 0 0 8 5097
88 0 0 8 5097
89 0 0 8 5097
8A 0 0 8 5097
8B 0 0 8 5097
8C 0 0 8 5097
8D 0 0 8 5097
8E 0 0 8 5097
8F 0 0 8 5097
90 0 0 8 5097
91 0 0 8 5097
92 0 0 8 5097
93 0 0 8 5097
94 0 0 8 5097
95 0 0 8 5097
96 1 0 8 5097
00 0 0 9 6670
0A 0 0 9 6670
35 0 0 9 6670
01 0 0 9 6670
02 0 0 9 6670
03 0 0 9 6670
DE 0 0 9 6670
AD 0 0 9 6670
BE 0 0 9 6670
EF 0 0 9 6670
00 0 0 9 6670
01 0 0 9 6670
08 0 0 9 6670
00 0 0 9 6670
09 0 0 9 6670
0A 0 0 9 6670
0B 0 0 9 6670
0C 0 0 9 6670
0D 0 0 9 6670
0E 0 0 9 6670
0F 0 0 9 6670
10 0 0 9 6670
11 0 0 9 6670
12 0 0 9 6670
13 0 0 9 6670
14 0 0 9 6670
15 0 0 9 6670
16 0 0 9 6670
17 0 0 9 6670
18 0 0 9 6670
19 0 0 9 6670
1A 0 0 9 6670
1B 0 0 9 6670
1C 0 0 9 6670
1D 0 0 9 6670
1E 0 0 9 6670
1F 0 0 9 6670
20 0 0 9 6670
21 0 0 9 6670
22 0 0 9 6670
23 0 0 9 6670
24 0 0 9 6670
25 0 0 9 6670
26 0 0 9 6670
27 0 0 9 6670
28 0 0 9 6670
29 0 0 9 6670
2A 0 0 9 6670
2B 0 0 9 6670
2C 0 0 9 6670
2D 0 0 9 6670
2E 0 0 9 6670
2F 0 0 9 6670
30 0 0 9 6670
31 0 0 9 6670
32 0 0 9 6670
33 0 0 9 6670
34 0 0 9 6670
35 0 0 9 6670
36 0 0 9 6670
37 0 0 9 6670
38 0 0 9 6670
39 0 0 9 6670
3A 0 0 9 6670
3B 0 0 9 6670
3C 0 0 9 6670
3D 0 0 9 6670
3E 0 0 9 6670
3F 0 0 9 6670
40 0 0 9 6670
41 0 0 9 6670
42 0 0 9 6670
43 0 0 9 6670
44 0 0 9 6670
45 0 0 9 6670
46 0 0 9 6670
47 0 0 9 6670
48 0 0 9 6670
49 0 0 9 6670
4A 0 0 9 6670
4B 0 0 9 6670
4C 0 0 9 6670
4D 0 0 9 6670
4E 0 0 9 6670
4F 0 0 9 6670
50 0 0 9 6670
51 0 0 9 6670
52 0 0 9 6670
53 0 0 9 6670
54 0 0 9 6670
55 0 0 9 6670
56 0 0 9 6670
57 0 0 9 6670
58 0 0 9 6670
59 0 0 9 6670
5A 0 0 9 6670
5B 0 0 9 6670
5C 0 0 9 6670
5D 0 0 9 6670
5E 0 0 9 6670
5F 0 0 9 6670
60 0 0 9 6670
61 0 0 9 6670
62 0 0 9 6670
63 0 0 9 6670
64 0 0 9 6670
65 0 0 9 6670
66 0 0 9 6670
67 0 0 9 6670
68 0 0 9 6670
69 0 0 9 6670
6A 0 0 9 6670
6B 0 0 9 6670
6C 0 0 9 6670
6D 0 0 9 6670
6E 0 0 9 6670
6F 0 0 9 6670
70 0 0 9 6670
71 0 0 9 6670
72 0 0 9 6670
73 0 0 9 6670
74 0 0 9 6670
75 0 0 9 6670
76 0 0 9 6670
77 0 0 9 6670
78 0 0 9 6670
79 0 0 9 6670
7A 0 0 9 6670
7B 0 0 9 6670
7C 0 0 9 6670
7D 0 0 9 6670
7E 0 0 9 6670
7F 0 0 9 6670
80 0 0 9 6670
81 0 0 9 6670
82 0 0 9 6670
83 0 0 9 6670
84 0 0 9 6670
85 0 0 9 6670
86 0 0 9 6670
87 0 0 9 6670
88 0 0 9 6670
89 0 0 9 6670
8A 0 0 9 6670
8B 0 0 9 6670
8C 0 0 9 6670
8D 0 0 9 6670
8E 0 0 9 6670
8F 0 0 9 6670
90 0 0 9 6670
91 0 0 9 6670
92 0 0 9 6670
93 0 0 9 6670
94 0 0 9 6670
95 0 0 9 6670
96 0 0 9 6670
97 0 0 9 6670
98 0 0 9 6670
99 0 0 9 6670
9A 0 0 9 6670
9B 0 0 9 6670
9C 0 0 9 6670
9D 0 0 9 6670
9E 0 0 9 6670
9F 0 0 9 6670
A0 0 0 9 6670
A1 0 0 9 6670
A2 0 0 9 6670
A3 0 0 9 6670
A4 0 0 9 6670
A5 0 0 9 6670
A6 0 0 9 6670
A7 0 0 9 6670
A8 0 0 9 6670
A9 0 0 9 6670
AA 0 0 9 6670
AB 0 0 9 6670
AC 0 0 9 6670
AD 0 0 9 6670
AE 0 0 9 6670
AF 0 0 9 6670
B0 0 0 9 6670
B1 0 0 9 6670
B2 0 0 9 6670
B3 0 0 9 6670
B4 0 0 9 6670
B5 0 0 9 6670
B6 0 0 9 6670
B7 0 0 9 6670
B8 0 0 9 6670
B9 0 0 9 6670
BA 0 0 9 6670
BB 0 0 9 6670
BC 0 0 9 6670
BD 0 0 9 6670
BE 0 0 9 6670
BF 0 0 9 6670
C0 0 0 9 6670
C1 0 0 9 6670
C2 0 0 9 6670
C3 0 0 9 6670
C4 0 0 9 6670
C5 0 0 9 6670
C6 0 0 9 6670
C7 0 0 9 6670
C8 0 0 9 6670
C9 0 0 9 6670
CA 0 0 9 6670
CB 0 0 9 6670
CC 0 0 9 6670
CD 0 0 9 6670
CE 0 0 9 6670
CF 0 0 9 6670
D0 0 0 9 6670
D1 0 0 9 6670
D2 0 0 9 6670
D3 0 0 9 6670
D4 0 0 9 6670
D5 0 0 9 6670
D6 0 0 9 6670
D7 0 0 9 6670
D8 0 0 9 6670
D9 0 0 9 6670
DA 0 0 9 6670
DB 0 0 9 6670
DC 0 0 9 6670
DD 0 0 9 6670
DE 0 0 9 6670
DF 0 0 9 6670
E0 0 0 9 6670
E1 0 0 9 6670
E2 0 0 9 6670
E3 0 0 9 6670
E4 0 0 9 6670
E5 0 0 9 6670
E6 0 0 9 6670
E7 0 0 9 6670
E8 0 0 9 6670
E9 0 0 9 6670
EA 0 0 9 6670
EB 0 0 9 6670
EC 0 0 9 6670
ED 0 0 9 6670
EE 0 0 9 6670
EF 0 0 9 6670
F0 0 0 9 6670
F1 0 0 9 6670
F2 0 0 9 6670
F3 0 0 9 6670
F4 0 0 9 6670
F5 0 0 9 6670
F6 0 0 9 6670
F7 0 0 9 6670
F8 0 0 9 6670
F9 0 0 9 6670
FA 0 0 9 6670
00 0 0 9 6670
01 0 0 9 6670
02 0 0 9 6670
03 0 0 9 6670
04 0 0 9 6670
05 0 0 9 6670
06 0 0 9 6670
07 0 0 9 6670
08 0 0 9 6670
09 0 0 9 6670
0A 0 0 9 6670
0B 0 0 9 6670
0C 0 0 9 6670
0D 0 0 9 6670
0E 0 0 9 6670
0F 0 0 9 6670
10 0 0 9 6670
11 0 0 9 6670
12 0 0 9 6670
13 0 0 9 6670
14 0 0 9 6670
15 0 0 9 6670
16 0 0 9 6670
17 0 0 9 6670
18 0 0 9 6670
19 0 0 9 6670
1A 0 0 9 6670
1B 0 0 9 6670
1C 0 0 9 6670
1D 0 0 9 6670
1E 0 0 9 6670
1F 0 0 9 6670
20 0 0 9 6670
21 0 0 9 6670
22 0 0 9 6670
23 0 0 9 6670
24 0 0 9 6670
25 0 0 9 6670
26 0 0 9 6670
27 0 0 9 6670
28 0 0 9 6670
29 0 0 9 6670
2A 0 0 9 6670
2B 0 0 9 6670
2C 0 0 9 6670
2D 0 0 9 6670
2E 0 0 9 6670
2F 0 0 9 6670
30 0 0 9 6670
31 0 0 9 6670
32 0 0 9 6670
33 0 0 9 6670
34 0 0 9 6670
35 0 0 9 6670
36 0 0 9 6670
37 0 0 9 6670
38 0 0 9 6670
39 0 0 9 6670
3A 0 0 9 6670
3B 0 0 9 6670
3C 0 0 9 6670
3D 0 0 9 6670
3E 0 0 9 6670
3F 0 0 9 6670
40 0 0 9 6670
41 0 0 9 6670
42 0 0 9 6670
43 0 0 9 6670
44 0 0 9 6670
45 0 0 9 6670
46 0 0 9 6670
47 0 0 9 6670
48 0 0 9 6670
49 0 0 9 6670
4A 0 0 9 6670
4B 0 0 9 6670
4C 0 0 9 6670
4D 0 0 9 6670
4E 0 0 9 6670
4F 0 0 9 6670
50 0 0 9 6670
51 0 0 9 6670
52 0 0 9 6670
53 0 0 9 6670
54 0 0 9 6670
55 0 0 9 6670
56 0 0 9 6670
57 0 0 9 6670
58 0 0 9 6670
59 0 0 9 6670
5A 0 0 9 6670
5B 0 0 9 6670
5C 0 0 9 6670
5D 0 0 9 6670
5E 0 0 9 6670
5F 0 0 9 6670
60 0 0 9 6670
61 0 0 9 6670
62 0 0 9 6670
63 0 0 9 6670
64 0 0 9 6670
65 0 0 9 6670
66 0 0 9 6670
67 0 0 9 6670
68 0 0 9 6670
69 0 0 9 6670
6A 0 0 9 6670
6B 0 0 9 6670
6C 0 0 9 6670
6D 0 0 9 6670
6E 0 0 9 6670
6F 0 0 9 6670
70 0 0 9 6670
71 0 0 9 6670
72 0 0 9 6670
73 0 0 9 6670
74 0 0 9 6670
75 0 0 9 6670
76 0 0 9 6670
77 0 0 9 6670
78 0 0 9 6670
79 0 0 9 6670
7A 0 0 9 6670
7B 0 0 9 6670
7C 0 0 9 6670
7D 0 0 9 6670
7E 0 0 9 6670
7F 0 0 9 6670
80 0 0 9 6670
81 0 0 9 6670
82 0 0 9 6670
83 0 0 9 6670
84 0 0 9 6670
85 0 0 9 6670
86 0 0 9 6670
87 0 0 9 6670
88 0 0 9 6670
89 0 0 9 6670
8A 0 0 9 6670
8B 0 0 9 6670
8C 0 0 9 6670
8D 0 0 9 6670
8E 0 0 9 6670
8F 0 0 9 6670
90 0 0 9 6670
91 0 0 9 6670
92 0 0 9 6670
93 0 0 9 6670
94 0 0 9 6670
95 0 0 9 6670
96 0 0 9 6670
97 0 0 9 6670
98 0 0 9 6670
99 0 0 9 6670
9A 0 0 9 6670
9B 0 0 9 6670
9C 0 0 9 6670
9D 0 0 9 6670
9E 0 0 9 6670
9F 0 0 9 6670
A0 0 0 9 6670
A1 0 0 9 6670
A2 0 0 9 6670
A3 0 0 9 6670
A4 0 0 9 6670
A5 0 0 9 6670
A6 0 0 9 6670
A7 0 0 9 6670
A8 0 0 9 6670
A9 0 0 9 6670
AA 0 0 9 6670
AB 0 0 9 6670
AC 0 0 9 6670
AD 0 0 9 6670
AE 0 0 9 6670
AF 0 0 9 6670
B0 0 0 9 6670
B1 0 0 9 6670
B2 0 0 9 6670
B3 0 0 9 6670
B4 0 0 9 6670
B5 0 0 9 6670
B6 0 0 9 6670
B7 0 0 9 6670
B8 0 0 9 6670
B9 0 0 9 6670
BA 0 0 9 6670
BB 0 0 9 6670
BC 0 0 9 6670
BD 0 0 9 6670
BE 0 0 9 6670
BF 0 0 9 6670
C0 0 0 9 6670
C1 0 0 9 6670
C2 0 0 9 6670
C3 0 0 9 6670
C4 0 0 9 6670
C5 0 0 9 6670
C6 0 0 9 6670
C7 0 0 9 6670
C8 0 0 9 6670
C9 0 0 9 6670
CA 0 0 9 6670
CB 0 0 9 6670
CC 0 0 9 6670
CD 0 0 9 6670
CE 0 0 9 6670
CF 0 0 9 6670
D0 0 0 9 6670
D1 0 0 9 6670
D2 0 0 9 6670
D3 0 0 9 6670
D4 0 0 9 6670
D5 0 0 9 6670
D6 0 0 9 6670
D7 0 0 9 6670
D8 0 0 9 6670
D9 0 0 9 6670
DA 0 0 9 6670
DB 0 0 9 6670
DC 0 0 9 6670
DD 0 0 9 6670
DE 0 0 9 6670
DF 0 0 9 6670
E0 0 0 9 6670
E1 0 0 9 6670
E2 0 0 9 6670
E3 0 0 9 6670
E4 0 0 9 6670
E5 0 0 9 6670
E6 0 0 9 6670
E7 0 0 9 6670
E8 0 0 9 6670
E9 0 0 9 6670
EA 0 0 9 6670
EB 0 0 9 6670
EC 0 0 9 6670
ED 0 0 9 6670
EE 0 0 9 6670
EF 0 0 9 6670
F0 0 0 9 6670
F1 0 0 9 6670
F2 0 0 9 6670
F3 0 0 9 6670
F4 0 0 9 6670
F5 0 0 9 6670
F6 0 0 9 6670
F7 0 0 9 6670
F8 0 0 9 6670
F9 0 0 9 6670
FA 0 0 9 6670
00 0 0 9 6670
01 0 0 9 6670
02 0 0 9 6670
03 0 0 9 6670
04 0 0 9 6670
05 0 0 9 6670
06 0 0 9 6670
07 0 0 9 6670
08 0 0 9 6670
09 0 0 9 6670
0A 0 0 9 6670
0B 0 0 9 6670
0C 0 0 9 6670
0D 0 0 9 6670
0E 0 0 9 6670
0F 0 0 9 6670
10 0 0 9 6670
11 0 0 9 6670
12 1 1 9 6670
00 0 0 10 7220
0A 0 0 10 7220
35 0 0 10 7220
01 0 0 10 7220
02 0 0 10 7220
03 0 0 10 7220
DE 0 0 10 7220
AD 0 0 10 7220
BE 0 0 10 7220
EF 0 0 10 7220
00 0 0 10 7220
01 0 0 10 7220
08 0 0 10 7220
00 0 0 10 7220
0A 0 0 10 7220
0B 0 0 10 7220
0C 0 0 10 7220
0D 0 0 10 7220
0E 0 0 10 7220
0F 0 0 10 7220
10 0 0 10 7220
11 0 0 10 7220
12 0 0 10 7220
13 0 0 10 7220
14 0 0 10 7220
15 0 0 10 7220
16 0 0 10 7220
17 0 0 10 7220
18 0 0 10 7220
19 0 0 10 7220
1A 0 0 10 7220
1B 0 0 10 7220
1C 0 0 10 7220
1D 0 0 10 7220
1E 0 0 10 7220
1F 0 0 10 7220
20 0 0 10 7220
21 0 0 10 7220
22 0 0 10 7220
23 0 0 10 7220
24 0 0 10 7220
25 0 0 10 7220
26 0 0 10 7220
27 0 0 10 7220
28 0 0 10 7220
29 0 0 10 7220
2A 0 0 10 7220
2B 0 0 10 7220
2C 0 0 10 7220
2D 0 0 10 7220
2E 0 0 10 7220
2F 0 0 10 7220
30 0 0 10 7220
31 0 0 10 7220
32 0 0 10 7220
33 0 0 10 7220
34 0 0 10 7220
35 0 0 10 7220
36 0 0 10 7220
37 0 0 10 7220
38 0 0 10 7220
39 0 0 10 7220
3A 0 0 10 7220
3B 0 0 10 7220
3C 0 0 10 7220
3D 0 0 10 7220
3E 0 0 10 7220
3F 0 0 10 7220
40 0 0 10 7220
41 0 0 10 7220
42 0 0 10 7220
43 0 0 10 7220
44 0 0 10 7220
45 0 0 10 7220
46 0 0 10 7220
47 0 0 10 7220
48 0 0 10 7220
49 0 0 10 7220
4A 0 0 10 7220
4B 0 0 10 7220
4C 0 0 10 7220
4D 0 0 10 7220
4E 0 0 10 7220
4F 0 0 10 7220
50 0 0 10 7220
51 0 0 10 7220
52 0 0 10 7220
53 0 0 10 7220
54 0 0 10 7220
55 0 0 10 7220
56 0 0 10 7220
57 0 0 10 7220
58 0 0 10 7220
59 0 0 10 7220
5A 0 0 10 7220
5B 0 0 10 7220
5C 0 0 10 7220
5D 0 0 10 7220
5E 0 0 10 7220
5F 0 0 10 7220
60 0 0 10 7220
61 0 0 10 7220
62 0 0 10 7220
63 0 0 10 7220
64 0 0 10 7220
65 0 0 10 7220
66 0 0 10 7220
67 0 0 10 7220
68 0 0 10 7220
69 0 0 10 7220
6A 0 0 10 7220
6B 0 0 10 7220
6C 0 0 10 7220
6D 0 0 10 7220
6E 0 0 10 7220
6F 0 0 10 7220
70 0 0 10 7220
71 0 0 10 7220
72 0 0 10 7220
73 0 0 10 7220
74 0 0 10 7220
75 0 0 10 7220
76 0 0 10 7220
77 0 0 10 7220
78 0 0 10 7220
79 0 0 10 7220
7A 0 0 10 7220
7B 0 0 10 7220
7C 0 0 10 7220
7D 0 0 10 7220
7E 0 0 10 7220
7F 0 0 10 7220
80 0 0 10 7220
81 0 0 10 7220
82 0 0 10 7220
83 0 0 10 7220
84 0 0 10 7220
85 0 0 10 7220
86 0 0 10 7220
87 0 0 10 7220
88 0 0 10 7220
89 0 0 10 7220
8A 0 0 10 7220
8B 0 0 10 7220
8C 0 0 10 7220
8D 0 0 10 7220
8E 0 0 10 7220
8F 0 0 10 7220
90 0 0 10 7220
91 0 0 10 7220
92 0 0 10 7220
93 0 0 10 7220
94 0 0 10 7220
95 0 0 10 7220
96 0 0 10 7220
97 0 0 10 7220
98 0 0 10 7220
99 0 0 10 7220
9A 0 0 10 7220
9B 0 0 10 7220
9C 0 0 10 7220
9D 0 0 10 7220
9E 0 0 10 7220
9F 0 0 10 7220
A0 0 0 10 7220
A1 0 0 10 7220
A2 0 0 10 7220
A3 0 0 10 7220
A4 0 0 10 7220
A5 0 0 10 7220
A6 0 0 10 7220
A7 0 0 10 7220
A8 0 0 10 7220
A9 0 0 10 7220
AA 0 0 10 7220
AB 0 0 10 7220
AC 0 0 10 7220
AD 0 0 10 7220
AE 0 0 10 7220
AF 0 0 10 7220
B0 0 0 10 7220
B1 0 0 10 7220
B2 0 0 10 7220
B3 0 0 10 7220
B4 0 0 10 7220
B5 0 0 10 7220
B6 0 0 10 7220
B7 0 0 10 7220
B8 0 0 10 7220
B9 0 0 10 7220
BA 0 0 10 7220
BB 0 0 10 7220
BC 0 0 10 7220
BD 0 0 10 7220
BE 0 0 10 7220
BF 0 0 10 7220
C0 0 0 10 7220
C1 0 0 10 7220
C2 0 0 10 7220
C3 0 0 10 7220
C4 0 0 10 7220
C5 0 0 10 7220
C6 0 0 10 7220
C7 0 0 10 7220
C8 0 0 10 7220
C9 0 0 10 7220
CA 0 0 10 7220
CB 0 0 10 7220
CC 0 0 10 7220
CD 0 0 10 7220
CE 0 0 10 7220
CF 0 0 10 7220
D0 0 0 10 7220
D1 0 0 10 7220
D2 0 0 10 7220
D3 0 0 10 7220
D4 0 0 10 7220
D5 0 0 10 7220
D6 0 0 10 7220
D7 0 0 10 7220
D8 0 0 10 7220
D9 0 0 10 7220
DA 0 0 10 7220
DB 0 0 10 7220
DC 0 0 10 7220
DD 0 0 10 7220
DE 0 0 10 7220
DF 0 0 10 7220
E0 0 0 10 7220
E1 0 0 10 7220
E2 0 0 10 7220
E3 0 0 10 7220
E4 0 0 10 7220
E5 0 0 10 7220
E6 0 0 10 7220
E7 0 0 10 7220
E8 0 0 10 7220
E9 0 0 10 7220
EA 0 0 10 7220
EB 0 0 10 7220
EC 0 0 10 7220
ED 0 0 10 7220
EE 0 0 10 7220
EF 0 0 10 7220
F0 0 0 10 7220
F1 0 0 10 7220
F2 0 0 10 7220
F3 0 0 10 7220
F4 0 0 10 7220
F5 0 0 10 7220
F6 0 0 10 7220
F7 0 0 10 7220
F8 0 0 10 7220
F9 0 0 10 7220
FA 0 0 10 7220
00 0 0 10 7220
01 0 0 10 7220
02 0 0 10 7220
03 0 0 10 7220
04 0 0 10 7220
05 0 0 10 7220
06 0 0 10 7220
07 0 0 10 7220
08 0 0 10 7220
09 0 0 10 7220
0A 0 0 10 7220
0B 0 0 10 7220
0C 0 0 10 7220
0D 0 0 10 7220
0E 0 0 10 7220
0F 0 0 10 7220
10 0 0 10 7220
11 0 0 10 7220
12 0 0 10 7220
13 0 0 10 7220
14 0 0 10 7220
15 0 0 10 7220
16 0 0 10 7220
17 0 0 10 7220
18 0 0 10 7220
19 0 0 10 7220
1A 0 0 10 7220
1B 0 0 10 7220
1C 0 0 10 7220
1D 0 0 10 7220
1E 0 0 10 7220
1F 0 0 10 7220
20 0 0 10 7220
21 0 0 10 7220
22 0 0 10 7220
23 0 0 10 7220
24 0 0 10 7220
25 0 0 10 7220
26 0 0 10 7220
27 0 0 10 7220
28 0 0 10 7220
29 0 0 10 7220
2A 0 0 10 7220
2B 0 0 10 7220
2C 0 0 10 7220
2D 0 0 10 7220
2E 0 0 10 7220
2F 0 0 10 7220
30 0 0 10 7220
31 0 0 10 7220
32 0 0 10 7220
33 0 0 10 7220
34 0 0 10 7220
35 0 0 10 7220
36 0 0 10 7220
37 0 0 10 7220
38 0 0 10 7220
39 0 0 10 7220
3A 0 0 10 7220
3B 0 0 10 7220
3C 0 0 10 7220
3D 0 0 10 7220
3E 0 0 10 7220
3F 0 0 10 7220
40 0 0 10 7220
41 0 0 10 7220
42 0 0 10 7220
43 0 0 10 7220
44 0 0 10 7220
45 0 0 10 7220
46 0 0 10 7220
47 0 0 10 7220
48 0 0 10 7220
49 0 0 10 7220
4A 0 0 10 7220
4B 0 0 10 7220
4C 0 0 10 7220
4D 0 0 10 7220
4E 0 0 10 7220
4F 0 0 10 7220
50 0 0 10 7220
51 0 0 10 7220
52 0 0 10 7220
53 0 0 10 7220
54 0 0 10 7220
55 0 0 10 7220
56 0 0 10 7220
57 0 0 10 7220
58 0 0 10 7220
59 0 0 10 7220
5A 0 0 10 7220
5B 0 0 10 7220
5C 0 0 10 7220
5D 0 0 10 7220
5E 0 0 10 7220
5F 0 0 10 7220
60 0 0 10 7220
61 0 0 10 7220
62 0 0 10 7220
63 0 0 10 7220
64 0 0 10 7220
65 0 0 10 7220
66 0 0 10 7220
67 0 0 10 7220
68 0 0 10 7220
69 0 0 10 7220
6A 0 0 10 7220
6B 0 0 10 7220
6C 0 0 10 7220
6D 0 0 10 7220
6E 0 0 10 7220
6F 0 0 10 7220
70 0 0 10 7220
71 0 0 10 7220
72 0 0 10 7220
73 0 0 10 7220
74 0 0 10 7220
75 0 0 10 7220
76 0 0 10 7220
77 0 0 10 7220
78 0 0 10 7220
79 0 0 10 7220
7A 0 0 10 7220
7B 0 0 10 7220
7C 0 0 10 7220
7D 0 0 10 7220
7E 0 0 10 7220
7F 0 0 10 7220
80 0 0 10 7220
81 0 0 10 7220
82 0 0 10 7220
83 0 0 10 7220
84 0 0 10 7220
85 0 0 10 7220
86 0 0 10 7220
87 0 0 10 7220
88 0 0 10 7220
89 0 0 10 7220
8A 0 0 10 7220
8B 0 0 10 7220
8C 0 0 10 7220
8D 0 0 10 7220
8E 0 0 10 7220
8F 0 0 10 7220
90 0 0 10 7220
91 0 0 10 7220
92 0 0 10 7220
93 0 0 10 7220
94 0 0 10 7220
95 0 0 10 7220
96 0 0 10 7220
97 0 0 10 7220
98 0 0 10 7220
99 0 0 10 7220
9A 0 0 10 7220
9B 0 0 10 7220
9C 0 0 10 7220
9D 0 0 10 7220
9E 0 0 10 7220
9F 0 0 10 7220
A0 0 0 10 7220
A1 0 0 10 7220
A2 0 0 10 7220
A3 0 0 10 7220
A4 0 0 10 7220
A5 0 0 10 7220
A6 0 0 10 7220
A7 0 0 10 7220
A8 0 0 10 7220
A9 0 0 10 7220
AA 0 0 10 7220
AB 0 0 10 7220
AC 0 0 10 7220
AD 0 0 10 7220
AE 0 0 10 7220
AF 0 0 10 7220
B0 0 0 10 7220
B1 0 0 10 7220
B2 0 0 10 7220
B3 0 0 10 7220
B4 0 0 10 7220
B5 0 0 10 7220
B6 0 0 10 7220
B7 0 0 10 7220
B8 0 0 10 7220
B9 0 0 10 7220
BA 0 0 10 7220
BB 0 0 10 7220
BC 0 0 10 7220
BD 0 0 10 7220
BE 0 0 10 7220
BF 0 0 10 7220
C0 0 0 10 7220
C1 0 0 10 7220
C2 0 0 10 7220
C3 0 0 10 7220
C4 0 0 10 7220
C5 0 0 10 7220
C6 0 0 10 7220
C7 0 0 10 7220
C8 0 0 10 7220
C9 0 0 10 7220
CA 0 0 10 7220
CB 0 0 10 7220
CC 0 0 10 7220
CD 0 0 10 7220
CE 0 0 10 7220
CF 0 0 10 7220
D0 0 0 10 7220
D1 0 0 10 7220
D2 0 0 10 7220
D3 0 0 10 7220
D4 0 0 10 7220
D5 0 0 10 7220
D6 0 0 10 7220
D7 0 0 10 7220
D8 0 0 10 7220
D9 0 0 10 7220
DA 0 0 10 7220
DB 0 0 10 7220
DC 0 0 10 7220
DD 0 0 10 7220
DE 0 0 10 7220
DF 0 0 10 7220
E0 0 0 10 7220
E1 0 0 10 7220
E2 0 0 10 7220
E3 0 0 10 7220
E4 0 0 10 7220
E5 0 0 10 7220
E6 0 0 10 7220
E7 0 0 10 7220
E8 0 0 10 7220
E9 0 0 10 7220
EA 0 0 10 7220
EB 0 0 10 7220
EC 0 0 10 7220
ED 0 0 10 7220
EE 0 0 10 7220
EF 0 0 10 7220
F0 0 0 10 7220
F1 0 0 10 7220
F2 0 0 10 7220
F3 0 0 10 7220
F4 0 0 10 7220
F5 0 0 10 7220
F6 0 0 10 7220
F7 0 0 10 7220
F8 0 0 10 7220
F9 0 0 10 7220
FA 0 0 10 7220
00 0 0 10 7220
01 0 0 10 7220
02 0 0 10 7220
03 0 0 10 7220
04 0 0 10 7220
05 0 0 10 7220
06 0 0 10 7220
07 0 0 10 7220
08 0 0 10 7220
09 0 0 10 7220
0A 0 0 10 7220
0B 0 0 10 7220
0C 0 0 10 7220
0D 0 0 10 7220
0E 0 0 10 7220
0F 0 0 10 7220
10 0 0 10 7220
11 0 0 10 7220
12 0 0 10 7220
13 0 0 10 7220
14 0 0 10 7220
15 0 0 10 7220
16 0 0 10 7220
17 0 0 10 7220
18 0 0 10 7220
19 0 0 10 7220
1A 0 0 10 7220
1B 0 0 10 7220
1C 0 0 10 7220
1D 0 0 10 7220
1E 0 0 10 7220
1F 0 0 10 7220
20 0 0 10 7220
21 0 0 10 7220
22 0 0 10 7220
23 0 0 10 7220
24 0 0 10 7220
25 0 0 10 7220
26 0 0 10 7220
27 0 0 10 7220
28 0 0 10 7220
29 0 0 10 7220
2A 0 0 10 7220
2B 0 0 10 7220
2C 0 0 10 7220
2D 0 0 10 7220
2E 0 0 10 7220
2F 0 0 10 7220
30 0 0 10 7220
31 0 0 10 7220
32 0 0 10 7220
33 0 0 10 7220
34 0 0 10 7220
35 0 0 10 7220
36 0 0 10 7220
37 0 0 10 7220
38 0 0 10 7220
39 0 0 10 7220
3A 0 0 10 7220
3B 0 0 10 7220
3C 0 0 10 7220
3D 0 0 10 7220
3E 0 0 10 7220
3F 0 0 10 7220
40 0 0 10 7220
41 0 0 10 7220
42 0 0 10 7220
43 0 0 10 7220
44 0 0 10 7220
45 0 0 10 7220
46 0 0 10 7220
47 0 0 10 7220
48 0 0 10 7220
49 0 0 10 7220
4A 0 0 10 7220
4B 0 0 10 7220
4C 0 0 10 7220
4D 0 0 10 7220
4E 0 0 10 7220
4F 0 0 10 7220
50 0 0 10 7220
51 0 0 10 7220
52 0 0 10 7220
53 0 0 10 7220
54 0 0 10 7220
55 0 0 10 7220
56 0 0 10 7220
57 0 0 10 7220
58 0 0 10 7220
59 0 0 10 7220
5A 0 0 10 7220
5B 0 0 10 7220
5C 0 0 10 7220
5D 0 0 10 7220
5E 0 0 10 7220
5F 0 0 10 7220
60 0 0 10 7220
61 0 0 10 7220
62 0 0 10 7220
63 0 0 10 7220
64 0 0 10 7220
65 0 0 10 7220
66 0 0 10 7220
67 0 0 10 7220
68 0 0 10 7220
69 0 0 10 7220
6A 0 0 10 7220
6B 0 0 10 7220
6C 0 0 10 7220
6D 0 0 10 7220
6E 0 0 10 7220
6F 0 0 10 7220
70 0 0 10 7220
71 0 0 10 7220
72 0 0 10 7220
73 0 0 10 7220
74 0 0 10 7220
75 0 0 10 7220
76 0 0 10 7220
77 0 0 10 7220
78 0 0 10 7220
79 0 0 10 7220
7A 0 0 10 7220
7B 0 0 10 7220
7C 0 0 10 7220
7D 0 0 10 7220
7E 0 0 10 7220
7F 0 0 10 7220
80 0 0 10 7220
81 0 0 10 7220
82 0 0 10 7220
83 0 0 10 7220
84 0 0 10 7220
85 0 0 10 7220
86 0 0 10 7220
87 0 0 10 7220
88 0 0 10 7220
89 0 0 10 7220
8A 0 0 10 7220
8B 0 0 10 7220
8C 0 0 10 7220
8D 0 0 10 7220
8E 0 0 10 7220
8F 0 0 10 7220
90 0 0 10 7220
91 0 0 10 7220
92 0 0 10 7220
93 0 0 10 7220
94 0 0 10 7220
95 0 0 10 7220
96 0 0 10 7220
97 0 0 10 7220
98 0 0 10 7220
99 0 0 10 7220
9A 0 0 10 7220
9B 0 0 10 7220
9C 0 0 10 7220
9D 0 0 10 7220
9E 0 0 10 7220
9F 0 0 10 7220
A0 0 0 10 7220
A1 0 0 10 7220
A2 0 0 10 7220
A3 0 0 10 7220
A4 0 0 10 7220
A5 0 0 10 7220
A6 0 0 10 7220
A7 0 0 10 7220
A8 0 0 10 7220
A9 0 0 10 7220
AA 0 0 10 7220
AB 0 0 10 7220
AC 0 0 10 7220
AD 0 0 10 7220
AE 0 0 10 7220
AF 0 0 10 7220
B0 0 0 10 7220
B1 0 0 10 7220
B2 0 0 10 7220
B3 0 0 10 7220
B4 0 0 10 7220
B5 0 0 10 7220
B6 0 0 10 7220
B7 0 0 10 7220
B8 0 0 10 7220
B9 0 0 10 7220
BA 0 0 10 7220
BB 0 0 10 7220
BC 0 0 10 7220
BD 0 0 10 7220
BE 0 0 10 7220
BF 0 0 10 7220
C0 0 0 10 7220
C1 0 0 10 7220
C2 0 0 10 7220
C3 0 0 10 7220
C4 0 0 10 7220
C5 0 0 10 7220
C6 0 0 10 7220
C7 0 0 10 7220
C8 0 0 10 7220
C9 0 0 10 7220
CA 0 0 10 7220
CB 0 0 10 7220
CC 0 0 10 7220
CD 0 0 10 7220
CE 0 0 10 7220
CF 0 0 10 7220
D0 0 0 10 7220
D1 0 0 10 7220
D2 0 0 10 7220
D3 0 0 10 7220
D4 0 0 10 7220
D5 0 0 10 7220
D6 0 0 10 7220
D7 0 0 10 7220
D8 0 0 10 7220
D9 0 0 10 7220
DA 0 0 10 7220
DB 0 0 10 7220
DC 0 0 10 7220
DD 0 0 10 7220
DE 0 0 10 7220
DF 0 0 10 7220
E0 0 0 10 7220
E1 0 0 10 7220
E2 0 0 10 7220
E3 0 0 10 7220
E4 0 0 10 7220
E5 0 0 10 7220
E6 0 0 10 7220
E7 0 0 10 7220
E8 0 0 10 7220
E9 0 0 10 7220
EA 0 0 10 7220
EB 0 0 10 7220
EC 0 0 10 7220
ED 0 0 10 7220
EE 0 0 10 7220
EF 0 0 10 7220
F0 0 0 10 7220
F1 0 0 10 7220
F2 0 0 10 7220
F3 0 0 10 7220
F4 0 0 10 7220
F5 0 0 10 7220
F6 0 0 10 7220
F7 0 0 10 7220
F8 0 0 10 7220
F9 0 0 10 7220
FA 0 0 10 7220
00 0 0 10 7220
01 0 0 10 7220
02 0 0 10 7220
03 0 0 10 7220
04 0 0 10 7220
05 0 0 10 7220
06 0 0 10 7220
07 0 0 10 7220
08 0 0 10 7220
09 0 0 10 7220
0A 0 0 10 7220
0B 0 0 10 7220
0C 0 0 10 7220
0D 0 0 10 7220
0E 0 0 10 7220
0F 0 0 10 7220
10 0 0 10 7220
11 0 0 10 7220
12 0 0 10 7220
13 0 0 10 7220
14 0 0 10 7220
15 0 0 10 7220
16 0 0 10 7220
17 0 0 10 7220
18 0 0 10 7220
19 0 0 10 7220
1A 0 0 10 7220
1B 0 0 10 7220
1C 0 0 10 7220
1D 0 0 10 7220
1E 0 0 10 7220
1F 0 0 10 7220
20 0 0 10 7220
21 0 0 10 7220
22 0 0 10 7220
23 0 0 10 7220
24 0 0 10 7220
25 0 0 10 7220
26 0 0 10 7220
27 0 0 10 7220
28 0 0 10 7220
29 0 0 10 7220
2A 0 0 10 7220
2B 0 0 10 7220
2C 0 0 10 7220
2D 0 0 10 7220
2E 0 0 10 7220
2F 0 0 10 7220
30 0 0 10 7220
31 0 0 10 7220
32 0 0 10 7220
33 0 0 10 7220
34 0 0 10 7220
35 0 0 10 7220
36 0 0 10 7220
37 0 0 10 7220
38 0 0 10 7220
39 0 0 10 7220
3A 0 0 10 7220
3B 0 0 10 7220
3C 0 0 10 7220
3D 0 0 10 7220
3E 0 0 10 7220
3F 0 0 10 7220
40 0 0 10 7220
41 0 0 10 7220
42 0 0 10 7220
43 0 0 10 7220
44 0 0 10 7220
45 0 0 10 7220
46 0 0 10 7220
47 0 0 10 7220
48 0 0 10 7220
49 0 0 10 7220
4A 0 0 10 7220
4B 0 0 10 7220
4C 0 0 10 7220
4D 0 0 10 7220
4E 0 0 10 7220
4F 0 0 10 7220
50 0 0 10 7220
51 0 0 10 7220
52 0 0 10 7220
53 0 0 10 7220
54 0 0 10 7220
55 0 0 10 7220
56 0 0 10 7220
57 0 0 10 7220
58 0 0 10 7220
59 0 0 10 7220
5A 0 0 10 7220
5B 0 0 10 7220
5C 0 0 10 7220
5D 0 0 10 7220
5E 0 0 10 7220
5F 0 0 10 7220
60 0 0 10 7220
61 0 0 10 7220
62 0 0 10 7220
63 0 0 10 7220
64 0 0 10 7220
65 0 0 10 7220
66 0 0 10 7220
67 0 0 10 7220
68 0 0 10 7220
69 0 0 10 7220
6A 0 0 10 7220
6B 0 0 10 7220
6C 0 0 10 7220
6D 0 0 10 7220
6E 0 0 10 7220
6F 0 0 10 7220
70 0 0 10 7220
71 0 0 10 7220
72 0 0 10 7220
73 0 0 10 7220
74 0 0 10 7220
75 0 0 10 7220
76 0 0 10 7220
77 0 0 10 7220
78 0 0 10 7220
79 0 0 10 7220
7A 0 0 10 7220
7B 0 0 10 7220
7C 0 0 10 7220
7D 0 0 10 7220
7E 0 0 10 7220
7F 0 0 10 7220
80 0 0 10 7220
81 0 0 10 7220
82 0 0 10 7220
83 0 0 10 7220
84 0 0 10 7220
85 0 0 10 7220
86 0 0 10 7220
87 0 0 10 7220
88 0 0 10 7220
89 0 0 10 7220
8A 0 0 10 7220
8B 0 0 10 7220
8C 0 0 10 7220
8D 0 0 10 7220
8E 0 0 10 7220
8F 0 0 10 7220
90 0 0 10 7220
91 0 0 10 7220
92 0 0 10 7220
93 0 0 10 7220
94 0 0 10 7220
95 0 0 10 7220
96 0 0 10 7220
97 0 0 10 7220
98 0 0 10 7220
99 0 0 10 7220
9A 0 0 10 7220
9B 0 0 10 7220
9C 0 0 10 7220
9D 0 0 10 7220
9E 0 0 10 7220
9F 0 0 10 7220
A0 0 0 10 7220
A1 0 0 10 7220
A2 0 0 10 7220
A3 0 0 10 7220
A4 0 0 10 7220
A5 0 0 10 7220
A6 0 0 10 7220
A7 0 0 10 7220
A8 0 0 10 7220
A9 0 0 10 7220
AA 0 0 10 7220
AB 0 0 10 7220
AC 0 0 10 7220
AD 0 0 10 7220
AE 0 0 10 7220
AF 0 0 10 7220
B0 0 0 10 7220
B1 0 0 10 7220
B2 0 0 10 7220
B3 0 0 10 7220
B4 0 0 10 7220
B5 0 0 10 7220
B6 0 0 10 7220
B7 0 0 10 7220
B8 0 0 10 7220
B9 0 0 10 7220
BA 0 0 10 7220
BB 0 0 10 7220
BC 0 0 10 7220
BD 0 0 10 7220
BE 0 0 10 7220
BF 0 0 10 7220
C0 0 0 10 7220
C1 0 0 10 7220
C2 0 0 10 7220
C3 0 0 10 7220
C4 0 0 10 7220
C5 0 0 10 7220
C6 0 0 10 7220
C7 0 0 10 7220
C8 0 0 10 7220
C9 0 0 10 7220
CA 0 0 10 7220
CB 0 0 10 7220
CC 0 0 10 7220
CD 0 0 10 7220
CE 0 0 10 7220
CF 0 0 10 7220
D0 0 0 10 7220
D1 0 0 10 7220
D2 0 0 10 7220
D3 0 0 10 7220
D4 0 0 10 7220
D5 0 0 10 7220
D6 0 0 10 7220
D7 0 0 10 7220
D8 0 0 10 7220
D9 0 0 10 7220
DA 0 0 10 7220
DB 0 0 10 7220
DC 0 0 10 7220
DD 0 0 10 7220
DE 0 0 10 7220
DF 0 0 10 7220
E0 0 0 10 7220
E1 0 0 10 7220
E2 0 0 10 7220
E3 0 0 10 7220
E4 0 0 10 7220
E5 0 0 10 7220
E6 0 0 10 7220
E7 0 0 10 7220
E8 0 0 10 7220
E9 0 0 10 7220
EA 0 0 10 7220
EB 0 0 10 7220
EC 0 0 10 7220
ED 0 0 10 7220
EE 0 0 10 7220
EF 0 0 10 7220
F0 0 0 10 7220
F1 0 0 10 7220
F2 0 0 10 7220
F3 0 0 10 7220
F4 0 0 10 7220
F5 0 0 10 7220
F6 0 0 10 7220
F7 0 0 10 7220
F8 0 0 10 7220
F9 0 0 10 7220
FA 0 0 10 7220
00 0 0 10 7220
01 0 0 10 7220
02 0 0 10 7220
03 0 0 10 7220
04 0 0 10 7220
05 0 0 10 7220
44 0 0 10 7220
6B 0 0 10 7220
E6 0 0 10 7220
89 0 0 10 7220
00 0 0 10 7220
01 0 0 10 7220
02 0 0 10 7220
03 0 0 10 7220
04 0 0 10 7220
05 0 0 10 7220
06 0 0 10 7220
07 0 0 10 7220
08 0 0 10 7220
09 0 0 10 7220
0A 0 0 10 7220
0B 0 0 10 7220
0C 0 0 10 7220
0D 0 0 10 7220
0E 0 0 10 7220
0F 0 0 10 7220
10 0 0 10 7220
11 0 0 10 7220
12 0 0 10 7220
13 0 0 10 7220
14 0 0 10 7220
15 0 0 10 7220
16 0 0 10 7220
17 0 0 10 7220
18 0 0 10 7220
19 0 0 10 7220
1A 0 0 10 7220
1B 0 0 10 7220
1C 0 0 10 7220
1D 0 0 10 7220
1E 0 0 10 7220
1F 0 0 10 7220
20 0 0 10 7220
21 0 0 10 7220
22 0 0 10 7220
23 0 0 10 7220
24 0 0 10 7220
25 0 0 10 7220
26 0 0 10 7220
27 0 0 10 7220
28 0 0 10 7220
29 0 0 10 7220
2A 0 0 10 7220
2B 0 0 10 7220
2C 0 0 10 7220
2D 0 0 10 7220
2E 0 0 10 7220
2F 0 0 10 7220
30 0 0 10 7220
31 0 0 10 7220
32 0 0 10 7220
33 0 0 10 7220
34 0 0 10 7220
35 0 0 10 7220
36 0 0 10 7220
37 0 0 10 7220
38 0 0 10 7220
39 0 0 10 7220
3A 0 0 10 7220
3B 0 0 10 7220
3C 0 0 10 7220
3D 0 0 10 7220
3E 0 0 10 7220
3F 0 0 10 7220
40 0 0 10 7220
41 0 0 10 7220
42 0 0 10 7220
43 0 0 10 7220
44 0 0 10 7220
45 0 0 10 7220
46 0 0 10 7220
47 0 0 10 7220
48 0 0 10 7220
49 0 0 10 7220
4A 0 0 10 7220
4B 0 0 10 7220
4C 0 0 10 7220
4D 0 0 10 7220
4E 0 0 10 7220
4F 0 0 10 7220
50 0 0 10 7220
51 0 0 10 7220
52 0 0 10 7220
53 0 0 10 7220
54 0 0 10 7220
55 0 0 10 7220
56 0 0 10 7220
57 0 0 10 7220
58 0 0 10 7220
59 0 0 10 7220
5A 0 0 10 7220
5B 0 0 10 7220
5C 0 0 10 7220
5D 0 0 10 7220
5E 0 0 10 7220
5F 0 0 10 7220
60 0 0 10 7220
61 0 0 10 7220
62 0 0 10 7220
63 0 0 10 7220
64 0 0 10 7220
65 0 0 10 7220
66 0 0 10 7220
67 0 0 10 7220
68 0 0 10 7220
69 0 0 10 7220
6A 0 0 10 7220
6B 0 0 10 7220
6C 0 0 10 7220
6D 0 0 10 7220
6E 0 0 10 7220
6F 0 0 10 7220
70 0 0 10 7220
71 0 0 10 7220
72 0 0 10 7220
73 0 0 10 7220
74 0 0 10 7220
75 0 0 10 7220
76 0 0 10 7220
77 0 0 10 7220
78 0 0 10 7220
79 0 0 10 7220
7A 0 0 10 7220
7B 0 0 10 7220
7C 0 0 10 7220
7D 0 0 10 7220
7E 0 0 10 7220
7F 0 0 10 7220
80 0 0 10 7220
81 0 0 10 7220
82 0 0 10 7220
83 0 0 10 7220
84 0 0 10 7220
85 0 0 10 7220
86 0 0 10 7220
87 0 0 10 7220
88 0 0 10 7220
89 0 0 10 7220
8A 0 0 10 7220
8B 0 0 10 7220
8C 0 0 10 7220
8D 0 0 10 7220
8E 0 0 10 7220
8F 0 0 10 7220
90 0 0 10 7220
91 0 0 10 7220
92 0 0 10 7220
93 0 0 10 7220
94 0 0 10 7220
95 0 0 10 7220
96 0 0 10 7220
97 0 0 10 7220
98 0 0 10 7220
99 0 0 10 7220
9A 0 0 10 7220
9B 0 0 10 7220
9C 0 0 10 7220
9D 0 0 10 7220
9E 0 0 10 7220
9F 0 0 10 7220
A0 0 0 10 7220
A1 0 0 10 7220
A2 0 0 10 7220
A3 0 0 10 7220
A4 0 0 10 7220
A5 0 0 10 7220
A6 0 0 10 7220
A7 0 0 10 7220
A8 0 0 10 7220
A9 0 0 10 7220
AA 0 0 10 7220
AB 0 0 10 7220
AC 0 0 10 7220
AD 0 0 10 7220
AE 0 0 10 7220
AF 0 0 10 7220
B0 0 0 10 7220
B1 0 0 10 7220
B2 0 0 10 7220
B3 0 0 10 7220
B4 0 0 10 7220
B5 0 0 10 7220
B6 0 0 10 7220
B7 0 0 10 7220
B8 0 0 10 7220
B9 0 0 10 7220
BA 0 0 10 7220
BB 0 0 10 7220
BC 0 0 10 7220
BD 0 0 10 7220
BE 0 0 10 7220
BF 0 0 10 7220
C0 0 0 10 7220
C1 0 0 10 7220
C2 0 0 10 7220
C3 0 0 10 7220
C4 0 0 10 7220
C5 0 0 10 7220
C6 0 0 10 7220
C7 0 0 10 7220
C8 0 0 10 7220
C9 0 0 10 7220
CA 0 0 10 7220
CB 0 0 10 7220
CC 0 0 10 7220
CD 0 0 10 7220
CE 0 0 10 7220
CF 0 0 10 7220
D0 0 0 10 7220
D1 0 0 10 7220
D2 0 0 10 7220
D3 0 0 10 7220
D4 0 0 10 7220
D5 0 0 10 7220
D6 0 0 10 7220
D7 0 0 10 7220
D8 0 0 10 7220
D9 0 0 10 7220
DA 0 0 10 7220
DB 0 0 10 7220
DC 0 0 10 7220
DD 0 0 10 7220
DE 0 0 10 7220
DF 0 0 10 7220
E0 0 0 10 7220
E1 0 0 10 7220
E2 0 0 10 7220
E3 0 0 10 7220
E4 0 0 10 7220
E5 0 0 10 7220
E6 0 0 10 7220
E7 0 0 10 7220
E8 0 0 10 7220
E9 0 0 10 7220
EA 0 0 10 7220
EB 0 0 10 7220
EC 0 0 10 7220
ED 0 0 10 7220
EE 0 0 10 7220
EF 0 0 10 7220
F0 0 0 10 7220
F1 0 0 10 7220
F2 0 0 10 7220
F3 0 0 10 7220
F4 0 0 10 7220
F5 0 0 10 7220
F6 0 0 10 7220
F7 0 0 10 7220
F8 0 0 10 7220
F9 0 0 10 7220
FA 0 0 10 7220
FB 0 0 10 7220
FC 0 0 10 7220
FD 0 0 10 7220
FE 0 0 10 7220
FF 0 0 10 7220
00 0 0 10 7220
01 0 0 10 7220
02 0 0 10 7220
03 0 0 10 7220
04 0 0 10 7220
05 0 0 10 7220
06 0 0 10 7220
07 0 0 10 7220
08 0 0 10 7220
09 0 0 10 7220
0A 0 0 10 7220
0B 0 0 10 7220
0C 0 0 10 7220
0D 0 0 10 7220
0E 0 0 10 7220
0F 0 0 10 7220
10 0 0 10 7220
11 0 0 10 7220
12 0 0 10 7220
13 0 0 10 7220
14 0 0 10 7220
15 0 0 10 7220
16 0 0 10 7220
17 0 0 10 7220
18 0 0 10 7220
19 0 0 10 7220
1A 0 0 10 7220
1B 0 0 10 7220
1C 0 0 10 7220
1D 0 0 10 7220
1E 0 0 10 7220
1F 0 0 10 7220
20 0 0 10 7220
21 0 0 10 7220
22 0 0 10 7220
23 0 0 10 7220
24 0 0 10 7220
25 0 0 10 7220
26 0 0 10 7220
27 0 0 10 7220
28 0 0 10 7220
29 0 0 10 7220
2A 0 0 10 7220
2B 0 0 10 7220
2C 0 0 10 7220
2D 0 0 10 7220
2E 0 0 10 7220
2F 0 0 10 7220
30 0 0 10 7220
31 0 0 10 7220
32 0 0 10 7220
33 0 0 10 7220
34 0 0 10 7220
35 0 0 10 7220
36 0 0 10 7220
37 0 0 10 7220
38 0 0 10 7220
39 0 0 10 7220
3A 0 0 10 7220
3B 0 0 10 7220
3C 0 0 10 7220
3D 0 0 10 7220
3E 0 0 10 7220
3F 0 0 10 7220
40 0 0 10 7220
41 0 0 10 7220
42 0 0 10 7220
43 0 0 10 7220
44 0 0 10 7220
45 0 0 10 7220
46 0 0 10 7220
47 0 0 10 7220
48 0 0 10 7220
49 0 0 10 7220
4A 0 0 10 7220
4B 0 0 10 7220
4C 0 0 10 7220
4D 0 0 10 7220
4E 0 0 10 7220
4F 0 0 10 7220
50 0 0 10 7220
51 0 0 10 7220
52 0 0 10 7220
53 0 0 10 7220
54 0 0 10 7220
55 0 0 10 7220
56 0 0 10 7220
57 0 0 10 7220
58 0 0 10 7220
59 0 0 10 7220
5A 0 0 10 7220
5B 0 0 10 7220
5C 0 0 10 7220
5D 0 0 10 7220
5E 0 0 10 7220
5F 0 0 10 7220
60 0 0 10 7220
61 0 0 10 7220
62 0 0 10 7220
63 0 0 10 7220
64 0 0 10 7220
65 0 0 10 7220
66 0 0 10 7220
67 0 0 10 7220
68 0 0 10 7220
69 0 0 10 7220
6A 0 0 10 7220
6B 0 0 10 7220
6C 0 0 10 7220
6D 0 0 10 7220
6E 0 0 10 7220
6F 0 0 10 7220
70 0 0 10 7220
71 0 0 10 7220
72 0 0 10 7220
73 0 0 10 7220
74 0 0 10 7220
75 0 0 10 7220
76 0 0 10 7220
77 0 0 10 7220
78 0 0 10 7220
79 0 0 10 7220
7A 0 0 10 7220
7B 0 0 10 7220
7C 0 0 10 7220
7D 0 0 10 7220
7E 0 0 10 7220
7F 0 0 10 7220
80 0 0 10 7220
81 0 0 10 7220
82 0 0 10 7220
83 0 0 10 7220
84 0 0 10 7220
85 0 0 10 7220
86 0 0 10 7220
87 0 0 10 7220
88 0 0 10 7220
89 0 0 10 7220
8A 0 0 10 7220
8B 0 0 10 7220
8C 0 0 10 7220
8D 0 0 10 7220
8E 0 0 10 7220
8F 0 0 10 7220
90 0 0 10 7220
91 0 0 10 7220
92 0 0 10 7220
93 0 0 10 7220
94 0 0 10 7220
95 0 0 10 7220
96 0 0 10 7220
97 0 0 10 7220
98 0 0 10 7220
99 0 0 10 7220
9A 0 0 10 7220
9B 0 0 10 7220
9C 0 0 10 7220
9D 0 0 10 7220
9E 0 0 10 7220
9F 0 0 10 7220
A0 0 0 10 7220
A1 0 0 10 7220
A2 0 0 10 7220
A3 0 0 10 7220
A4 0 0 10 7220
A5 0 0 10 7220
A6 0 0 10 7220
A7 0 0 10 7220
A8 0 0 10 7220
A9 0 0 10 7220
AA 0 0 10 7220
AB 0 0 10 7220
AC 0 0 10 7220
AD 0 0 10 7220
AE 0 0 10 7220
AF 0 0 10 7220
B0 0 0 10 7220
B1 0 0 10 7220
B2 0 0 10 7220
B3 0 0 10 7220
B4 0 0 10 7220
B5 0 0 10 7220
B6 0 0 10 7220
B7 0 0 10 7220
B8 0 0 10 7220
B9 0 0 10 7220
BA 0 0 10 7220
BB 0 0 10 7220
BC 0 0 10 7220
BD 0 0 10 7220
BE 0 0 10 7220
BF 0 0 10 7220
C0 0 0 10 7220
C1 0 0 10 7220
C2 0 0 10 7220
C3 0 0 10 7220
C4 0 0 10 7220
C5 0 0 10 7220
C6 0 0 10 7220
C7 0 0 10 7220
C8 0 0 10 7220
C9 0 0 10 7220
CA 0 0 10 7220
CB 0 0 10 7220
CC 0 0 10 7220
CD 0 0 10 7220
CE 0 0 10 7220
CF 0 0 10 7220
D0 0 0 10 7220
D1 0 0 10 7220
D2 0 0 10 7220
D3 0 0 10 7220
D4 0 0 10 7220
D5 0 0 10 7220
D6 0 0 10 7220
D7 0 0 10 7220
D8 0 0 10 7220
D9 0 0 10 7220
DA 0 0 10 7220
DB 0 0 10 7220
DC 0 0 10 7220
DD 0 0 10 7220
DE 0 0 10 7220
DF 0 0 10 7220
E0 0 0 10 7220
E1 0 0 10 7220
E2 0 0 10 7220
E3 0 0 10 7220
E4 0 0 10 7220
E5 0 0 10 7220
E6 0 0 10 7220
E7 0 0 10 7220
E8 0 0 10 7220
E9 0 0 10 7220
EA 0 0 10 7220
EB 0 0 10 7220
EC 0 0 10 7220
ED 0 0 10 7220
EE 0 0 10 7220
EF 0 0 10 7220
F0 0 0 10 7220
F1 0 0 10 7220
F2 0 0 10 7220
F3 0 0 10 7220
F4 0 0 10 7220
F5 0 0 10 7220
F6 0 0 10 7220
F7 0 0 10 7220
F8 0 0 10 7220
F9 0 0 10 7220
FA 0 0 10 7220
FB 0 0 10 7220
FC 0 0 10 7220
FD 0 0 10 7220
FE 0 0 10 7220
FF 0 0 10 7220
00 0 0 10 7220
01 0 0 10 7220
02 0 0 10 7220
03 0 0 10 7220
04 0 0 10 7220
05 0 0 10 7220
06 0 0 10 7220
07 0 0 10 7220
08 0 0 10 7220
09 0 0 10 7220
0A 0 0 10 7220
0B 0 0 10 7220
0C 0 0 10 7220
0D 0 0 10 7220
0E 0 0 10 7220
0F 0 0 10 7220
10 0 0 10 7220
11 0 0 10 7220
12 0 0 10 7220
13 0 0 10 7220
14 0 0 10 7220
15 0 0 10 7220
16 0 0 10 7220
17 0 0 10 7220
18 0 0 10 7220
19 0 0 10 7220
1A 0 0 10 7220
1B 0 0 10 7220
1C 0 0 10 7220
1D 0 0 10 7220
1E 0 0 10 7220
1F 0 0 10 7220
20 0 0 10 7220
21 0 0 10 7220
22 0 0 10 7220
23 0 0 10 7220
24 0 0 10 7220
25 0 0 10 7220
26 0 0 10 7220
27 0 0 10 7220
28 0 0 10 7220
29 0 0 10 7220
2A 0 0 10 7220
2B 0 0 10 7220
2C 1 0 10 7220
00 0 0 11 8819
0A 0 0 11 8819
35 0 0 11 8819
01 0 0 11 8819
02 0 0 11 8819
03 0 0 11 8819
DE 0 0 11 8819
AD 0 0 11 8819
BE 0 0 11 8819
EF 0 0 11 8819
00 0 0 11 8819
01 0 0 11 8819
08 0 0 11 8819
00 0 0 11 8819
0B 0 0 11 8819
0C 0 0 11 8819
0D 0 0 11 8819
0E 0 0 11 8819
0F 0 0 11 8819
10 0 0 11 8819
11 0 0 11 8819
12 0 0 11 8819
13 0 0 11 8819
14 0 0 11 8819
15 0 0 11 8819
16 0 0 11 8819
17 0 0 11 8819
18 0 0 11 8819
19 0 0 11 8819
1A 0 0 11 8819
1B 0 0 11 8819
1C 0 0 11 8819
1D 0 0 11 8819
1E 0 0 11 8819
1F 0 0 11 8819
20 0 0 11 8819
21 0 0 11 8819
22 0 0 11 8819
23 0 0 11 8819
24 0 0 11 8819
25 0 0 11 8819
26 0 0 11 8819
27 0 0 11 8819
28 0 0 11 8819
29 0 0 11 8819
2A 0 0 11 8819
2B 0 0 11 8819
2C 0 0 11 8819
2D 0 0 11 8819
2E 0 0 11 8819
2F 0 0 11 8819
30 0 0 11 8819
31 0 0 11 8819
32 0 0 11 8819
33 0 0 11 8819
34 0 0 11 8819
35 0 0 11 8819
36 0 0 11 8819
37 0 0 11 8819
38 0 0 11 8819
39 0 0 11 8819
3A 0 0 11 8819
3B 0 0 11 8819
3C 0 0 11 8819
3D 0 0 11 8819
3E 0 0 11 8819
3F 0 0 11 8819
40 0 0 11 8819
41 0 0 11 8819
42 0 0 11 8819
43 0 0 11 8819
44 0 0 11 8819
45 0 0 11 8819
46 0 0 11 8819
47 0 0 11 8819
48 0 0 11 8819
49 0 0 11 8819
4A 0 0 11 8819
4B 0 0 11 8819
4C 0 0 11 8819
4D 0 0 11 8819
4E 0 0 11 8819
4F 0 0 11 8819
50 0 0 11 8819
51 0 0 11 8819
52 0 0 11 8819
53 0 0 11 8819
54 0 0 11 8819
55 0 0 11 8819
56 0 0 11 8819
57 0 0 11 8819
58 0 0 11 8819
59 0 0 11 8819
5A 0 0 11 8819
5B 0 0 11 8819
5C 0 0 11 8819
5D 0 0 11 8819
5E 0 0 11 8819
5F 0 0 11 8819
60 0 0 11 8819
61 0 0 11 8819
62 0 0 11 8819
63 0 0 11 8819
64 0 0 11 8819
65 0 0 11 8819
66 0 0 11 8819
67 0 0 11 8819
68 0 0 11 8819
69 0 0 11 8819
6A 0 0 11 8819
6B 0 0 11 8819
6C 0 0 11 8819
6D 0 0 11 8819
6E 0 0 11 8819
6F 0 0 11 8819
70 0 0 11 8819
71 0 0 11 8819
72 0 0 11 8819
73 0 0 11 8819
74 0 0 11 8819
75 0 0 11 8819
76 0 0 11 8819
77 0 0 11 8819
78 0 0 11 8819
79 0 0 11 8819
7A 0 0 11 8819
7B 0 0 11 8819
7C 0 0 11 8819
7D 0 0 11 8819
7E 0 0 11 8819
7F 0 0 11 8819
80 0 0 11 8819
81 0 0 11 8819
82 0 0 11 8819
83 0 0 11 8819
84 0 0 11 8819
85 0 0 11 8819
86 0 0 11 8819
87 0 0 11 8819
88 0 0 11 8819
89 0 0 11 8819
8A 0 0 11 8819
8B 0 0 11 8819
8C 0 0 11 8819
8D 0 0 11 8819
8E 0 0 11 8819
8F 0 0 11 8819
90 0 0 11 8819
91 0 0 11 8819
92 0 0 11 8819
93 0 0 11 8819
94 0 0 11 8819
95 0 0 11 8819
96 0 0 11 8819
97 0 0 11 8819
98 0 0 11 8819
99 0 0 11 8819
9A 0 0 11 8819
9B 0 0 11 8819
9C 0 0 11 8819
9D 0 0 11 8819
9E 0 0 11 8819
9F 0 0 11 8819
A0 0 0 11 8819
A1 0 0 11 8819
A2 0 0 11 8819
A3 0 0 11 8819
A4 0 0 11 8819
A5 0 0 11 8819
A6 0 0 11 8819
A7 0 0 11 8819
A8 0 0 11 8819
A9 0 0 11 8819
AA 0 0 11 8819
AB 0 0 11 8819
AC 0 0 11 8819
AD 0 0 11 8819
AE 0 0 11 8819
AF 0 0 11 8819
B0 0 0 11 8819
B1 0 0 11 8819
B2 0 0 11 8819
B3 0 0 11 8819
B4 0 0 11 8819
B5 0 0 11 8819
B6 0 0 11 8819
B7 0 0 11 8819
B8 0 0 11 8819
B9 0 0 11 8819
BA 0 0 11 8819
BB 0 0 11 8819
BC 0 0 11 8819
BD 0 0 11 8819
BE 0 0 11 8819
BF 0 0 11 8819
C0 0 0 11 8819
C1 0 0 11 8819
C2 0 0 11 8819
C3 0 0 11 8819
C4 0 0 11 8819
C5 0 0 11 8819
C6 0 0 11 8819
C7 0 0 11 8819
C8 0 0 11 8819
C9 0 0 11 8819
CA 0 0 11 8819
CB 0 0 11 8819
CC 0 0 11 8819
CD 0 0 11 8819
CE 0 0 11 8819
CF 0 0 11 8819
D0 0 0 11 8819
D1 0 0 11 8819
D2 0 0 11 8819
D3 0 0 11 8819
D4 0 0 11 8819
D5 0 0 11 8819
D6 0 0 11 8819
D7 0 0 11 8819
D8 0 0 11 8819
D9 0 0 11 8819
DA 0 0 11 8819
DB 0 0 11 8819
DC 0 0 11 8819
DD 0 0 11 8819
DE 0 0 11 8819
DF 0 0 11 8819
E0 0 0 11 8819
E1 0 0 11 8819
E2 0 0 11 8819
E3 0 0 11 8819
E4 0 0 11 8819
E5 0 0 11 8819
E6 0 0 11 8819
E7 0 0 11 8819
E8 0 0 11 8819
E9 0 0 11 8819
EA 0 0 11 8819
EB 0 0 11 8819
EC 0 0 11 8819
ED 0 0 11 8819
EE 0 0 11 8819
EF 0 0 11 8819
F0 0 0 11 8819
F1 0 0 11 8819
F2 0 0 11 8819
F3 0 0 11 8819
F4 0 0 11 8819
F5 0 0 11 8819
F6 0 0 11 8819
F7 0 0 11 8819
F8 0 0 11 8819
F9 0 0 11 8819
FA 0 0 11 8819
00 0 0 11 8819
01 0 0 11 8819
02 0 0 11 8819
03 0 0 11 8819
04 0 0 11 8819
05 0 0 11 8819
06 0 0 11 8819
07 0 0 11 8819
08 0 0 11 8819
09 0 0 11 8819
0A 0 0 11 8819
0B 0 0 11 8819
0C 0 0 11 8819
0D 0 0 11 8819
0E 0 0 11 8819
0F 0 0 11 8819
10 0 0 11 8819
11 0 0 11 8819
12 0 0 11 8819
13 0 0 11 8819
14 0 0 11 8819
15 0 0 11 8819
16 0 0 11 8819
17 0 0 11 8819
18 0 0 11 8819
19 0 0 11 8819
1A 0 0 11 8819
1B 0 0 11 8819
1C 0 0 11 8819
1D 0 0 11 8819
1E 0 0 11 8819
1F 0 0 11 8819
20 0 0 11 8819
21 0 0 11 8819
22 0 0 11 8819
23 0 0 11 8819
24 0 0 11 8819
25 0 0 11 8819
26 0 0 11 8819
27 0 0 11 8819
28 0 0 11 8819
29 0 0 11 8819
2A 0 0 11 8819
2B 0 0 11 8819
2C 0 0 11 8819
2D 0 0 11 8819
2E 0 0 11 8819
2F 0 0 11 8819
30 0 0 11 8819
31 0 0 11 8819
32 0 0 11 8819
33 0 0 11 8819
34 0 0 11 8819
35 0 0 11 8819
36 0 0 11 8819
37 0 0 11 8819
38 0 0 11 8819
39 0 0 11 8819
3A 0 0 11 8819
3B 0 0 11 8819
3C 0 0 11 8819
3D 0 0 11 8819
3E 0 0 11 8819
3F 0 0 11 8819
40 0 0 11 8819
41 0 0 11 8819
42 0 0 11 8819
43 0 0 11 8819
44 0 0 11 8819
45 0 0 11 8819
46 0 0 11 8819
47 0 0 11 8819
48 0 0 11 8819
49 0 0 11 8819
4A 0 0 11 8819
4B 0 0 11 8819
4C 0 0 11 8819
4D 0 0 11 8819
4E 0 0 11 8819
4F 0 0 11 8819
50 0 0 11 8819
51 0 0 11 8819
52 0 0 11 8819
53 0 0 11 8819
54 0 0 11 8819
55 0 0 11 8819
56 0 0 11 8819
57 0 0 11 8819
58 0 0 11 8819
59 0 0 11 8819
5A 0 0 11 8819
5B 0 0 11 8819
5C 0 0 11 8819
5D 0 0 11 8819
5E 0 0 11 8819
5F 0 0 11 8819
60 0 0 11 8819
61 0 0 11 8819
62 0 0 11 8819
63 0 0 11 8819
64 0 0 11 8819
65 0 0 11 8819
66 0 0 11 8819
67 0 0 11 8819
68 0 0 11 8819
69 0 0 11 8819
6A 0 0 11 8819
6B 0 0 11 8819
6C 0 0 11 8819
6D 0 0 11 8819
6E 0 0 11 8819
6F 0 0 11 8819
70 0 0 11 8819
71 0 0 11 8819
72 0 0 11 8819
73 0 0 11 8819
74 0 0 11 8819
75 0 0 11 8819
76 0 0 11 8819
77 0 0 11 8819
78 0 0 11 8819
79 0 0 11 8819
7A 0 0 11 8819
7B 0 0 11 8819
7C 0 0 11 8819
7D 0 0 11 8819
7E 0 0 11 8819
7F 0 0 11 8819
80 0 0 11 8819
81 0 0 11 8819
82 0 0 11 8819
83 0 0 11 8819
84 0 0 11 8819
85 0 0 11 8819
86 0 0 11 8819
87 0 0 11 8819
88 0 0 11 8819
89 0 0 11 8819
8A 0 0 11 8819
8B 0 0 11 8819
8C 0 0 11 8819
8D 0 0 11 8819
8E 0 0 11 8819
8F 0 0 11 8819
90 0 0 11 8819
91 0 0 11 8819
92 0 0 11 8819
93 0 0 11 8819
94 0 0 11 8819
95 0 0 11 8819
96 0 0 11 8819
97 0 0 11 8819
98 0 0 11 8819
99 0 0 11 8819
9A 0 0 11 8819
9B 0 0 11 8819
9C 0 0 11 8819
9D 0 0 11 8819
9E 0 0 11 8819
9F 0 0 11 8819
A0 0 0 11 8819
A1 0 0 11 8819
A2 0 0 11 8819
A3 0 0 11 8819
A4 0 0 11 8819
A5 0 0 11 8819
A6 0 0 11 8819
A7 0 0 11 8819
A8 0 0 11 8819
A9 0 0 11 8819
AA 0 0 11 8819
AB 0 0 11 8819
AC 0 0 11 8819
AD 0 0 11 8819
AE 0 0 11 8819
AF 0 0 11 8819
B0 0 0 11 8819
B1 0 0 11 8819
B2 0 0 11 8819
B3 0 0 11 8819
B4 0 0 11 8819
B5 0 0 11 8819
B6 0 0 11 8819
B7 0 0 11 8819
B8 0 0 11 8819
B9 0 0 11 8819
BA 0 0 11 8819
BB 0 0 11 8819
BC 0 0 11 8819
BD 0 0 11 8819
BE 0 0 11 8819
BF 0 0 11 8819
C0 0 0 11 8819
C1 0 0 11 8819
C2 0 0 11 8819
C3 0 0 11 8819
C4 0 0 11 8819
C5 0 0 11 8819
C6 0 0 11 8819
C7 0 0 11 8819
C8 0 0 11 8819
C9 0 0 11 8819
CA 0 0 11 8819
CB 0 0 11 8819
CC 0 0 11 8819
CD 0 0 11 8819
CE 0 0 11 8819
CF 0 0 11 8819
D0 0 0 11 8819
D1 0 0 11 8819
D2 0 0 11 8819
D3 0 0 11 8819
D4 0 0 11 8819
D5 0 0 11 8819
D6 0 0 11 8819
D7 0 0 11 8819
D8 0 0 11 8819
D9 0 0 11 8819
DA 0 0 11 8819
DB 0 0 11 8819
DC 0 0 11 8819
DD 0 0 11 8819
DE 0 0 11 8819
DF 0 0 11 8819
E0 0 0 11 8819
E1 0 0 11 8819
E2 0 0 11 8819
E3 0 0 11 8819
E4 0 0 11 8819
E5 0 0 11 8819
E6 0 0 11 8819
E7 0 0 11 8819
E8 0 0 11 8819
E9 0 0 11 8819
EA 0 0 11 8819
EB 0 0 11 8819
EC 0 0 11 8819
ED 0 0 11 8819
EE 0 0 11 8819
EF 0 0 11 8819
F0 0 0 11 8819
F1 0 0 11 8819
F2 0 0 11 8819
F3 0 0 11 8819
F4 0 0 11 8819
F5 0 0 11 8819
F6 0 0 11 8819
F7 0 0 11 8819
F8 0 0 11 8819
F9 0 0 11 8819
FA 0 0 11 8819
00 0 0 11 8819
01 0 0 11 8819
02 0 0 11 8819
03 0 0 11 8819
04 0 0 11 8819
05 0 0 11 8819
06 0 0 11 8819
07 0 0 11 8819
08 0 0 11 8819
09 0 0 11 8819
0A 0 0 11 8819
0B 0 0 11 8819
0C 0 0 11 8819
0D 0 0 11 8819
0E 0 0 11 8819
0F 0 0 11 8819
10 0 0 11 8819
11 0 0 11 8819
12 0 0 11 8819
13 0 0 11 8819
14 0 0 11 8819
15 0 0 11 8819
16 0 0 11 8819
17 0 0 11 8819
18 0 0 11 8819
19 0 0 11 8819
1A 0 0 11 8819
1B 0 0 11 8819
1C 0 0 11 8819
1D 0 0 11 8819
1E 0 0 11 8819
1F 0 0 11 8819
20 0 0 11 8819
21 0 0 11 8819
22 0 0 11 8819
23 0 0 11 8819
24 0 0 11 8819
25 0 0 11 8819
26 0 0 11 8819
27 0 0 11 8819
28 0 0 11 8819
29 0 0 11 8819
2A 0 0 11 8819
2B 0 0 11 8819
2C 0 0 11 8819
2D 0 0 11 8819
2E 0 0 11 8819
2F 0 0 11 8819
30 0 0 11 8819
31 0 0 11 8819
32 0 0 11 8819
33 0 0 11 8819
34 0 0 11 8819
35 0 0 11 8819
36 0 0 11 8819
37 0 0 11 8819
38 0 0 11 8819
39 0 0 11 8819
3A 0 0 11 8819
3B 0 0 11 8819
3C 0 0 11 8819
3D 0 0 11 8819
3E 0 0 11 8819
3F 0 0 11 8819
40 0 0 11 8819
41 0 0 11 8819
42 0 0 11 8819
43 0 0 11 8819
44 0 0 11 8819
45 0 0 11 8819
46 0 0 11 8819
47 0 0 11 8819
48 0 0 11 8819
49 0 0 11 8819
4A 0 0 11 8819
4B 0 0 11 8819
4C 0 0 11 8819
4D 0 0 11 8819
4E 0 0 11 8819
4F 0 0 11 8819
50 0 0 11 8819
51 0 0 11 8819
52 0 0 11 8819
53 0 0 11 8819
54 0 0 11 8819
55 0 0 11 8819
56 0 0 11 8819
57 0 0 11 8819
58 0 0 11 8819
59 0 0 11 8819
5A 0 0 11 8819
5B 0 0 11 8819
5C 0 0 11 8819
5D 0 0 11 8819
5E 0 0 11 8819
5F 0 0 11 8819
60 0 0 11 8819
61 0 0 11 8819
62 0 0 11 8819
63 0 0 11 8819
64 0 0 11 8819
65 0 0 11 8819
66 0 0 11 8819
67 0 0 11 8819
68 0 0 11 8819
69 0 0 11 8819
6A 0 0 11 8819
6B 0 0 11 8819
6C 0 0 11 8819
6D 0 0 11 8819
6E 0 0 11 8819
6F 0 0 11 8819
70 0 0 11 8819
71 0 0 11 8819
72 0 0 11 8819
73 0 0 11 8819
74 0 0 11 8819
75 0 0 11 8819
76 0 0 11 8819
77 0 0 11 8819
78 0 0 11 8819
79 0 0 11 8819
7A 0 0 11 8819
7B 0 0 11 8819
7C 0 0 11 8819
7D 0 0 11 8819
7E 0 0 11 8819
7F 0 0 11 8819
80 0 0 11 8819
81 0 0 11 8819
82 0 0 11 8819
83 0 0 11 8819
84 0 0 11 8819
85 0 0 11 8819
86 0 0 11 8819
87 0 0 11 8819
88 0 0 11 8819
89 0 0 11 8819
8A 0 0 11 8819
8B 0 0 11 8819
8C 0 0 11 8819
8D 0 0 11 8819
8E 0 0 11 8819
8F 0 0 11 8819
90 0 0 11 8819
91 0 0 11 8819
92 0 0 11 8819
93 0 0 11 8819
94 0 0 11 8819
95 0 0 11 8819
96 0 0 11 8819
97 0 0 11 8819
98 0 0 11 8819
99 0 0 11 8819
9A 0 0 11 8819
9B 0 0 11 8819
9C 0 0 11 8819
9D 0 0 11 8819
9E 0 0 11 8819
9F 0 0 11 8819
A0 0 0 11 8819
A1 0 0 11 8819
A2 0 0 11 8819
A3 0 0 11 8819
A4 0 0 11 8819
A5 0 0 11 8819
A6 0 0 11 8819
A7 0 0 11 8819
A8 0 0 11 8819
A9 0 0 11 8819
AA 0 0 11 8819
AB 0 0 11 8819
AC 0 0 11 8819
AD 0 0 11 8819
AE 0 0 11 8819
AF 0 0 11 8819
B0 0 0 11 8819
B1 0 0 11 8819
B2 0 0 11 8819
B3 0 0 11 8819
B4 0 0 11 8819
B5 0 0 11 8819
B6 0 0 11 8819
B7 0 0 11 8819
B8 0 0 11 8819
B9 0 0 11 8819
BA 0 0 11 8819
BB 0 0 11 8819
BC 0 0 11 8819
BD 0 0 11 8819
BE 0 0 11 8819
BF 0 0 11 8819
C0 0 0 11 8819
C1 0 0 11 8819
C2 0 0 11 8819
C3 0 0 11 8819
C4 0 0 11 8819
C5 0 0 11 8819
C6 0 0 11 8819
C7 0 0 11 8819
C8 0 0 11 8819
C9 0 0 11 8819
CA 0 0 11 8819
CB 0 0 11 8819
CC 0 0 11 8819
CD 0 0 11 8819
CE 0 0 11 8819
CF 0 0 11 8819
D0 0 0 11 8819
D1 0 0 11 8819
D2 0 0 11 8819
D3 0 0 11 8819
D4 0 0 11 8819
D5 0 0 11 8819
D6 0 0 11 8819
D7 0 0 11 8819
D8 0 0 11 8819
D9 0 0 11 8819
DA 0 0 11 8819
DB 0 0 11 8819
DC 0 0 11 8819
DD 0 0 11 8819
DE 0 0 11 8819
DF 0 0 11 8819
E0 0 0 11 8819
E1 0 0 11 8819
E2 0 0 11 8819
E3 0 0 11 8819
E4 0 0 11 8819
E5 0 0 11 8819
E6 0 0 11 8819
E7 0 0 11 8819
E8 0 0 11 8819
E9 0 0 11 8819
EA 0 0 11 8819
EB 0 0 11 8819
EC 0 0 11 8819
ED 0 0 11 8819
EE 0 0 11 8819
EF 0 0 11 8819
F0 0 0 11 8819
F1 0 0 11 8819
F2 0 0 11 8819
F3 0 0 11 8819
F4 0 0 11 8819
F5 0 0 11 8819
F6 0 0 11 8819
F7 0 0 11 8819
F8 0 0 11 8819
F9 0 0 11 8819
FA 0 0 11 8819
00 0 0 11 8819
01 0 0 11 8819
02 0 0 11 8819
03 0 0 11 8819
04 0 0 11 8819
05 0 0 11 8819
06 0 0 11 8819
07 0 0 11 8819
08 0 0 11 8819
09 0 0 11 8819
0A 0 0 11 8819
0B 0 0 11 8819
0C 0 0 11 8819
0D 0 0 11 8819
0E 0 0 11 8819
0F 0 0 11 8819
10 0 0 11 8819
11 0 0 11 8819
12 0 0 11 8819
13 0 0 11 8819
14 0 0 11 8819
15 0 0 11 8819
16 0 0 11 8819
17 0 0 11 8819
18 0 0 11 8819
19 0 0 11 8819
1A 0 0 11 8819
1B 0 0 11 8819
1C 0 0 11 8819
1D 0 0 11 8819
1E 0 0 11 8819
1F 0 0 11 8819
20 0 0 11 8819
21 0 0 11 8819
22 0 0 11 8819
23 0 0 11 8819
24 0 0 11 8819
25 0 0 11 8819
26 0 0 11 8819
27 0 0 11 8819
28 0 0 11 8819
29 0 0 11 8819
2A 0 0 11 8819
2B 0 0 11 8819
2C 0 0 11 8819
2D 0 0 11 8819
2E 0 0 11 8819
2F 0 0 11 8819
30 0 0 11 8819
31 0 0 11 8819
32 0 0 11 8819
33 0 0 11 8819
34 0 0 11 8819
35 0 0 11 8819
36 0 0 11 8819
37 0 0 11 8819
38 0 0 11 8819
39 0 0 11 8819
3A 0 0 11 8819
3B 0 0 11 8819
3C 0 0 11 8819
3D 0 0 11 8819
3E 0 0 11 8819
3F 0 0 11 8819
40 0 0 11 8819
41 0 0 11 8819
42 0 0 11 8819
43 0 0 11 8819
44 0 0 11 8819
45 0 0 11 8819
46 0 0 11 8819
47 0 0 11 8819
48 0 0 11 8819
49 0 0 11 8819
4A 0 0 11 8819
4B 0 0 11 8819
4C 0 0 11 8819
4D 0 0 11 8819
4E 0 0 11 8819
4F 0 0 11 8819
50 0 0 11 8819
51 0 0 11 8819
52 0 0 11 8819
53 0 0 11 8819
54 0 0 11 8819
55 0 0 11 8819
56 0 0 11 8819
57 0 0 11 8819
58 0 0 11 8819
59 0 0 11 8819
5A 0 0 11 8819
5B 0 0 11 8819
5C 0 0 11 8819
5D 0 0 11 8819
5E 0 0 11 8819
5F 0 0 11 8819
60 0 0 11 8819
61 0 0 11 8819
62 0 0 11 8819
63 0 0 11 8819
64 0 0 11 8819
65 0 0 11 8819
66 0 0 11 8819
67 0 0 11 8819
68 0 0 11 8819
69 0 0 11 8819
6A 0 0 11 8819
6B 0 0 11 8819
6C 0 0 11 8819
6D 0 0 11 8819
6E 0 0 11 8819
6F 0 0 11 8819
70 0 0 11 8819
71 0 0 11 8819
72 0 0 11 8819
73 0 0 11 8819
74 0 0 11 8819
75 0 0 11 8819
76 0 0 11 8819
77 0 0 11 8819
78 0 0 11 8819
79 0 0 11 8819
7A 0 0 11 8819
7B 0 0 11 8819
7C 0 0 11 8819
7D 0 0 11 8819
7E 0 0 11 8819
7F 0 0 11 8819
80 0 0 11 8819
81 0 0 11 8819
82 0 0 11 8819
83 0 0 11 8819
84 0 0 11 8819
85 0 0 11 8819
86 0 0 11 8819
87 0 0 11 8819
88 0 0 11 8819
89 0 0 11 8819
8A 0 0 11 8819
8B 0 0 11 8819
8C 0 0 11 8819
8D 0 0 11 8819
8E 0 0 11 8819
8F 0 0 11 8819
90 0 0 11 8819
91 0 0 11 8819
92 0 0 11 8819
93 0 0 11 8819
94 0 0 11 8819
95 0 0 11 8819
96 0 0 11 8819
97 0 0 11 8819
98 0 0 11 8819
99 0 0 11 8819
9A 0 0 11 8819
9B 0 0 11 8819
9C 0 0 11 8819
9D 0 0 11 8819
9E 0 0 11 8819
9F 0 0 11 8819
A0 0 0 11 8819
A1 0 0 11 8819
A2 0 0 11 8819
A3 0 0 11 8819
A4 0 0 11 8819
A5 0 0 11 8819
A6 0 0 11 8819
A7 0 0 11 8819
A8 0 0 11 8819
A9 0 0 11 8819
AA 0 0 11 8819
AB 0 0 11 8819
AC 0 0 11 8819
AD 0 0 11 8819
AE 0 0 11 8819
AF 0 0 11 8819
B0 0 0 11 8819
B1 0 0 11 8819
B2 0 0 11 8819
B3 0 0 11 8819
B4 0 0 11 8819
B5 0 0 11 8819
B6 0 0 11 8819
B7 0 0 11 8819
B8 0 0 11 8819
B9 0 0 11 8819
BA 0 0 11 8819
BB 0 0 11 8819
BC 0 0 11 8819
BD 0 0 11 8819
BE 0 0 11 8819
BF 0 0 11 8819
C0 0 0 11 8819
C1 0 0 11 8819
C2 0 0 11 8819
C3 0 0 11 8819
C4 0 0 11 8819
C5 0 0 11 8819
C6 0 0 11 8819
C7 0 0 11 8819
C8 0 0 11 8819
C9 0 0 11 8819
CA 0 0 11 8819
CB 0 0 11 8819
CC 0 0 11 8819
CD 0 0 11 8819
CE 0 0 11 8819
CF 0 0 11 8819
D0 0 0 11 8819
D1 0 0 11 8819
D2 0 0 11 8819
D3 0 0 11 8819
D4 0 0 11 8819
D5 0 0 11 8819
D6 0 0 11 8819
D7 0 0 11 8819
D8 0 0 11 8819
D9 0 0 11 8819
DA 0 0 11 8819
DB 0 0 11 8819
DC 0 0 11 8819
DD 0 0 11 8819
DE 0 0 11 8819
DF 0 0 11 8819
E0 0 0 11 8819
E1 0 0 11 8819
E2 0 0 11 8819
E3 0 0 11 8819
E4 0 0 11 8819
E5 0 0 11 8819
E6 0 0 11 8819
E7 0 0 11 8819
E8 0 0 11 8819
E9 0 0 11 8819
EA 0 0 11 8819
EB 0 0 11 8819
EC 0 0 11 8819
ED 0 0 11 8819
EE 0 0 11 8819
EF 0 0 11 8819
F0 0 0 11 8819
F1 0 0 11 8819
F2 0 0 11 8819
F3 0 0 11 8819
F4 0 0 11 8819
F5 0 0 11 8819
F6 0 0 11 8819
F7 0 0 11 8819
F8 0 0 11 8819
F9 0 0 11 8819
FA 0 0 11 8819
00 0 0 11 8819
01 0 0 11 8819
02 0 0 11 8819
03 0 0 11 8819
04 0 0 11 8819
05 0 0 11 8819
06 0 0 11 8819
07 0 0 11 8819
08 0 0 11 8819
09 0 0 11 8819
0A 0 0 11 8819
0B 0 0 11 8819
0C 0 0 11 8819
0D 0 0 11 8819
0E 0 0 11 8819
0F 0 0 11 8819
10 0 0 11 8819
11 0 0 11 8819
12 0 0 11 8819
13 0 0 11 8819
14 0 0 11 8819
15 0 0 11 8819
16 0 0 11 8819
17 0 0 11 8819
18 0 0 11 8819
19 0 0 11 8819
1A 0 0 11 8819
1B 0 0 11 8819
1C 0 0 11 8819
1D 0 0 11 8819
1E 0 0 11 8819
1F 0 0 11 8819
20 0 0 11 8819
21 0 0 11 8819
22 0 0 11 8819
23 0 0 11 8819
24 0 0 11 8819
25 0 0 11 8819
26 0 0 11 8819
27 0 0 11 8819
28 0 0 11 8819
29 0 0 11 8819
2A 0 0 11 8819
2B 0 0 11 8819
2C 0 0 11 8819
2D 0 0 11 8819
2E 0 0 11 8819
2F 0 0 11 8819
30 0 0 11 8819
31 0 0 11 8819
32 0 0 11 8819
33 0 0 11 8819
34 0 0 11 8819
35 0 0 11 8819
36 0 0 11 8819
37 0 0 11 8819
38 0 0 11 8819
39 0 0 11 8819
3A 0 0 11 8819
3B 0 0 11 8819
3C 0 0 11 8819
3D 0 0 11 8819
3E 0 0 11 8819
3F 0 0 11 8819
40 0 0 11 8819
41 0 0 11 8819
42 0 0 11 8819
43 0 0 11 8819
44 0 0 11 8819
45 0 0 11 8819
46 0 0 11 8819
47 0 0 11 8819
48 0 0 11 8819
49 0 0 11 8819
4A 0 0 11 8819
4B 0 0 11 8819
4C 0 0 11 8819
4D 0 0 11 8819
4E 0 0 11 8819
4F 0 0 11 8819
50 0 0 11 8819
51 0 0 11 8819
52 0 0 11 8819
53 0 0 11 8819
54 0 0 11 8819
55 0 0 11 8819
56 0 0 11 8819
57 0 0 11 8819
58 0 0 11 8819
59 0 0 11 8819
5A 0 0 11 8819
5B 0 0 11 8819
5C 0 0 11 8819
5D 0 0 11 8819
5E 0 0 11 8819
5F 0 0 11 8819
60 0 0 11 8819
61 0 0 11 8819
62 0 0 11 8819
63 0 0 11 8819
64 0 0 11 8819
65 0 0 11 8819
66 0 0 11 8819
67 0 0 11 8819
68 0 0 11 8819
69 0 0 11 8819
6A 0 0 11 8819
6B 0 0 11 8819
6C 0 0 11 8819
6D 0 0 11 8819
6E 0 0 11 8819
6F 0 0 11 8819
70 0 0 11 8819
71 0 0 11 8819
72 0 0 11 8819
73 0 0 11 8819
74 0 0 11 8819
75 0 0 11 8819
76 0 0 11 8819
77 0 0 11 8819
78 0 0 11 8819
79 0 0 11 8819
7A 0 0 11 8819
7B 0 0 11 8819
7C 0 0 11 8819
7D 0 0 11 8819
7E 0 0 11 8819
7F 0 0 11 8819
80 0 0 11 8819
81 0 0 11 8819
82 0 0 11 8819
83 0 0 11 8819
84 0 0 11 8819
85 0 0 11 8819
86 0 0 11 8819
87 0 0 11 8819
88 0 0 11 8819
89 0 0 11 8819
8A 0 0 11 8819
8B 0 0 11 8819
8C 0 0 11 8819
8D 0 0 11 8819
8E 0 0 11 8819
8F 0 0 11 8819
90 0 0 11 8819
91 0 0 11 8819
92 0 0 11 8819
93 0 0 11 8819
94 0 0 11 8819
95 0 0 11 8819
96 0 0 11 8819
97 0 0 11 8819
98 0 0 11 8819
99 0 0 11 8819
9A 0 0 11 8819
9B 0 0 11 8819
9C 0 0 11 8819
9D 0 0 11 8819
9E 0 0 11 8819
9F 0 0 11 8819
A0 0 0 11 8819
A1 0 0 11 8819
A2 0 0 11 8819
A3 0 0 11 8819
A4 0 0 11 8819
A5 0 0 11 8819
A6 0 0 11 8819
A7 0 0 11 8819
A8 0 0 11 8819
A9 0 0 11 8819
AA 0 0 11 8819
AB 0 0 11 8819
AC 0 0 11 8819
AD 0 0 11 8819
AE 0 0 11 8819
AF 0 0 11 8819
B0 0 0 11 8819
B1 0 0 11 8819
B2 0 0 11 8819
B3 0 0 11 8819
B4 0 0 11 8819
B5 0 0 11 8819
B6 0 0 11 8819
B7 0 0 11 8819
B8 0 0 11 8819
B9 0 0 11 8819
BA 0 0 11 8819
BB 0 0 11 8819
BC 0 0 11 8819
BD 0 0 11 8819
BE 0 0 11 8819
BF 0 0 11 8819
C0 0 0 11 8819
C1 0 0 11 8819
C2 0 0 11 8819
C3 0 0 11 8819
C4 0 0 11 8819
C5 0 0 11 8819
C6 0 0 11 8819
C7 0 0 11 8819
C8 0 0 11 8819
C9 0 0 11 8819
CA 0 0 11 8819
CB 0 0 11 8819
CC 0 0 11 8819
CD 0 0 11 8819
CE 0 0 11 8819
CF 0 0 11 8819
D0 0 0 11 8819
D1 0 0 11 8819
D2 0 0 11 8819
D3 0 0 11 8819
D4 0 0 11 8819
D5 0 0 11 8819
D6 0 0 11 8819
D7 0 0 11 8819
D8 0 0 11 8819
D9 0 0 11 8819
DA 0 0 11 8819
DB 0 0 11 8819
DC 0 0 11 8819
DD 0 0 11 8819
DE 0 0 11 8819
DF 0 0 11 8819
E0 0 0 11 8819
E1 0 0 11 8819
E2 0 0 11 8819
E3 0 0 11 8819
E4 0 0 11 8819
E5 0 0 11 8819
E6 0 0 11 8819
E7 0 0 11 8819
E8 0 0 11 8819
E9 0 0 11 8819
EA 0 0 11 8819
EB 0 0 11 8819
EC 0 0 11 8819
ED 0 0 11 8819
EE 0 0 11 8819
EF 0 0 11 8819
F0 0 0 11 8819
F1 0 0 11 8819
F2 0 0 11 8819
F3 0 0 11 8819
F4 0 0 11 8819
F5 0 0 11 8819
F6 0 0 11 8819
F7 0 0 11 8819
F8 0 0 11 8819
F9 0 0 11 8819
FA 0 0 11 8819
00 0 0 11 8819
01 0 0 11 8819
02 0 0 11 8819
03 0 0 11 8819
04 0 0 11 8819
05 0 0 11 8819
06 0 0 11 8819
07 0 0 11 8819
08 0 0 11 8819
09 0 0 11 8819
0A 0 0 11 8819
0B 0 0 11 8819
0C 0 0 11 8819
0D 0 0 11 8819
0E 0 0 11 8819
0F 0 0 11 8819
10 0 0 11 8819
11 0 0 11 8819
12 0 0 11 8819
13 0 0 11 8819
14 0 0 11 8819
15 0 0 11 8819
16 0 0 11 8819
17 0 0 11 8819
18 0 0 11 8819
19 0 0 11 8819
1A 0 0 11 8819
1B 0 0 11 8819
1C 0 0 11 8819
1D 0 0 11 8819
1E 0 0 11 8819
1F 0 0 11 8819
20 0 0 11 8819
21 0 0 11 8819
22 0 0 11 8819
23 0 0 11 8819
24 0 0 11 8819
25 0 0 11 8819
26 0 0 11 8819
27 0 0 11 8819
28 0 0 11 8819
29 0 0 11 8819
2A 0 0 11 8819
2B 0 0 11 8819
2C 0 0 11 8819
2D 0 0 11 8819
2E 0 0 11 8819
2F 0 0 11 8819
30 0 0 11 8819
31 0 0 11 8819
32 0 0 11 8819
33 0 0 11 8819
34 0 0 11 8819
35 0 0 11 8819
36 0 0 11 8819
37 0 0 11 8819
38 0 0 11 8819
39 0 0 11 8819
3A 0 0 11 8819
3B 0 0 11 8819
3C 0 0 11 8819
3D 0 0 11 8819
3E 0 0 11 8819
3F 0 0 11 8819
40 0 0 11 8819
41 0 0 11 8819
42 0 0 11 8819
43 0 0 11 8819
44 0 0 11 8819
45 0 0 11 8819
46 0 0 11 8819
47 0 0 11 8819
48 0 0 11 8819
49 0 0 11 8819
4A 0 0 11 8819
4B 0 0 11 8819
4C 0 0 11 8819
4D 0 0 11 8819
4E 0 0 11 8819
4F 0 0 11 8819
50 0 0 11 8819
51 0 0 11 8819
52 0 0 11 8819
53 0 0 11 8819
54 0 0 11 8819
55 0 0 11 8819
56 0 0 11 8819
57 0 0 11 8819
58 0 0 11 8819
59 0 0 11 8819
5A 0 0 11 8819
5B 0 0 11 8819
5C 0 0 11 8819
5D 0 0 11 8819
5E 0 0 11 8819
5F 0 0 11 8819
60 0 0 11 8819
61 0 0 11 8819
62 0 0 11 8819
63 0 0 11 8819
64 0 0 11 8819
65 0 0 11 8819
66 0 0 11 8819
67 0 0 11 8819
68 0 0 11 8819
69 0 0 11 8819
6A 0 0 11 8819
6B 0 0 11 8819
6C 0 0 11 8819
6D 0 0 11 8819
6E 0 0 11 8819
6F 0 0 11 8819
70 0 0 11 8819
71 0 0 11 8819
72 0 0 11 8819
73 0 0 11 8819
74 0 0 11 8819
75 0 0 11 8819
76 0 0 11 8819
77 0 0 11 8819
78 0 0 11 8819
79 0 0 11 8819
7A 0 0 11 8819
7B 0 0 11 8819
7C 0 0 11 8819
7D 0 0 11 8819
7E 0 0 11 8819
7F 0 0 11 8819
80 0 0 11 8819
81 0 0 11 8819
82 0 0 11 8819
83 0 0 11 8819
84 0 0 11 8819
85 0 0 11 8819
86 0 0 11 8819
87 0 0 11 8819
88 0 0 11 8819
89 0 0 11 8819
8A 0 0 11 8819
8B 0 0 11 8819
8C 0 0 11 8819
8D 0 0 11 8819
8E 0 0 11 8819
8F 0 0 11 8819
90 0 0 11 8819
91 0 0 11 8819
92 0 0 11 8819
93 0 0 11 8819
94 0 0 11 8819
95 0 0 11 8819
96 0 0 11 8819
97 0 0 11 8819
98 0 0 11 8819
99 0 0 11 8819
9A 0 0 11 8819
9B 0 0 11 8819
9C 0 0 11 8819
9D 0 0 11 8819
9E 0 0 11 8819
9F 0 0 11 8819
A0 0 0 11 8819
A1 0 0 11 8819
A2 0 0 11 8819
A3 0 0 11 8819
A4 0 0 11 8819
A5 0 0 11 8819
A6 0 0 11 8819
A7 0 0 11 8819
A8 0 0 11 8819
A9 0 0 11 8819
AA 0 0 11 8819
AB 0 0 11 8819
AC 0 0 11 8819
AD 0 0 11 8819
AE 0 0 11 8819
AF 0 0 11 8819
B0 0 0 11 8819
B1 0 0 11 8819
B2 0 0 11 8819
B3 0 0 11 8819
B4 0 0 11 8819
B5 0 0 11 8819
B6 0 0 11 8819
B7 0 0 11 8819
B8 0 0 11 8819
B9 0 0 11 8819
BA 0 0 11 8819
BB 0 0 11 8819
BC 0 0 11 8819
BD 0 0 11 8819
BE 0 0 11 8819
BF 0 0 11 8819
C0 0 0 11 8819
C1 0 0 11 8819
C2 0 0 11 8819
C3 0 0 11 8819
C4 0 0 11 8819
C5 0 0 11 8819
C6 0 0 11 8819
C7 0 0 11 8819
C8 0 0 11 8819
C9 0 0 11 8819
CA 0 0 11 8819
CB 0 0 11 8819
CC 0 0 11 8819
CD 0 0 11 8819
CE 0 0 11 8819
CF 0 0 11 8819
D0 0 0 11 8819
D1 0 0 11 8819
D2 0 0 11 8819
D3 0 0 11 8819
D4 0 0 11 8819
D5 0 0 11 8819
D6 0 0 11 8819
D7 0 0 11 8819
D8 0 0 11 8819
D9 0 0 11 8819
DA 0 0 11 8819
DB 0 0 11 8819
DC 0 0 11 8819
DD 0 0 11 8819
DE 0 0 11 8819
DF 0 0 11 8819
E0 0 0 11 8819
E1 0 0 11 8819
E2 0 0 11 8819
E3 0 0 11 8819
E4 0 0 11 8819
E5 0 0 11 8819
E6 0 0 11 8819
E7 0 0 11 8819
E8 0 0 11 8819
E9 0 0 11 8819
EA 0 0 11 8819
EB 0 0 11 8819
EC 0 0 11 8819
ED 0 0 11 8819
EE 0 0 11 8819
EF 0 0 11 8819
F0 0 0 11 8819
F1 0 0 11 8819
F2 0 0 11 8819
F3 0 0 11 8819
F4 0 0 11 8819
F5 0 0 11 8819
F6 0 0 11 8819
F7 0 0 11 8819
F8 0 0 11 8819
F9 0 0 11 8819
FA 0 0 11 8819
00 0 0 11 8819
01 0 0 11 8819
02 0 0 11 8819
03 1 1 11 8819
00 0 0 12 10356
0A 0 0 12 10356
35 0 0 12 10356
01 0 0 12 10356
02 0 0 12 10356
03 0 0 12 10356
DE 0 0 12 10356
AD 0 0 12 10356
BE 0 0 12 10356
EF 0 0 12 10356
00 0 0 12 10356
01 0 0 12 10356
08 0 0 12 10356
00 0 0 12 10356
0C 0 0 12 10356
0D 0 0 12 10356
0E 0 0 12 10356
0F 0 0 12 10356
10 0 0 12 10356
11 0 0 12 10356
12 0 0 12 10356
13 0 0 12 10356
14 0 0 12 10356
15 0 0 12 10356
16 0 0 12 10356
17 0 0 12 10356
18 0 0 12 10356
19 0 0 12 10356
1A 0 0 12 10356
1B 0 0 12 10356
1C 0 0 12 10356
1D 0 0 12 10356
1E 0 0 12 10356
1F 0 0 12 10356
20 0 0 12 10356
21 0 0 12 10356
22 0 0 12 10356
23 0 0 12 10356
24 0 0 12 10356
25 0 0 12 10356
26 0 0 12 10356
27 0 0 12 10356
28 0 0 12 10356
29 0 0 12 10356
2A 0 0 12 10356
2B 0 0 12 10356
2C 0 0 12 10356
2D 0 0 12 10356
2E 0 0 12 10356
2F 0 0 12 10356
30 0 0 12 10356
31 0 0 12 10356
32 0 0 12 10356
33 0 0 12 10356
34 0 0 12 10356
35 0 0 12 10356
36 0 0 12 10356
37 0 0 12 10356
38 0 0 12 10356
39 0 0 12 10356
3A 0 0 12 10356
3B 0 0 12 10356
3C 0 0 12 10356
3D 0 0 12 10356
3E 0 0 12 10356
3F 0 0 12 10356
40 0 0 12 10356
41 0 0 12 10356
42 0 0 12 10356
43 0 0 12 10356
44 0 0 12 10356
45 0 0 12 10356
46 0 0 12 10356
47 0 0 12 10356
48 0 0 12 10356
49 0 0 12 10356
4A 0 0 12 10356
4B 0 0 12 10356
4C 0 0 12 10356
4D 0 0 12 10356
4E 0 0 12 10356
4F 0 0 12 10356
50 0 0 12 10356
51 0 0 12 10356
52 0 0 12 10356
53 0 0 12 10356
54 0 0 12 10356
55 0 0 12 10356
56 0 0 12 10356
57 0 0 12 10356
58 0 0 12 10356
59 0 0 12 10356
5A 0 0 12 10356
5B 0 0 12 10356
5C 0 0 12 10356
5D 0 0 12 10356
5E 0 0 12 10356
5F 0 0 12 10356
60 0 0 12 10356
61 0 0 12 10356
62 0 0 12 10356
63 0 0 12 10356
64 0 0 12 10356
65 0 0 12 10356
66 0 0 12 10356
67 0 0 12 10356
68 0 0 12 10356
69 0 0 12 10356
6A 0 0 12 10356
6B 0 0 12 10356
6C 0 0 12 10356
6D 0 0 12 10356
6E 0 0 12 10356
6F 0 0 12 10356
70 0 0 12 10356
71 0 0 12 10356
72 0 0 12 10356
73 0 0 12 10356
74 0 0 12 10356
75 0 0 12 10356
76 0 0 12 10356
77 0 0 12 10356
78 0 0 12 10356
79 0 0 12 10356
7A 0 0 12 10356
7B 0 0 12 10356
7C 0 0 12 10356
7D 0 0 12 10356
7E 0 0 12 10356
7F 0 0 12 10356
80 0 0 12 10356
81 0 0 12 10356
82 0 0 12 10356
83 0 0 12 10356
84 0 0 12 10356
85 0 0 12 10356
86 0 0 12 10356
87 0 0 12 10356
88 0 0 12 10356
89 0 0 12 10356
8A 0 0 12 10356
8B 0 0 12 10356
8C 0 0 12 10356
8D 0 0 12 10356
8E 0 0 12 10356
8F 0 0 12 10356
90 0 0 12 10356
91 0 0 12 10356
92 0 0 12 10356
93 0 0 12 10356
94 0 0 12 10356
95 0 0 12 10356
96 0 0 12 10356
97 0 0 12 10356
98 0 0 12 10356
99 0 0 12 10356
9A 0 0 12 10356
9B 0 0 12 10356
9C 0 0 12 10356
9D 0 0 12 10356
9E 0 0 12 10356
9F 0 0 12 10356
A0 0 0 12 10356
A1 0 0 12 10356
A2 0 0 12 10356
A3 0 0 12 10356
A4 0 0 12 10356
A5 0 0 12 10356
A6 0 0 12 10356
A7 0 0 12 10356
A8 0 0 12 10356
A9 0 0 12 10356
AA 0 0 12 10356
AB 0 0 12 10356
AC 0 0 12 10356
AD 0 0 12 10356
AE 0 0 12 10356
AF 0 0 12 10356
B0 0 0 12 10356
B1 0 0 12 10356
B2 0 0 12 10356
B3 0 0 12 10356
B4 0 0 12 10356
B5 0 0 12 10356
B6 0 0 12 10356
B7 0 0 12 10356
B8 0 0 12 10356
B9 0 0 12 10356
BA 0 0 12 10356
BB 0 0 12 10356
BC 0 0 12 10356
BD 0 0 12 10356
BE 0 0 12 10356
BF 0 0 12 10356
C0 0 0 12 10356
C1 0 0 12 10356
C2 0 0 12 10356
C3 0 0 12 10356
C4 0 0 12 10356
C5 0 0 12 10356
C6 0 0 12 10356
C7 0 0 12 10356
C8 0 0 12 10356
C9 0 0 12 10356
CA 0 0 12 10356
CB 0 0 12 10356
CC 0 0 12 10356
CD 0 0 12 10356
CE 0 0 12 10356
CF 0 0 12 10356
D0 0 0 12 10356
D1 0 0 12 10356
D2 0 0 12 10356
D3 0 0 12 10356
D4 0 0 12 10356
D5 0 0 12 10356
D6 0 0 12 10356
D7 0 0 12 10356
D8 0 0 12 10356
D9 0 0 12 10356
DA 0 0 12 10356
DB 0 0 12 10356
DC 0 0 12 10356
DD 0 0 12 10356
DE 0 0 12 10356
DF 0 0 12 10356
E0 0 0 12 10356
E1 0 0 12 10356
E2 0 0 12 10356
E3 0 0 12 10356
E4 0 0 12 10356
E5 0 0 12 10356
E6 0 0 12 10356
E7 0 0 12 10356
E8 0 0 12 10356
E9 0 0 12 10356
EA 0 0 12 10356
EB 0 0 12 10356
EC 0 0 12 10356
ED 0 0 12 10356
EE 0 0 12 10356
EF 0 0 12 10356
F0 0 0 12 10356
F1 0 0 12 10356
F2 0 0 12 10356
F3 0 0 12 10356
F4 0 0 12 10356
F5 0 0 12 10356
F6 0 0 12 10356
F7 0 0 12 10356
F8 0 0 12 10356
F9 0 0 12 10356
FA 0 0 12 10356
00 0 0 12 10356
01 0 0 12 10356
02 0 0 12 10356
03 0 0 12 10356
04 0 0 12 10356
05 0 0 12 10356
06 0 0 12 10356
07 0 0 12 10356
08 0 0 12 10356
09 0 0 12 10356
0A 0 0 12 10356
0B 0 0 12 10356
0C 0 0 12 10356
0D 0 0 12 10356
0E 0 0 12 10356
0F 0 0 12 10356
10 0 0 12 10356
11 0 0 12 10356
12 0 0 12 10356
13 0 0 12 10356
14 0 0 12 10356
15 0 0 12 10356
16 0 0 12 10356
17 0 0 12 10356
18 0 0 12 10356
19 0 0 12 10356
1A 0 0 12 10356
1B 0 0 12 10356
1C 0 0 12 10356
1D 0 0 12 10356
1E 0 0 12 10356
1F 0 0 12 10356
20 0 0 12 10356
21 0 0 12 10356
22 0 0 12 10356
23 0 0 12 10356
24 0 0 12 10356
25 0 0 12 10356
26 0 0 12 10356
27 0 0 12 10356
28 0 0 12 10356
29 0 0 12 10356
2A 0 0 12 10356
2B 0 0 12 10356
2C 0 0 12 10356
2D 0 0 12 10356
2E 0 0 12 10356
2F 0 0 12 10356
30 0 0 12 10356
31 0 0 12 10356
32 0 0 12 10356
33 0 0 12 10356
34 0 0 12 10356
35 0 0 12 10356
36 0 0 12 10356
37 0 0 12 10356
38 0 0 12 10356
39 0 0 12 10356
3A 0 0 12 10356
3B 0 0 12 10356
3C 0 0 12 10356
3D 0 0 12 10356
3E 0 0 12 10356
3F 0 0 12 10356
40 0 0 12 10356
41 0 0 12 10356
42 0 0 12 10356
43 0 0 12 10356
44 0 0 12 10356
45 0 0 12 10356
46 0 0 12 10356
47 0 0 12 10356
48 0 0 12 10356
49 0 0 12 10356
4A 0 0 12 10356
4B 0 0 12 10356
4C 0 0 12 10356
4D 0 0 12 10356
4E 0 0 12 10356
4F 0 0 12 10356
50 0 0 12 10356
51 0 0 12 10356
52 0 0 12 10356
53 0 0 12 10356
54 0 0 12 10356
55 0 0 12 10356
56 0 0 12 10356
57 0 0 12 10356
58 0 0 12 10356
59 0 0 12 10356
5A 0 0 12 10356
5B 0 0 12 10356
5C 0 0 12 10356
5D 0 0 12 10356
5E 0 0 12 10356
5F 0 0 12 10356
60 0 0 12 10356
61 0 0 12 10356
62 0 0 12 10356
63 0 0 12 10356
64 0 0 12 10356
65 0 0 12 10356
66 0 0 12 10356
67 0 0 12 10356
68 0 0 12 10356
69 0 0 12 10356
6A 0 0 12 10356
6B 0 0 12 10356
6C 0 0 12 10356
6D 0 0 12 10356
6E 0 0 12 10356
6F 0 0 12 10356
70 0 0 12 10356
71 0 0 12 10356
72 0 0 12 10356
73 0 0 12 10356
74 0 0 12 10356
75 0 0 12 10356
76 0 0 12 10356
77 0 0 12 10356
78 0 0 12 10356
79 0 0 12 10356
7A 0 0 12 10356
7B 0 0 12 10356
7C 0 0 12 10356
7D 0 0 12 10356
7E 0 0 12 10356
7F 0 0 12 10356
80 0 0 12 10356
81 0 0 12 10356
82 0 0 12 10356
83 0 0 12 10356
84 0 0 12 10356
85 0 0 12 10356
86 0 0 12 10356
87 0 0 12 10356
88 0 0 12 10356
89 0 0 12 10356
8A 0 0 12 10356
8B 0 0 12 10356
8C 0 0 12 10356
8D 0 0 12 10356
8E 0 0 12 10356
8F 0 0 12 10356
90 0 0 12 10356
91 0 0 12 10356
92 0 0 12 10356
93 0 0 12 10356
94 0 0 12 10356
95 0 0 12 10356
96 0 0 12 10356
97 0 0 12 10356
98 0 0 12 10356
99 0 0 12 10356
9A 0 0 12 10356
9B 0 0 12 10356
9C 0 0 12 10356
9D 0 0 12 10356
9E 0 0 12 10356
9F 0 0 12 10356
A0 0 0 12 10356
A1 0 0 12 10356
A2 0 0 12 10356
A3 0 0 12 10356
A4 0 0 12 10356
A5 0 0 12 10356
A6 0 0 12 10356
A7 0 0 12 10356
A8 0 0 12 10356
A9 0 0 12 10356
AA 0 0 12 10356
AB 0 0 12 10356
AC 0 0 12 10356
AD 0 0 12 10356
AE 0 0 12 10356
AF 0 0 12 10356
B0 0 0 12 10356
B1 0 0 12 10356
B2 0 0 12 10356
B3 0 0 12 10356
B4 0 0 12 10356
B5 0 0 12 10356
B6 0 0 12 10356
B7 0 0 12 10356
B8 0 0 12 10356
B9 0 0 12 10356
BA 0 0 12 10356
BB 0 0 12 10356
BC 0 0 12 10356
BD 0 0 12 10356
BE 0 0 12 10356
BF 0 0 12 10356
C0 0 0 12 10356
C1 0 0 12 10356
C2 0 0 12 10356
C3 0 0 12 10356
C4 0 0 12 10356
C5 0 0 12 10356
C6 0 0 12 10356
C7 0 0 12 10356
C8 0 0 12 10356
C9 0 0 12 10356
CA 0 0 12 10356
CB 0 0 12 10356
CC 0 0 12 10356
CD 0 0 12 10356
CE 0 0 12 10356
CF 0 0 12 10356
D0 0 0 12 10356
D1 0 0 12 10356
D2 0 0 12 10356
D3 0 0 12 10356
D4 0 0 12 10356
D5 0 0 12 10356
D6 0 0 12 10356
D7 0 0 12 10356
D8 0 0 12 10356
D9 0 0 12 10356
DA 0 0 12 10356
DB 0 0 12 10356
DC 0 0 12 10356
DD 0 0 12 10356
DE 0 0 12 10356
DF 0 0 12 10356
E0 0 0 12 10356
E1 0 0 12 10356
E2 0 0 12 10356
E3 0 0 12 10356
E4 0 0 12 10356
E5 0 0 12 10356
E6 0 0 12 10356
E7 0 0 12 10356
E8 0 0 12 10356
E9 0 0 12 10356
EA 0 0 12 10356
EB 0 0 12 10356
EC 0 0 12 10356
ED 0 0 12 10356
EE 0 0 12 10356
EF 0 0 12 10356
F0 0 0 12 10356
F1 0 0 12 10356
F2 0 0 12 10356
F3 0 0 12 10356
F4 0 0 12 10356
F5 0 0 12 10356
F6 0 0 12 10356
F7 0 0 12 10356
F8 0 0 12 10356
F9 0 0 12 10356
FA 0 0 12 10356
00 0 0 12 10356
01 0 0 12 10356
02 0 0 12 10356
03 0 0 12 10356
04 0 0 12 10356
05 0 0 12 10356
06 0 0 12 10356
07 0 0 12 10356
08 0 0 12 10356
09 0 0 12 10356
0A 0 0 12 10356
0B 0 0 12 10356
0C 0 0 12 10356
0D 0 0 12 10356
0E 0 0 12 10356
0F 0 0 12 10356
10 0 0 12 10356
11 0 0 12 10356
12 0 0 12 10356
13 0 0 12 10356
14 0 0 12 10356
15 0 0 12 10356
16 0 0 12 10356
17 0 0 12 10356
18 0 0 12 10356
19 0 0 12 10356
1A 0 0 12 10356
1B 0 0 12 10356
1C 0 0 12 10356
1D 0 0 12 10356
1E 0 0 12 10356
1F 0 0 12 10356
20 0 0 12 10356
21 0 0 12 10356
22 0 0 12 10356
23 0 0 12 10356
24 0 0 12 10356
25 0 0 12 10356
26 0 0 12 10356
27 0 0 12 10356
28 0 0 12 10356
29 0 0 12 10356
2A 0 0 12 10356
2B 0 0 12 10356
2C 0 0 12 10356
2D 0 0 12 10356
2E 0 0 12 10356
2F 0 0 12 10356
30 0 0 12 10356
31 0 0 12 10356
32 0 0 12 10356
33 0 0 12 10356
34 0 0 12 10356
35 0 0 12 10356
36 0 0 12 10356
37 0 0 12 10356
38 0 0 12 10356
39 0 0 12 10356
3A 0 0 12 10356
3B 0 0 12 10356
3C 0 0 12 10356
3D 0 0 12 10356
3E 0 0 12 10356
3F 0 0 12 10356
40 0 0 12 10356
41 0 0 12 10356
42 0 0 12 10356
43 0 0 12 10356
44 0 0 12 10356
45 0 0 12 10356
46 0 0 12 10356
47 0 0 12 10356
48 0 0 12 10356
49 0 0 12 10356
4A 0 0 12 10356
4B 0 0 12 10356
4C 0 0 12 10356
4D 0 0 12 10356
4E 0 0 12 10356
4F 0 0 12 10356
50 0 0 12 10356
51 0 0 12 10356
52 0 0 12 10356
53 0 0 12 10356
54 0 0 12 10356
55 0 0 12 10356
56 0 0 12 10356
57 0 0 12 10356
58 0 0 12 10356
59 0 0 12 10356
5A 0 0 12 10356
5B 0 0 12 10356
5C 0 0 12 10356
5D 0 0 12 10356
5E 0 0 12 10356
5F 0 0 12 10356
60 0 0 12 10356
61 0 0 12 10356
62 0 0 12 10356
63 0 0 12 10356
64 0 0 12 10356
65 0 0 12 10356
66 0 0 12 10356
67 0 0 12 10356
68 0 0 12 10356
69 0 0 12 10356
6A 0 0 12 10356
6B 0 0 12 10356
6C 0 0 12 10356
6D 0 0 12 10356
6E 0 0 12 10356
6F 0 0 12 10356
70 0 0 12 10356
71 0 0 12 10356
72 0 0 12 10356
73 0 0 12 10356
74 0 0 12 10356
75 0 0 12 10356
76 0 0 12 10356
77 0 0 12 10356
78 0 0 12 10356
79 0 0 12 10356
7A 0 0 12 10356
7B 0 0 12 10356
7C 0 0 12 10356
7D 0 0 12 10356
7E 0 0 12 10356
7F 0 0 12 10356
80 0 0 12 10356
81 0 0 12 10356
82 0 0 12 10356
83 0 0 12 10356
84 0 0 12 10356
85 0 0 12 10356
86 0 0 12 10356
87 0 0 12 10356
88 0 0 12 10356
89 0 0 12 10356
8A 0 0 12 10356
8B 0 0 12 10356
8C 0 0 12 10356
8D 0 0 12 10356
8E 0 0 12 10356
8F 0 0 12 10356
90 0 0 12 10356
91 0 0 12 10356
92 0 0 12 10356
93 0 0 12 10356
94 0 0 12 10356
95 0 0 12 10356
96 0 0 12 10356
97 0 0 12 10356
98 0 0 12 10356
99 0 0 12 10356
9A 0 0 12 10356
9B 0 0 12 10356
9C 0 0 12 10356
9D 0 0 12 10356
9E 0 0 12 10356
9F 0 0 12 10356
A0 0 0 12 10356
A1 0 0 12 10356
A2 0 0 12 10356
A3 0 0 12 10356
A4 0 0 12 10356
A5 0 0 12 10356
A6 0 0 12 10356
A7 0 0 12 10356
A8 0 0 12 10356
A9 0 0 12 10356
AA 0 0 12 10356
AB 0 0 12 10356
AC 0 0 12 10356
AD 0 0 12 10356
AE 0 0 12 10356
AF 0 0 12 10356
B0 0 0 12 10356
B1 0 0 12 10356
B2 0 0 12 10356
B3 0 0 12 10356
B4 0 0 12 10356
B5 0 0 12 10356
B6 0 0 12 10356
B7 0 0 12 10356
B8 0 0 12 10356
B9 0 0 12 10356
BA 0 0 12 10356
BB 0 0 12 10356
BC 0 0 12 10356
BD 0 0 12 10356
BE 0 0 12 10356
BF 0 0 12 10356
C0 0 0 12 10356
C1 0 0 12 10356
C2 0 0 12 10356
C3 0 0 12 10356
C4 0 0 12 10356
C5 0 0 12 10356
C6 0 0 12 10356
C7 0 0 12 10356
C8 0 0 12 10356
C9 0 0 12 10356
CA 0 0 12 10356
CB 0 0 12 10356
CC 0 0 12 10356
CD 0 0 12 10356
CE 0 0 12 10356
CF 0 0 12 10356
D0 0 0 12 10356
D1 0 0 12 10356
D2 0 0 12 10356
D3 0 0 12 10356
D4 0 0 12 10356
D5 0 0 12 10356
D6 0 0 12 10356
D7 0 0 12 10356
D8 0 0 12 10356
D9 0 0 12 10356
DA 0 0 12 10356
DB 0 0 12 10356
DC 0 0 12 10356
DD 0 0 12 10356
DE 0 0 12 10356
DF 0 0 12 10356
E0 0 0 12 10356
E1 0 0 12 10356
E2 0 0 12 10356
E3 0 0 12 10356
E4 0 0 12 10356
E5 0 0 12 10356
E6 0 0 12 10356
E7 0 0 12 10356
E8 0 0 12 10356
E9 0 0 12 10356
EA 0 0 12 10356
EB 0 0 12 10356
EC 0 0 12 10356
ED 0 0 12 10356
EE 0 0 12 10356
EF 0 0 12 10356
F0 0 0 12 10356
F1 0 0 12 10356
F2 0 0 12 10356
F3 0 0 12 10356
F4 0 0 12 10356
F5 0 0 12 10356
F6 0 0 12 10356
F7 0 0 12 10356
F8 0 0 12 10356
F9 0 0 12 10356
FA 0 0 12 10356
00 0 0 12 10356
01 0 0 12 10356
02 0 0 12 10356
03 0 0 12 10356
04 0 0 12 10356
05 0 0 12 10356
06 0 0 12 10356
07 0 0 12 10356
08 0 0 12 10356
09 0 0 12 10356
0A 0 0 12 10356
0B 0 0 12 10356
0C 0 0 12 10356
0D 0 0 12 10356
0E 0 0 12 10356
0F 0 0 12 10356
10 0 0 12 10356
11 0 0 12 10356
12 0 0 12 10356
13 0 0 12 10356
14 0 0 12 10356
15 0 0 12 10356
16 0 0 12 10356
17 0 0 12 10356
18 0 0 12 10356
19 0 0 12 10356
1A 0 0 12 10356
1B 0 0 12 10356
1C 0 0 12 10356
1D 0 0 12 10356
1E 0 0 12 10356
1F 0 0 12 10356
20 0 0 12 10356
21 0 0 12 10356
22 0 0 12 10356
23 0 0 12 10356
24 0 0 12 10356
25 0 0 12 10356
26 0 0 12 10356
27 0 0 12 10356
28 0 0 12 10356
29 0 0 12 10356
2A 0 0 12 10356
2B 0 0 12 10356
2C 0 0 12 10356
2D 0 0 12 10356
2E 0 0 12 10356
2F 0 0 12 10356
30 0 0 12 10356
31 0 0 12 10356
32 0 0 12 10356
33 0 0 12 10356
34 0 0 12 10356
35 0 0 12 10356
36 0 0 12 10356
37 0 0 12 10356
38 0 0 12 10356
39 0 0 12 10356
3A 0 0 12 10356
3B 0 0 12 10356
3C 0 0 12 10356
3D 0 0 12 10356
3E 0 0 12 10356
3F 0 0 12 10356
40 0 0 12 10356
41 0 0 12 10356
42 0 0 12 10356
43 0 0 12 10356
44 0 0 12 10356
45 0 0 12 10356
46 0 0 12 10356
47 0 0 12 10356
48 0 0 12 10356
49 0 0 12 10356
4A 0 0 12 10356
4B 0 0 12 10356
4C 0 0 12 10356
4D 0 0 12 10356
4E 0 0 12 10356
4F 0 0 12 10356
50 0 0 12 10356
51 0 0 12 10356
52 0 0 12 10356
53 0 0 12 10356
54 0 0 12 10356
55 0 0 12 10356
56 0 0 12 10356
57 0 0 12 10356
58 0 0 12 10356
59 0 0 12 10356
5A 0 0 12 10356
5B 0 0 12 10356
5C 0 0 12 10356
5D 0 0 12 10356
5E 0 0 12 10356
5F 0 0 12 10356
60 0 0 12 10356
61 0 0 12 10356
62 0 0 12 10356
63 0 0 12 10356
64 0 0 12 10356
65 0 0 12 10356
66 0 0 12 10356
67 0 0 12 10356
68 0 0 12 10356
69 0 0 12 10356
6A 0 0 12 10356
6B 0 0 12 10356
6C 0 0 12 10356
6D 0 0 12 10356
6E 0 0 12 10356
6F 0 0 12 10356
70 0 0 12 10356
71 0 0 12 10356
72 0 0 12 10356
73 0 0 12 10356
74 0 0 12 10356
75 0 0 12 10356
76 0 0 12 10356
77 0 0 12 10356
78 0 0 12 10356
79 0 0 12 10356
7A 0 0 12 10356
7B 0 0 12 10356
7C 0 0 12 10356
7D 0 0 12 10356
7E 0 0 12 10356
7F 0 0 12 10356
80 0 0 12 10356
81 0 0 12 10356
82 0 0 12 10356
83 0 0 12 10356
84 0 0 12 10356
85 0 0 12 10356
86 0 0 12 10356
87 0 0 12 10356
88 0 0 12 10356
89 0 0 12 10356
8A 0 0 12 10356
8B 0 0 12 10356
8C 0 0 12 10356
8D 0 0 12 10356
8E 0 0 12 10356
8F 0 0 12 10356
90 0 0 12 10356
91 0 0 12 10356
92 0 0 12 10356
93 0 0 12 10356
94 0 0 12 10356
95 0 0 12 10356
96 0 0 12 10356
97 0 0 12 10356
98 0 0 12 10356
99 0 0 12 10356
9A 0 0 12 10356
9B 0 0 12 10356
9C 0 0 12 10356
9D 0 0 12 10356
9E 0 0 12 10356
9F 0 0 12 10356
A0 0 0 12 10356
A1 0 0 12 10356
A2 0 0 12 10356
A3 0 0 12 10356
A4 0 0 12 10356
A5 0 0 12 10356
A6 0 0 12 10356
A7 0 0 12 10356
A8 0 0 12 10356
A9 0 0 12 10356
AA 0 0 12 10356
AB 0 0 12 10356
AC 0 0 12 10356
AD 0 0 12 10356
AE 0 0 12 10356
AF 0 0 12 10356
B0 0 0 12 10356
B1 0 0 12 10356
B2 0 0 12 10356
B3 0 0 12 10356
B4 0 0 12 10356
B5 0 0 12 10356
B6 0 0 12 10356
B7 0 0 12 10356
B8 0 0 12 10356
B9 0 0 12 10356
BA 0 0 12 10356
BB 0 0 12 10356
BC 0 0 12 10356
BD 0 0 12 10356
BE 0 0 12 10356
BF 0 0 12 10356
C0 0 0 12 10356
C1 0 0 12 10356
C2 0 0 12 10356
C3 0 0 12 10356
C4 0 0 12 10356
C5 0 0 12 10356
C6 0 0 12 10356
C7 0 0 12 10356
C8 0 0 12 10356
C9 0 0 12 10356
CA 0 0 12 10356
CB 0 0 12 10356
CC 0 0 12 10356
CD 0 0 12 10356
CE 0 0 12 10356
CF 0 0 12 10356
D0 0 0 12 10356
D1 0 0 12 10356
D2 0 0 12 10356
D3 0 0 12 10356
D4 0 0 12 10356
D5 0 0 12 10356
D6 0 0 12 10356
D7 0 0 12 10356
D8 0 0 12 10356
D9 0 0 12 10356
DA 0 0 12 10356
DB 0 0 12 10356
DC 0 0 12 10356
DD 0 0 12 10356
DE 0 0 12 10356
DF 0 0 12 10356
E0 0 0 12 10356
E1 0 0 12 10356
E2 0 0 12 10356
E3 0 0 12 10356
E4 0 0 12 10356
E5 0 0 12 10356
E6 0 0 12 10356
E7 0 0 12 10356
E8 0 0 12 10356
E9 0 0 12 10356
EA 0 0 12 10356
EB 0 0 12 10356
EC 0 0 12 10356
ED 0 0 12 10356
EE 0 0 12 10356
EF 0 0 12 10356
F0 0 0 12 10356
F1 0 0 12 10356
F2 0 0 12 10356
F3 0 0 12 10356
F4 0 0 12 10356
F5 0 0 12 10356
F6 0 0 12 10356
F7 0 0 12 10356
F8 0 0 12 10356
F9 0 0 12 10356
FA 0 0 12 10356
00 0 0 12 10356
01 0 0 12 10356
02 0 0 12 10356
03 0 0 12 10356
04 0 0 12 10356
05 0 0 12 10356
06 0 0 12 10356
07 0 0 12 10356
08 0 0 12 10356
09 0 0 12 10356
0A 0 0 12 10356
0B 0 0 12 10356
0C 0 0 12 10356
0D 0 0 12 10356
0E 0 0 12 10356
0F 0 0 12 10356
10 0 0 12 10356
11 0 0 12 10356
12 0 0 12 10356
13 0 0 12 10356
14 0 0 12 10356
15 0 0 12 10356
16 0 0 12 10356
17 0 0 12 10356
18 0 0 12 10356
19 0 0 12 10356
1A 0 0 12 10356
1B 0 0 12 10356
1C 0 0 12 10356
1D 0 0 12 10356
1E 0 0 12 10356
1F 0 0 12 10356
20 0 0 12 10356
21 0 0 12 10356
22 0 0 12 10356
23 0 0 12 10356
24 0 0 12 10356
25 0 0 12 10356
26 0 0 12 10356
27 0 0 12 10356
28 0 0 12 10356
29 0 0 12 10356
2A 0 0 12 10356
2B 0 0 12 10356
2C 0 0 12 10356
2D 0 0 12 10356
2E 0 0 12 10356
2F 0 0 12 10356
30 0 0 12 10356
31 0 0 12 10356
32 0 0 12 10356
33 0 0 12 10356
34 0 0 12 10356
35 0 0 12 10356
36 0 0 12 10356
37 0 0 12 10356
38 0 0 12 10356
39 0 0 12 10356
3A 0 0 12 10356
3B 0 0 12 10356
3C 0 0 12 10356
3D 0 0 12 10356
3E 0 0 12 10356
3F 0 0 12 10356
40 0 0 12 10356
41 0 0 12 10356
42 0 0 12 10356
43 0 0 12 10356
44 0 0 12 10356
45 0 0 12 10356
46 0 0 12 10356
47 0 0 12 10356
48 0 0 12 10356
49 0 0 12 10356
4A 0 0 12 10356
4B 0 0 12 10356
4C 0 0 12 10356
4D 0 0 12 10356
4E 0 0 12 10356
4F 0 0 12 10356
50 0 0 12 10356
51 0 0 12 10356
52 0 0 12 10356
53 0 0 12 10356
54 0 0 12 10356
55 0 0 12 10356
56 0 0 12 10356
57 0 0 12 10356
58 0 0 12 10356
59 0 0 12 10356
5A 0 0 12 10356
5B 0 0 12 10356
5C 0 0 12 10356
5D 0 0 12 10356
5E 0 0 12 10356
5F 0 0 12 10356
60 0 0 12 10356
61 0 0 12 10356
62 0 0 12 10356
63 0 0 12 10356
64 0 0 12 10356
65 0 0 12 10356
66 0 0 12 10356
67 0 0 12 10356
68 0 0 12 10356
69 0 0 12 10356
6A 0 0 12 10356
6B 0 0 12 10356
6C 0 0 12 10356
6D 0 0 12 10356
6E 0 0 12 10356
6F 0 0 12 10356
70 0 0 12 10356
71 0 0 12 10356
72 0 0 12 10356
73 0 0 12 10356
74 0 0 12 10356
75 0 0 12 10356
76 0 0 12 10356
77 0 0 12 10356
78 0 0 12 10356
79 0 0 12 10356
7A 0 0 12 10356
7B 0 0 12 10356
7C 0 0 12 10356
7D 0 0 12 10356
7E 0 0 12 10356
7F 0 0 12 10356
80 0 0 12 10356
81 0 0 12 10356
82 0 0 12 10356
83 0 0 12 10356
84 0 0 12 10356
85 0 0 12 10356
86 0 0 12 10356
87 0 0 12 10356
88 0 0 12 10356
89 0 0 12 10356
8A 0 0 12 10356
8B 0 0 12 10356
8C 0 0 12 10356
8D 0 0 12 10356
8E 0 0 12 10356
8F 0 0 12 10356
90 0 0 12 10356
91 0 0 12 10356
92 0 0 12 10356
93 0 0 12 10356
94 0 0 12 10356
95 0 0 12 10356
96 0 0 12 10356
97 0 0 12 10356
98 0 0 12 10356
99 0 0 12 10356
9A 0 0 12 10356
9B 0 0 12 10356
9C 0 0 12 10356
9D 0 0 12 10356
9E 0 0 12 10356
9F 0 0 12 10356
A0 0 0 12 10356
A1 0 0 12 10356
A2 0 0 12 10356
A3 0 0 12 10356
A4 0 0 12 10356
A5 0 0 12 10356
A6 0 0 12 10356
A7 0 0 12 10356
A8 0 0 12 10356
A9 0 0 12 10356
AA 0 0 12 10356
AB 0 0 12 10356
AC 0 0 12 10356
AD 0 0 12 10356
AE 0 0 12 10356
AF 0 0 12 10356
B0 0 0 12 10356
B1 0 0 12 10356
B2 0 0 12 10356
B3 0 0 12 10356
B4 0 0 12 10356
B5 0 0 12 10356
B6 0 0 12 10356
B7 0 0 12 10356
B8 0 0 12 10356
B9 0 0 12 10356
BA 0 0 12 10356
BB 0 0 12 10356
BC 0 0 12 10356
BD 0 0 12 10356
BE 0 0 12 10356
BF 0 0 12 10356
C0 0 0 12 10356
C1 0 0 12 10356
C2 0 0 12 10356
C3 0 0 12 10356
C4 0 0 12 10356
C5 0 0 12 10356
C6 0 0 12 10356
C7 0 0 12 10356
C8 0 0 12 10356
C9 0 0 12 10356
CA 0 0 12 10356
CB 0 0 12 10356
CC 0 0 12 10356
CD 0 0 12 10356
CE 0 0 12 10356
CF 0 0 12 10356
D0 0 0 12 10356
D1 0 0 12 10356
D2 0 0 12 10356
D3 0 0 12 10356
D4 0 0 12 10356
D5 0 0 12 10356
D6 0 0 12 10356
D7 0 0 12 10356
D8 0 0 12 10356
D9 0 0 12 10356
DA 0 0 12 10356
DB 0 0 12 10356
DC 0 0 12 10356
DD 0 0 12 10356
DE 0 0 12 10356
DF 0 0 12 10356
E0 0 0 12 10356
E1 0 0 12 10356
E2 0 0 12 10356
E3 0 0 12 10356
E4 0 0 12 10356
E5 0 0 12 10356
E6 0 0 12 10356
E7 0 0 12 10356
E8 0 0 12 10356
E9 0 0 12 10356
EA 0 0 12 10356
EB 0 0 12 10356
EC 0 0 12 10356
ED 0 0 12 10356
EE 0 0 12 10356
EF 0 0 12 10356
F0 0 0 12 10356
F1 0 0 12 10356
F2 0 0 12 10356
F3 0 0 12 10356
F4 0 0 12 10356
F5 0 0 12 10356
F6 0 0 12 10356
F7 0 0 12 10356
F8 0 0 12 10356
F9 0 0 12 10356
FA 0 0 12 10356
00 0 0 12 10356
01 0 0 12 10356
02 0 0 12 10356
03 0 0 12 10356
04 0 0 12 10356
05 0 0 12 10356
06 0 0 12 10356
07 0 0 12 10356
08 0 0 12 10356
09 0 0 12 10356
0A 0 0 12 10356
0B 0 0 12 10356
0C 0 0 12 10356
0D 0 0 12 10356
0E 0 0 12 10356
0F 0 0 12 10356
10 0 0 12 10356
11 0 0 12 10356
12 0 0 12 10356
13 0 0 12 10356
14 0 0 12 10356
15 0 0 12 10356
16 0 0 12 10356
17 0 0 12 10356
18 0 0 12 10356
19 0 0 12 10356
1A 0 0 12 10356
1B 0 0 12 10356
1C 0 0 12 10356
1D 0 0 12 10356
1E 0 0 12 10356
1F 0 0 12 10356
20 0 0 12 10356
21 0 0 12 10356
22 0 0 12 10356
23 0 0 12 10356
24 0 0 12 10356
25 0 0 12 10356
26 0 0 12 10356
27 0 0 12 10356
28 0 0 12 10356
29 0 0 12 10356
2A 0 0 12 10356
2B 0 0 12 10356
2C 0 0 12 10356
2D 0 0 12 10356
2E 0 0 12 10356
2F 0 0 12 10356
30 0 0 12 10356
31 0 0 12 10356
32 0 0 12 10356
33 0 0 12 10356
34 0 0 12 10356
35 0 0 12 10356
36 0 0 12 10356
37 0 0 12 10356
38 0 0 12 10356
39 0 0 12 10356
3A 0 0 12 10356
3B 0 0 12 10356
3C 0 0 12 10356
3D 0 0 12 10356
3E 0 0 12 10356
3F 0 0 12 10356
40 0 0 12 10356
41 0 0 12 10356
42 0 0 12 10356
43 0 0 12 10356
44 0 0 12 10356
45 0 0 12 10356
46 0 0 12 10356
47 0 0 12 10356
48 0 0 12 10356
49 0 0 12 10356
4A 0 0 12 10356
4B 0 0 12 10356
4C 0 0 12 10356
4D 0 0 12 10356
4E 0 0 12 10356
4F 0 0 12 10356
50 0 0 12 10356
51 0 0 12 10356
52 0 0 12 10356
53 0 0 12 10356
54 0 0 12 10356
55 0 0 12 10356
56 0 0 12 10356
57 0 0 12 10356
58 0 0 12 10356
59 0 0 12 10356
5A 0 0 12 10356
5B 0 0 12 10356
5C 0 0 12 10356
5D 0 0 12 10356
5E 0 0 12 10356
5F 0 0 12 10356
60 0 0 12 10356
61 0 0 12 10356
62 0 0 12 10356
63 0 0 12 10356
64 0 0 12 10356
65 0 0 12 10356
66 0 0 12 10356
67 0 0 12 10356
68 0 0 12 10356
69 0 0 12 10356
6A 0 0 12 10356
6B 0 0 12 10356
6C 0 0 12 10356
6D 0 0 12 10356
6E 0 0 12 10356
6F 0 0 12 10356
70 0 0 12 10356
71 0 0 12 10356
72 0 0 12 10356
73 0 0 12 10356
74 0 0 12 10356
75 0 0 12 10356
76 0 0 12 10356
77 0 0 12 10356
78 0 0 12 10356
79 0 0 12 10356
7A 0 0 12 10356
7B 0 0 12 10356
7C 0 0 12 10356
7D 0 0 12 10356
7E 0 0 12 10356
7F 0 0 12 10356
80 0 0 12 10356
81 0 0 12 10356
82 0 0 12 10356
83 0 0 12 10356
84 0 0 12 10356
85 0 0 12 10356
86 0 0 12 10356
87 0 0 12 10356
88 0 0 12 10356
89 0 0 12 10356
8A 0 0 12 10356
8B 0 0 12 10356
8C 0 0 12 10356
8D 0 0 12 10356
8E 0 0 12 10356
8F 0 0 12 10356
90 0 0 12 10356
91 0 0 12 10356
92 0 0 12 10356
93 0 0 12 10356
94 0 0 12 10356
95 0 0 12 10356
96 0 0 12 10356
97 0 0 12 10356
98 0 0 12 10356
99 0 0 12 10356
9A 0 0 12 10356
9B 0 0 12 10356
9C 0 0 12 10356
9D 0 0 12 10356
9E 0 0 12 10356
9F 0 0 12 10356
A0 0 0 12 10356
A1 0 0 12 10356
A2 0 0 12 10356
A3 0 0 12 10356
A4 0 0 12 10356
A5 0 0 12 10356
A6 0 0 12 10356
A7 0 0 12 10356
A8 0 0 12 10356
A9 0 0 12 10356
AA 0 0 12 10356
AB 0 0 12 10356
AC 0 0 12 10356
AD 0 0 12 10356
AE 0 0 12 10356
AF 0 0 12 10356
B0 0 0 12 10356
B1 0 0 12 10356
B2 0 0 12 10356
B3 0 0 12 10356
B4 0 0 12 10356
B5 0 0 12 10356
B6 0 0 12 10356
B7 0 0 12 10356
B8 0 0 12 10356
B9 0 0 12 10356
BA 0 0 12 10356
BB 0 0 12 10356
BC 0 0 12 10356
BD 0 0 12 10356
BE 0 0 12 10356
BF 0 0 12 10356
C0 0 0 12 10356
C1 0 0 12 10356
C2 0 0 12 10356
C3 0 0 12 10356
C4 0 0 12 10356
C5 0 0 12 10356
C6 0 0 12 10356
C7 0 0 12 10356
C8 0 0 12 10356
C9 0 0 12 10356
CA 0 0 12 10356
CB 0 0 12 10356
CC 0 0 12 10356
CD 0 0 12 10356
CE 0 0 12 10356
CF 0 0 12 10356
D0 0 0 12 10356
D1 0 0 12 10356
D2 0 0 12 10356
D3 0 0 12 10356
D4 0 0 12 10356
D5 0 0 12 10356
D6 0 0 12 10356
D7 0 0 12 10356
D8 0 0 12 10356
D9 0 0 12 10356
DA 0 0 12 10356
DB 0 0 12 10356
DC 0 0 12 10356
DD 0 0 12 10356
DE 0 0 12 10356
DF 0 0 12 10356
E0 0 0 12 10356
E1 0 0 12 10356
E2 0 0 12 10356
E3 0 0 12 10356
E4 0 0 12 10356
E5 0 0 12 10356
E6 0 0 12 10356
E7 0 0 12 10356
E8 0 0 12 10356
E9 0 0 12 10356
EA 0 0 12 10356
EB 0 0 12 10356
EC 0 0 12 10356
ED 0 0 12 10356
EE 0 0 12 10356
EF 0 0 12 10356
F0 0 0 12 10356
F1 0 0 12 10356
F2 0 0 12 10356
F3 0 0 12 10356
F4 0 0 12 10356
F5 0 0 12 10356
F6 0 0 12 10356
F7 0 0 12 10356
F8 0 0 12 10356
F9 0 0 12 10356
FA 0 0 12 10356
00 0 0 12 10356
01 0 0 12 10356
02 0 0 12 10356
03 0 0 12 10356
04 0 0 12 10356
05 0 0 12 10356
C9 0 0 12 10356
A5 0 0 12 10356
0D 0 0 12 10356
4D 0 0 12 10356
00 0 0 12 10356
01 0 0 12 10356
02 0 0 12 10356
03 0 0 12 10356
04 0 0 12 10356
05 0 0 12 10356
06 0 0 12 10356
07 0 0 12 10356
08 0 0 12 10356
09 0 0 12 10356
0A 0 0 12 10356
0B 0 0 12 10356
0C 0 0 12 10356
0D 0 0 12 10356
0E 0 0 12 10356
0F 0 0 12 10356
10 0 0 12 10356
11 0 0 12 10356
12 0 0 12 10356
13 0 0 12 10356
14 0 0 12 10356
15 0 0 12 10356
16 0 0 12 10356
17 0 0 12 10356
18 0 0 12 10356
19 0 0 12 10356
1A 0 0 12 10356
1B 0 0 12 10356
1C 0 0 12 10356
1D 0 0 12 10356
1E 0 0 12 10356
1F 0 0 12 10356
20 0 0 12 10356
21 0 0 12 10356
22 0 0 12 10356
23 0 0 12 10356
24 0 0 12 10356
25 0 0 12 10356
26 0 0 12 10356
27 0 0 12 10356
28 0 0 12 10356
29 1 0 12 10356
